customer_id,split,label,baseline_prob,gnn_prob
C_00003,val,0,0.006850605859543835,0.0027341607
C_00009,val,0,0.01753353052470096,0.001665265
C_00033,val,0,0.44539189312655797,5.99545e-05
C_00041,val,0,0.0027308353952618524,1.2376992e-09
C_00047,val,0,0.020151178536267002,7.711418e-05
C_00050,val,0,0.025604244121899957,5.178956e-07
C_00064,val,0,0.004095614071346495,2.0949997e-07
C_00078,val,0,0.0002504711004451903,1.9792262e-13
C_00087,val,0,0.10814098101452453,0.101532765
C_00088,val,0,0.006801595687604158,0.04294038
C_00099,val,0,0.07830227772890783,1.2356413e-05
C_00103,val,0,0.004539572719351029,1.2225532e-05
C_00107,val,0,0.004539572719351029,4.1781164e-05
C_00113,val,0,0.03481592078541732,0.0011908567
C_00128,val,0,0.005843519463314208,0.046365887
C_00156,val,0,0.0010389116552883353,0.007523943
C_00160,val,0,0.027252174910848966,9.553206e-06
C_00161,val,0,0.012612574117706787,2.4749345e-06
C_00164,val,0,0.3034595244935437,0.0001522052
C_00172,val,0,0.004860492721545511,0.05337963
C_00174,val,0,0.003798424579853514,2.2354894e-12
C_00176,val,0,0.003798424579853514,2.2734446e-16
C_00187,val,0,0.005843519463314208,9.452864e-06
C_00193,val,0,0.19680220534966852,0.0025143032
C_00194,val,0,0.004539572719351029,0.00018373935
C_00201,val,0,0.00657776672161071,0.10816532
C_00202,val,0,0.15880758290239416,0.27668208
C_00218,val,0,0.2642261824343577,1.2814017e-09
C_00219,val,0,0.030522250788722075,0.01631778
C_00221,val,0,0.003798424579853514,0.00010147054
C_00239,val,0,0.0001851275605247668,0.003640645
C_00257,val,0,0.015091840088697885,1.9165145e-09
C_00264,val,0,0.0037750696165450848,0.00019476225
C_00275,val,0,0.005843519463314208,9.745247e-06
C_00284,val,0,0.0026902193070828576,1.4425722e-06
C_00307,val,0,0.0773039437555475,0.20497969
C_00320,val,0,0.01284986667578693,2.2149441e-05
C_00328,val,0,0.07819958924980165,0.3063856
C_00331,val,0,0.003798424579853514,9.4412095e-20
C_00346,val,0,0.004539572719351029,4.027914e-05
C_00353,val,0,0.11305506142120858,0.080634095
C_00364,val,0,0.04564809927470194,7.2354163e-09
C_00373,val,0,0.1384515812472109,0.08850206
C_00383,val,0,0.2320040263581568,0.2657692
C_00386,val,0,0.004631719873938708,3.1915956e-06
C_00387,val,0,0.0019362475497222528,1.842868e-10
C_00389,val,0,0.015307874965093407,5.830917e-05
C_00392,val,0,0.021349151629091873,0.07039781
C_00402,val,0,0.004095614071346495,0.0014872199
C_00403,val,0,0.004095614071346495,3.3638536e-11
C_00410,val,0,0.16633624822627396,0.01036896
C_00420,val,0,0.0052181259810482996,1.5017257e-10
C_00424,val,0,0.0041723710837549425,1.4009588e-05
C_00425,val,0,0.022081226310733785,0.10264956
C_00428,val,0,0.020894494009686907,3.631391e-05
C_00436,val,0,0.12385424818554343,3.1504461e-09
C_00458,val,0,0.004031426454623072,2.3913267e-09
C_00459,val,0,0.3257797161535476,1.1706582e-11
C_00461,val,0,0.0017893512799653272,8.963891e-06
C_00468,val,0,0.12808425523346756,3.93016e-09
C_00471,val,0,0.0026902193070828576,2.148475e-09
C_00480,val,0,0.0704911643704341,0.33139843
C_00492,val,0,0.0018541579763261295,1.921702e-08
C_00503,val,0,0.20694647943836508,4.7972758e-08
C_00506,val,0,0.004095614071346495,9.517221e-12
C_00516,val,0,0.05030507420543689,0.0031640413
C_00527,val,0,0.028491191860335142,3.8624653e-10
C_00577,val,0,0.02110695513398903,0.048080795
C_00581,val,0,0.005870539489300685,0.056811105
C_00589,val,0,0.004900535324509221,4.561041e-05
C_00591,val,0,0.12268164504301503,0.0012348132
C_00594,val,0,0.05401627979980442,0.0002438075
C_00597,val,0,0.09663115571990044,0.016948177
C_00604,val,0,0.004095614071346495,3.0323341e-12
C_00606,val,0,0.0389360807222269,0.1511612
C_00608,val,0,0.10573588210946709,5.8875794e-06
C_00613,val,0,0.0032247307715591498,0.0010903951
C_00615,val,0,0.04127790451993242,0.000820867
C_00625,val,0,0.003893364942548749,3.3195786e-09
C_00630,val,0,0.005843519463314208,9.843415e-06
C_00643,val,0,0.13781718577425295,5.9835947e-13
C_00649,val,0,0.04664588417832688,0.005152713
C_00656,val,0,0.004095614071346495,8.096447e-05
C_00668,val,0,0.036286943791314134,0.03561056
C_00673,val,0,0.005456591659880597,1.1247436e-05
C_00675,val,0,0.015838652791523057,1.6138072e-05
C_00694,val,0,0.09992214122747131,0.12479595
C_00699,val,0,0.043340418680073094,0.34017482
C_00724,val,0,0.004095614071346495,0.00015968732
C_00730,val,0,0.16954129389894437,2.479138e-12
C_00731,val,0,0.03245337221360813,2.4354794e-09
C_00736,val,0,0.003642702501556624,3.114692e-17
C_00737,val,0,0.1565095213654446,1.3153171e-06
C_00742,val,0,0.004539572719351029,2.9787822e-30
C_00744,val,0,0.004539572719351029,3.1453083e-23
C_00746,val,0,0.22294703452781064,7.666174e-11
C_00749,val,0,0.1712620282892836,0.00014893302
C_00757,val,0,0.058223956241678615,0.054631025
C_00764,val,0,0.08454467494541876,0.03238364
C_00770,val,0,0.0037988489330566784,1.0875851e-11
C_00771,val,0,0.004539572719351029,3.7882882e-20
C_00773,val,0,0.2632403362489613,0.76486737
C_00779,val,0,0.005272713602179786,1.0308037e-05
C_00782,val,0,0.003618100083030435,0.00071358413
C_00783,val,0,0.09397621722888706,0.05904839
C_00785,val,0,0.027490185998442846,0.0033682466
C_00789,val,0,0.04848042060792152,0.00061083096
C_00796,val,0,0.002323954505000423,1.4018765e-06
C_00800,val,0,0.04947307580559082,0.07777918
C_00810,val,0,0.005272713602179786,9.964594e-06
C_00819,val,0,0.18718788922747076,0.0002147253
C_00829,val,0,0.007511534937971154,9.777158e-06
C_00831,val,0,0.002782086172886383,0.00012036121
C_00834,val,0,0.004095614071346495,2.213108e-14
C_00843,val,0,0.004419587687161547,1.2226139e-05
C_00848,val,0,0.01750018300742314,0.00023506948
C_00853,val,0,0.004095614071346495,9.028956e-09
C_00855,val,0,0.04410601215319506,0.0020372442
C_00857,val,0,0.04681240565519067,8.863566e-06
C_00858,val,0,0.228365956759418,3.8825627e-05
C_00859,val,0,0.1575534882252859,0.7237832
C_00866,val,0,0.4327719890995819,0.0004150619
C_00868,val,0,0.0033198194238489797,9.306796e-08
C_00869,val,0,0.004184427701149658,7.5078574e-06
C_00879,val,0,0.055452826508797334,3.3497987e-08
C_00880,val,0,0.0318615200481008,9.651361e-12
C_00889,val,0,0.8185439533571757,0.84900606
C_00891,val,0,0.06092273665219019,3.241961e-06
C_00897,val,0,0.03751633372454287,0.0004007463
C_00904,val,0,0.003374162957841897,9.955757e-05
C_00910,val,0,0.006963773970671066,6.9775238e-06
C_00916,val,0,0.005843519463314208,9.800404e-06
C_00929,val,0,0.005272713602179786,1.0022321e-05
C_00937,val,0,0.004266181809157552,1.9913717e-15
C_00941,val,0,0.1434981241038677,1.1042587e-06
C_00946,val,0,0.005272713602179786,1.0478434e-05
C_00953,val,0,0.04168529662656235,1.6778807e-13
C_00954,val,0,0.010021469962413631,5.528181e-06
C_00977,val,0,0.04264493358616938,0.007582539
C_00979,val,0,0.11776310560798606,0.3105208
C_01003,val,0,0.01871083976748632,1.30334086e-11
C_01011,val,0,0.004539572719351029,3.1530212e-07
C_01036,val,0,0.13783015846503027,0.18745315
C_01037,val,0,0.0033228017437224627,1.2840966e-11
C_01040,val,0,0.004095614071346495,7.00513e-05
C_01046,val,0,0.003798424579853514,9.39517e-16
C_01047,val,0,0.0029965511548117815,0.017623236
C_01064,val,0,0.1463146681085372,0.0013170594
C_01080,val,0,0.2604706914435606,0.0002641054
C_01085,val,0,0.04274841083912052,6.509304e-10
C_01093,val,0,0.023214333067353616,0.055227246
C_01095,val,0,0.0023453942854949946,3.5684864e-06
C_01098,val,0,0.004095614071346495,3.235623e-14
C_01107,val,0,0.05576724018463287,9.9237375e-05
C_01110,val,0,0.004539572719351029,2.4660053e-06
C_01113,val,0,0.041108422786615466,5.026135e-05
C_01115,val,0,0.013261105969540787,3.404546e-05
C_01117,val,0,0.0035010579809114485,0.0049155555
C_01134,val,0,0.03193970447405264,0.0017325395
C_01146,val,0,0.08819781099518874,3.260725e-07
C_01156,val,0,0.05910162057706151,0.08928379
C_01158,val,0,0.05895428501835083,0.062737904
C_01164,val,0,0.06116308246654924,0.009115764
C_01165,val,0,0.13081756716899173,1.9174495e-10
C_01166,val,0,0.005272713602179786,0.06830165
C_01172,val,0,0.016355875591382938,1.15024584e-07
C_01182,val,0,0.026814843241207996,0.039734725
C_01185,val,0,0.005456591659880597,1.0887108e-05
C_01197,val,0,0.18081925598824394,1.3701769e-18
C_01203,val,0,0.04468498923196385,0.23774804
C_01206,val,0,0.004539572719351029,1.2592254e-20
C_01211,val,0,0.005396453892209075,0.0016785971
C_01217,val,0,0.1449220349520524,2.329097e-10
C_01221,val,0,0.005272713602179786,9.970259e-06
C_01228,val,0,0.4409420099445874,1.7149718e-05
C_01231,val,0,0.018884985532837975,0.003696929
C_01233,val,0,0.0033228017437224627,2.788585e-10
C_01234,val,0,0.004539572719351029,3.6992917e-12
C_01236,val,0,0.017187413805277427,2.1566943e-07
C_01237,val,0,0.004539572719351029,1.2634785e-05
C_01238,val,0,0.2680905884330629,1.2624093e-20
C_01241,val,0,0.03723961043454474,0.002677255
C_01251,val,0,0.005843519463314208,9.876157e-06
C_01253,val,0,0.13369926603395815,2.6730373e-07
C_01256,val,0,0.009847783305431122,0.009550013
C_01260,val,0,0.004095614071346495,4.5834373e-08
C_01269,val,0,0.03652479727550902,1.5583199e-05
C_01278,val,0,0.033730736108280125,0.0013370686
C_01283,val,0,0.01869369567424417,8.847941e-07
C_01308,val,0,0.12266232691153303,2.8359017e-12
C_01315,val,0,0.23434633185152454,0.2823127
C_01319,val,0,0.01871083976748632,1.1703295e-06
C_01320,val,0,0.005843519463314208,9.649688e-06
C_01333,val,0,0.004539572719351029,1.0042421e-05
C_01343,val,0,0.017646177320900604,2.1103754e-06
C_01351,val,0,0.005843519463314208,9.693268e-06
C_01356,val,0,0.004539572719351029,1.8817854e-08
C_01384,val,0,0.01497514687138442,0.0011971486
C_01385,val,0,0.04556397889914291,6.7276837e-15
C_01387,val,0,0.14306986481311376,0.002708329
C_01399,val,0,0.010542169460123315,0.0018650743
C_01428,val,0,0.4407205537944262,0.047415063
C_01433,val,0,0.006315619841491228,0.0003326626
C_01439,val,0,0.005973878221916141,9.641877e-06
C_01448,val,0,0.019115542885106612,2.7120877e-06
C_01455,val,0,0.0071668282719543055,0.021008475
C_01464,val,0,0.004539572719351029,4.0460027e-06
C_01466,val,0,0.04852866310737621,0.00014820149
C_01472,val,0,0.003798424579853514,2.4009564e-06
C_01475,val,0,0.01986131623911646,0.13229121
C_01476,val,0,0.0020989739315162704,0.005196275
C_01483,val,0,0.005843519463314208,9.700703e-06
C_01488,val,0,0.17401343093857605,0.14051889
C_01490,val,0,0.003426179815530679,3.510311e-08
C_01496,val,0,0.05634198040355357,0.11908074
C_01498,val,0,0.0014975255176423925,0.24511497
C_01507,val,0,0.019072238433640264,0.089358285
C_01535,val,0,0.005843519463314208,9.820396e-06
C_01536,val,0,0.004095614071346495,6.537474e-05
C_01541,val,0,0.004539572719351029,6.7270915e-23
C_01544,val,0,0.08933978911857264,0.27314723
C_01575,val,0,0.06825801449039189,8.597896e-08
C_01580,val,0,0.0545602235929651,1.958846e-06
C_01585,val,0,0.005843519463314208,9.5759915e-06
C_01593,val,0,0.010818964183897835,1.4119239e-08
C_01599,val,0,0.03980098100630842,0.10563616
C_01604,val,0,0.005843519463314208,9.481285e-06
C_01614,val,0,0.12780834258548268,2.9055025e-05
C_01626,val,0,0.08880862310739114,0.0005023861
C_01627,val,0,0.004539572719351029,5.5322857e-09
C_01632,val,0,0.005843519463314208,9.577937e-06
C_01643,val,0,0.016056713036807085,5.9088645e-10
C_01644,val,0,0.0037750696165450848,0.0065752817
C_01651,val,0,0.5363349184626731,0.01988515
C_01652,val,0,0.019810304577701634,2.9391477e-18
C_01657,val,0,0.005272713602179786,1.0037758e-05
C_01666,val,0,0.004031426454623072,0.0013669513
C_01670,val,0,0.08109057775274707,0.4208384
C_01692,val,0,0.0031131178809530482,0.00032527823
C_01697,val,0,0.005456591659880597,1.0911732e-05
C_01701,val,0,0.29806729197164233,2.6584622e-17
C_01702,val,0,0.04556397889914291,0.0033786956
C_01705,val,0,0.16519961971101554,0.05036371
C_01710,val,0,0.020151178536267002,7.613371e-06
C_01724,val,0,0.07244754754539101,0.14031175
C_01727,val,0,0.030710069833369286,2.5524818e-07
C_01731,val,0,0.005272713602179786,1.055962e-05
C_01739,val,0,0.0019786782609835457,3.155937e-05
C_01753,val,0,0.11607549316783311,0.820168
C_01762,val,0,0.13564560908613169,2.9527791e-05
C_01764,val,0,0.005843519463314208,0.04863223
C_01766,val,0,0.11913620051880548,0.2263969
C_01770,val,0,0.5539252916039086,7.704862e-14
C_01774,val,0,0.004095614071346495,3.6581662e-09
C_01785,val,0,0.28594150582689126,2.4080255e-05
C_01801,val,0,0.0048260593423049515,0.007990821
C_01803,val,0,0.0033057887273528195,0.0001411792
C_01804,val,0,0.05472712608825594,0.0017679916
C_01806,val,0,0.004539572719351029,7.176423e-10
C_01809,val,0,0.022635635310143527,6.9301774e-17
C_01818,val,0,0.0033228017437224627,7.3879053e-10
C_01820,val,0,0.21751397293482974,9.587834e-05
C_01826,val,0,0.005843519463314208,9.519973e-06
C_01828,val,0,0.004539572719351029,6.628498e-06
C_01833,val,0,0.19949142107598697,3.855389e-07
C_01841,val,0,0.01653848260863845,0.00414458
C_01844,val,0,0.04110872718366754,0.010760309
C_01845,val,0,0.022566746938026246,0.001034342
C_01852,val,0,0.06961183256995172,4.721578e-15
C_01855,val,0,0.005843519463314208,9.83694e-06
C_01857,val,0,0.015983783882284015,0.0004403388
C_01860,val,0,0.042732585890590036,0.033536937
C_01872,val,0,0.004539572719351029,1.0083635e-20
C_01876,val,0,0.0027308353952618524,9.2189635e-05
C_01880,val,0,0.04662553987907506,1.6296611e-09
C_01881,val,0,0.16189183691558157,0.00022589204
C_01921,val,0,0.033058663840120905,0.00013220122
C_01924,val,0,0.11982370343933485,0.44325826
C_01935,val,0,0.005272713602179786,1.0561403e-05
C_01946,val,0,0.04703822132058529,4.294032e-05
C_01947,val,0,0.08722913612625738,0.016874285
C_01950,val,0,0.01678531267578262,3.155006e-08
C_01957,val,0,0.01750018300742314,2.855553e-10
C_01965,val,0,0.30281101466906934,0.0005431062
C_01972,val,0,0.15993962624429467,5.4157306e-07
C_01981,val,0,0.005272713602179786,1.0196868e-05
C_01993,val,0,0.004095614071346495,5.903562e-20
C_01995,val,0,0.004095614071346495,2.5240395e-06
C_01998,val,0,0.0044684584764136765,4.625382e-06
C_01999,val,0,0.004095614071346495,2.2808847e-05
C_02000,val,0,0.004539572719351029,1.5471032e-11
C_02002,val,0,0.005843519463314208,9.665049e-06
C_02006,val,0,0.0027241035379545835,5.038623e-10
C_02008,val,0,0.04681240565519067,6.572106e-17
C_02023,val,0,0.07306730141326782,0.00020391791
C_02027,val,0,0.012612574117706787,4.989714e-06
C_02030,val,0,0.004539572719351029,9.123828e-05
C_02032,val,0,0.005272713602179786,9.929458e-06
C_02042,val,0,0.10698098120640996,4.682577e-10
C_02047,val,0,0.033478228498980835,1.1686515e-05
C_02051,val,0,0.0020568631054018725,0.015393234
C_02054,val,0,0.02181763063387719,0.0044021793
C_02059,val,0,0.003798424579853514,0.00024422884
C_02065,val,0,0.07869209254720823,0.0051868823
C_02070,val,0,0.0034713371756829228,0.00047348702
C_02072,val,0,0.005793390494530839,5.7953446e-07
C_02075,val,0,0.052392390186014305,1.2394982e-07
C_02077,val,0,0.04746440383696663,0.0375942
C_02086,val,0,0.004095614071346495,0.00065280433
C_02087,val,0,0.15354098523389084,0.094915494
C_02096,val,0,0.046885017163860745,5.8142774e-07
C_02104,val,0,0.005456591659880597,1.1351142e-05
C_02120,val,0,0.0031747674155223624,1.8502696e-08
C_02123,val,0,0.059690815271306395,0.23121147
C_02125,val,0,0.03553234462271004,1.4427818e-08
C_02128,val,0,0.016095133262205134,0.2319572
C_02130,val,0,0.05017772985156789,3.804077e-05
C_02136,val,0,0.022081226310733785,0.10192797
C_02139,val,0,0.0031747674155223624,6.3445824e-18
C_02145,val,0,0.13259185290426234,0.097662084
C_02148,val,0,0.08685396563183652,2.8937256e-17
C_02160,val,0,0.005456591659880597,1.07474e-05
C_02162,val,0,0.8792189239518969,3.0569038e-06
C_02169,val,0,0.004539572719351029,3.8613917e-09
C_02175,val,0,0.013579020772639776,2.373051e-10
C_02192,val,0,0.006168956691102949,1.06602365e-05
C_02198,val,0,0.09215642664553933,0.01831578
C_02205,val,0,0.0031747674155223624,5.884009e-06
C_02206,val,0,0.04707832091818575,1.562058e-06
C_02211,val,0,0.12146582318782918,0.00988424
C_02215,val,0,0.004095614071346495,4.4065922e-07
C_02219,val,0,0.005272713602179786,9.943114e-06
C_02226,val,0,0.0357808971168636,1.5975978e-13
C_02229,val,0,0.004708120411904852,1.062368e-09
C_02236,val,0,0.00788073088689153,0.009241832
C_02238,val,0,0.004095614071346495,0.00058909535
C_02239,val,0,0.002450050056159309,1.104679e-06
C_02240,val,0,0.012486224711791163,0.00050853856
C_02247,val,0,0.007042010628773401,0.09595904
C_02255,val,0,0.005272713602179786,0.072106145
C_02256,val,0,0.005843519463314208,9.838413e-06
C_02267,val,0,0.06407329076283198,0.2659939
C_02272,val,0,0.07165991891411796,0.49915102
C_02290,val,0,0.004095614071346495,7.1245126e-06
C_02304,val,0,0.0580751796233688,5.446305e-10
C_02315,val,0,0.009079881042157317,8.482508e-06
C_02326,val,0,0.010947940367278046,4.759357e-14
C_02331,val,0,0.007143457444468414,0.050197583
C_02352,val,0,0.004477124682821846,0.010719698
C_02366,val,0,0.015307874965093407,8.260869e-07
C_02377,val,0,0.13512248895696113,0.005376879
C_02392,val,0,0.2106325925541176,0.00052843604
C_02396,val,0,0.24959065773530317,0.04397238
C_02398,val,0,0.004539572719351029,5.1504547e-09
C_02399,val,0,0.003798424579853514,8.3542125e-07
C_02400,val,0,0.03290593672293934,7.9935935e-06
C_02401,val,0,0.09291514736108954,0.7963906
C_02413,val,0,0.16804870644207176,6.113671e-07
C_02421,val,0,0.06318568355402897,0.037603814
C_02429,val,0,0.052027591700195434,0.05715758
C_02430,val,0,0.005843519463314208,9.44126e-06
C_02440,val,0,0.005973208204863647,0.02754166
C_02446,val,0,0.03932375952464627,3.3701704e-06
C_02448,val,0,0.004095614071346495,9.421778e-06
C_02450,val,0,0.01324940381237736,9.560953e-06
C_02463,val,0,0.0031747674155223624,1.7864746e-11
C_02465,val,0,0.03733010092257624,9.928087e-12
C_02467,val,0,0.047153851891562036,7.420493e-08
C_02470,val,0,0.003798424579853514,9.217723e-08
C_02474,val,0,0.1035998351576142,0.11486848
C_02484,val,0,0.12820183155827433,0.0013990744
C_02505,val,0,0.00776403466005643,8.026441e-06
C_02508,val,0,0.20144969343818334,0.006067777
C_02512,val,0,0.004095614071346495,4.831426e-08
C_02513,val,0,0.004539572719351029,4.7784066e-05
C_02528,val,0,0.004539572719351029,8.647664e-08
C_02533,val,0,0.0020753225331314696,0.0016042519
C_02540,val,0,0.004095614071346495,3.4736895e-05
C_02542,val,0,0.0020303430693581572,0.0011569716
C_02551,val,0,0.048383354032059685,3.2442347e-12
C_02561,val,0,0.06342176156695627,9.589169e-05
C_02564,val,0,0.1561647662001837,0.013863857
C_02567,val,0,0.03968420807588051,4.995862e-07
C_02574,val,0,0.01657064855034098,2.5600182e-14
C_02590,val,0,0.017239911736575565,0.0021359744
C_02591,val,0,0.004095614071346495,4.8422764e-15
C_02593,val,0,0.0006936392620985419,0.87983555
C_02594,val,0,0.006155477698712172,0.041892648
C_02595,val,0,0.04746440383696663,6.501027e-14
C_02599,val,0,0.0763497724078542,2.2661501e-05
C_02602,val,0,0.010355365511379524,0.041054502
C_02608,val,0,0.04606790436078764,0.0014813273
C_02613,val,0,0.03406294250080071,0.061561055
C_02614,val,0,0.06624274459446902,0.06293166
C_02615,val,0,0.004539572719351029,1.6439211e-10
C_02651,val,0,0.05440584688516618,0.32327116
C_02656,val,0,0.004539572719351029,6.4695507e-09
C_02665,val,0,0.005456591659880597,1.09516395e-05
C_02675,val,0,0.006687416522928712,0.06911437
C_02677,val,0,0.3439971657733608,0.71118015
C_02680,val,0,0.027490185998442846,0.00012885344
C_02684,val,0,0.062264487070922164,0.005293756
C_02688,val,0,0.0033228017437224627,6.2519476e-08
C_02693,val,0,0.004095614071346495,9.805742e-12
C_02695,val,0,0.007143457444468414,8.794656e-06
C_02700,val,0,0.002524207819272556,4.6327703e-12
C_02713,val,0,0.004539572719351029,4.232238e-05
C_02720,val,0,0.012720459016982521,5.7165043e-06
C_02736,val,0,0.2089509545561955,0.017905258
C_02741,val,0,0.00895778222082515,1.2202448e-05
C_02765,val,0,0.004539572719351029,4.5479787e-06
C_02768,val,0,0.00776403466005643,8.089431e-06
C_02771,val,0,0.005822341762801977,4.9530886e-06
C_02772,val,0,0.006466138958731032,0.00091230334
C_02773,val,0,0.025630204905507818,1.6064e-05
C_02775,val,0,0.025850921727488818,4.877875e-14
C_02799,val,0,0.4028752274501971,0.0012534269
C_02800,val,0,0.09693641498875244,1.0756174e-08
C_02801,val,0,0.08308523398784301,0.0020552767
C_02820,val,0,0.012112348397324208,4.4169383e-07
C_02842,val,0,0.7335057765681159,0.24985859
C_02843,val,0,0.23531573804376213,0.054625005
C_02845,val,0,0.015311962520052964,0.045700215
C_02849,val,0,0.005843519463314208,9.796918e-06
C_02850,val,0,0.004539572719351029,4.3209716e-06
C_02860,val,0,0.10401663268047583,0.09319645
C_02877,val,0,0.02549042077145506,0.087142
C_02878,val,0,0.0030404460374121875,1.0430121e-05
C_02879,val,0,0.005456591659880597,0.10851742
C_02885,val,0,0.03205798392759483,1.4932904e-11
C_02889,val,0,0.14138091744155865,0.0030190842
C_02890,val,0,0.004095614071346495,6.237341e-17
C_02893,val,0,0.022107702522012374,1.4952092e-10
C_02904,val,0,0.022937350836686358,0.00061119813
C_02922,val,0,0.04138799781961011,1.7985535e-07
C_02923,val,0,0.005272713602179786,9.900939e-06
C_02931,val,0,0.016935797951587797,0.8090219
C_02935,val,0,0.004095614071346495,3.8045725e-13
C_02953,val,0,0.0035010579809114485,2.7934648e-06
C_02956,val,0,0.2357708589367675,2.1254463e-09
C_02957,val,0,0.0044684584764136765,2.0534e-09
C_02964,val,0,0.012423376718775279,3.1283667e-05
C_02985,val,0,0.004095614071346495,7.464073e-06
C_02989,val,0,0.311074913191297,0.17773953
C_02996,val,0,0.004860492721545511,0.06979112
C_02998,val,0,0.051994173582092434,0.2957192
C_03023,val,0,0.027339671511482064,0.97892696
C_03031,val,0,0.004860492721545511,0.059889507
C_03034,val,0,0.004095614071346495,9.4699e-17
C_03047,val,0,0.03695595213420685,0.00062318484
C_03049,val,0,0.00599761068668295,0.03946832
C_03050,val,0,0.04762002734366303,0.035246577
C_03063,val,0,0.004539572719351029,6.576173e-08
C_03068,val,0,0.012038707834866304,8.503636e-14
C_03074,val,0,0.04055212981805655,0.07556555
C_03079,val,0,0.004539572719351029,3.412591e-05
C_03080,val,0,0.057654016810572715,1.6254578e-09
C_03081,val,0,0.005272713602179786,9.927318e-06
C_03088,val,0,0.004539572719351029,1.5377356e-08
C_03091,val,0,0.05050642110344564,2.593219e-07
C_03109,val,0,0.1988488395329082,0.018615816
C_03124,val,0,0.004539572719351029,5.1359576e-12
C_03127,val,0,0.0030755742787161454,5.233461e-12
C_03131,val,0,0.02674970348445244,7.578924e-08
C_03142,val,0,0.004095614071346495,0.00011849609
C_03145,val,0,0.10199916101023355,2.6050676e-11
C_03149,val,0,0.004539572719351029,1.0617116e-09
C_03153,val,0,0.018215788716695425,0.030914962
C_03154,val,0,0.05300736251417361,0.0722864
C_03156,val,0,0.24829155163773314,1.7742275e-06
C_03160,val,0,0.013157220294648624,6.500938e-11
C_03164,val,0,0.004918361126349882,4.4416823e-12
C_03167,val,0,0.0133871201324914,2.7387843e-09
C_03173,val,0,0.05126115187432047,5.712585e-07
C_03176,val,0,0.14048653082890053,1.369622e-12
C_03179,val,0,0.004095614071346495,1.8401974e-05
C_03183,val,0,0.16120170474853496,0.21447282
C_03198,val,0,0.017187413805277427,0.008674608
C_03208,val,0,0.002239865905920316,0.000106117855
C_03229,val,0,0.0017893512799653272,0.002027036
C_03237,val,0,0.018884985532837975,2.930835e-05
C_03240,val,0,0.003898567540718053,0.040960662
C_03260,val,0,0.004539572719351029,2.9756013e-06
C_03265,val,0,0.004095614071346495,5.0191615e-05
C_03266,val,0,0.14810658231199866,5.9235852e-08
C_03274,val,0,0.031081834746744353,0.018486127
C_03281,val,0,0.05124906069840822,0.031479705
C_03283,val,0,0.003798424579853514,1.3097604e-11
C_03286,val,0,0.05668589931347432,0.073590316
C_03294,val,0,0.015983783882284015,4.8285376e-05
C_03311,val,0,0.046534767195434354,1.8977958e-16
C_03316,val,0,0.06652506615834622,0.00013592081
C_03319,val,0,0.12731244862708763,9.35454e-06
C_03320,val,0,0.005973878221916141,9.378148e-06
C_03324,val,0,0.33654753121220154,0.2256068
C_03350,val,0,0.09420722380930328,7.5451656e-10
C_03352,val,0,0.14637976562524602,0.059266962
C_03367,val,0,0.134486901713938,0.15909441
C_03371,val,0,0.06831353281487872,0.08170575
C_03375,val,0,0.0033228017437224627,5.610837e-17
C_03381,val,0,0.12552068936570446,4.0571315e-08
C_03394,val,0,0.0027104052040254766,0.0025378838
C_03396,val,0,0.004031426454623072,4.835501e-07
C_03398,val,0,0.047749562323474784,4.191925e-05
C_03406,val,0,0.004095614071346495,1.2969055e-19
C_03412,val,0,0.029701688970942195,3.7992304e-08
C_03420,val,0,0.11459547454034896,2.2396257e-07
C_03425,val,0,0.011857741402653813,2.0416225e-08
C_03432,val,0,0.004539572719351029,5.2932205e-09
C_03438,val,0,0.002161057134020147,0.05933897
C_03442,val,0,0.01654248820511594,0.043117777
C_03445,val,0,0.004095614071346495,9.672823e-06
C_03451,val,0,0.004539572719351029,2.8942834e-13
C_03462,val,0,0.027390226466812648,8.801991e-06
C_03470,val,0,0.2387946884199327,4.331141e-06
C_03471,val,0,0.055153433553150256,0.91004634
C_03473,val,0,0.004095614071346495,5.176541e-10
C_03478,val,0,0.03851183251446341,4.888626e-13
C_03479,val,0,0.10594544304903322,7.8666754e-11
C_03489,val,0,0.2491173243469569,0.00024208346
C_03490,val,0,0.014944106726880964,0.0049890303
C_03499,val,0,0.02591972072512831,2.5200674e-08
C_03504,val,0,0.020151178536267002,7.762865e-06
C_03505,val,0,0.001833969821776119,7.6353933e-07
C_03509,val,0,0.14299852606799202,0.0011428595
C_03519,val,0,0.004539572719351029,6.2513013e-09
C_03529,val,0,0.1186871453036955,0.61534816
C_03533,val,0,0.01871083976748632,2.6364668e-09
C_03538,val,0,0.025170618183367435,1.7487108e-17
C_03542,val,0,0.020151178536267002,1.6111325e-06
C_03555,val,0,0.003798424579853514,1.7919801e-05
C_03559,val,0,0.033542036276028364,0.004144116
C_03569,val,0,0.023265826518059387,0.004626046
C_03594,val,0,0.007143457444468414,8.7358085e-06
C_03605,val,0,0.04738544457211607,3.2947308e-05
C_03617,val,0,0.07206957966319179,0.09331476
C_03618,val,0,0.22985270407743527,3.5044305e-08
C_03623,val,0,0.03235851364026313,0.0001119153
C_03624,val,0,0.004095614071346495,6.300631e-06
C_03635,val,0,0.005843519463314208,9.579974e-06
C_03638,val,0,0.004095614071346495,4.5345787e-06
C_03641,val,0,0.004095614071346495,7.1213267e-06
C_03645,val,0,0.004539572719351029,0.00017658343
C_03661,val,0,0.09790028959591406,0.1904045
C_03671,val,0,0.33603095363029906,0.00031412995
C_03678,val,0,0.012310169324749478,0.0003611837
C_03689,val,0,0.04681240565519067,0.0010315813
C_03692,val,0,0.004539572719351029,7.0867635e-08
C_03708,val,0,0.19282468336434938,0.00080199033
C_03709,val,0,0.051630651251284534,2.7400866e-12
C_03711,val,0,0.01753353052470096,0.00027387412
C_03715,val,0,0.03227820512902168,2.1789174e-06
C_03716,val,0,0.03596327706292162,0.033187035
C_03723,val,0,0.004095614071346495,3.3603603e-10
C_03730,val,0,0.003798424579853514,5.158465e-10
C_03737,val,0,0.004095614071346495,0.025979066
C_03741,val,0,0.012727527713487454,0.14166044
C_03744,val,0,0.12470299450534088,1.1975558e-07
C_03757,val,0,0.0664352869954692,5.6369256e-09
C_03763,val,0,0.006168956691102949,1.0629932e-05
C_03772,val,0,0.078812150388559,0.12395123
C_03796,val,0,0.06344231642018777,0.023445392
C_03799,val,0,0.009298298072735744,1.1071944e-06
C_03801,val,0,0.005683515800836156,1.4092884e-05
C_03807,val,0,0.005456591659880597,0.08644763
C_03827,val,0,0.004095614071346495,1.8036351e-05
C_03829,val,0,0.04500999185411615,2.2879092e-08
C_03843,val,0,0.004031426454623072,0.0004130603
C_03854,val,0,0.0027770186314993554,1.8092688e-10
C_03858,val,0,0.0659886034148647,0.08899822
C_03861,val,0,0.004539572719351029,0.0009965298
C_03862,val,0,0.01637539279286249,5.162486e-08
C_03885,val,0,0.012403555387673793,5.692301e-06
C_03888,val,0,0.003798424579853514,5.48033e-13
C_03896,val,0,0.11475695118596503,2.6437518e-05
C_03899,val,0,0.01871083976748632,6.293557e-09
C_03904,val,0,0.003798424579853514,3.503804e-06
C_03905,val,0,0.009417545896544983,1.0938575e-11
C_03907,val,0,0.005909112940525516,6.2309593e-12
C_03914,val,0,0.05668589931347432,0.05091897
C_03916,val,0,0.004539572719351029,1.5460142e-08
C_03924,val,0,0.005787736831295191,1.0050537e-05
C_03934,val,0,0.0018039726045822831,6.4441707e-07
C_03936,val,0,0.004095614071346495,1.7174678e-05
C_03963,val,0,0.005456591659880597,0.08576598
C_03965,val,0,0.004095614071346495,5.5736206e-07
C_03980,val,0,0.004095614071346495,2.802129e-09
C_03982,val,0,0.04175525687870107,0.03400398
C_03985,val,0,0.003798424579853514,0.0010363804
C_03986,val,0,0.04154834229249342,2.415614e-09
C_03994,val,0,0.026487775034384015,0.07769782
C_03999,val,0,0.022567880372213873,6.4343265e-14
C_04000,val,0,0.004095614071346495,7.0018615e-07
C_04003,val,0,0.004539572719351029,1.9671622e-11
C_04006,val,0,0.004095614071346495,6.2928607e-06
C_04007,val,0,0.014134382598977981,0.04972861
C_04011,val,0,0.1537061368096573,0.0024646525
C_04013,val,0,0.0078001060864787385,6.3947824e-05
C_04018,val,0,0.03695595213420685,4.9839515e-17
C_04025,val,0,0.004095614071346495,1.2355212e-05
C_04026,val,0,0.029198091560718474,0.038223684
C_04034,val,0,0.004095614071346495,4.828386e-08
C_04037,val,0,0.42595916773191966,0.693569
C_04038,val,0,0.04166910367925369,2.9342362e-10
C_04043,val,0,0.020842192120655436,1.8063196e-06
C_04049,val,0,0.20964135465088934,1.2878109e-05
C_04054,val,0,0.0037856810590937216,0.029675465
C_04068,val,0,0.004539572719351029,2.1641862e-09
C_04072,val,0,0.02181763063387719,2.8765955e-05
C_04073,val,0,0.01871083976748632,2.800496e-05
C_04074,val,0,0.04681240565519067,1.2114332e-07
C_04078,val,0,0.005843519463314208,9.536784e-06
C_04080,val,0,0.005411417097701499,1.4931729e-12
C_04085,val,0,0.05668724579281679,2.3295885e-07
C_04092,val,0,0.006168956691102949,0.075987644
C_04097,val,0,0.06048727506134217,0.0678288
C_04100,val,0,0.4181672038078101,1.0612769e-06
C_04103,val,0,0.052392390186014305,1.5244945e-12
C_04106,val,0,0.003642702501556624,0.010021572
C_04119,val,0,0.05151232093745391,1.3893417e-06
C_04125,val,0,0.003798424579853514,9.988446e-09
C_04130,val,0,0.10555188276123612,0.0404454
C_04133,val,0,0.029232654550393356,0.00039115496
C_04141,val,0,0.004539572719351029,5.769919e-09
C_04153,val,0,0.004539572719351029,9.96568e-10
C_04155,val,0,0.045719802912303174,0.00019157173
C_04156,val,0,0.06230468857033901,0.0769203
C_04158,val,0,0.036926865669087025,0.007324661
C_04171,val,0,0.046048586497226866,8.8787824e-11
C_04178,val,0,0.004095614071346495,0.00011042265
C_04182,val,0,0.0470666757397469,0.014712721
C_04186,val,0,0.048942136835989476,2.6372125e-05
C_04189,val,0,0.005843519463314208,0.049828883
C_04191,val,0,0.01497514687138442,5.9518275e-09
C_04195,val,0,0.004539572719351029,0.000839976
C_04201,val,0,0.004539572719351029,5.536276e-05
C_04208,val,0,0.16870439398229306,0.63036346
C_04210,val,0,0.025164689680343195,0.00826048
C_04216,val,0,0.016355875591382938,7.7600225e-06
C_04218,val,0,0.1432617151593279,0.00014956447
C_04219,val,0,0.01546461434908346,2.1145395e-06
C_04243,val,0,0.15284123853482726,0.034037925
C_04260,val,0,0.23135911608539836,5.3925654e-05
C_04269,val,0,0.002590124402395792,3.4430792e-07
C_04275,val,0,0.004095614071346495,5.177025e-10
C_04280,val,0,0.004539572719351029,8.087333e-07
C_04286,val,0,0.11197116059381973,0.01031028
C_04291,val,0,0.02284421849411779,0.0034080322
C_04295,val,0,0.0037750696165450848,0.0006812069
C_04304,val,0,0.005272713602179786,1.0064166e-05
C_04308,val,0,0.004539572719351029,4.7397685e-15
C_04312,val,0,0.04868623729210366,1.3447406e-06
C_04315,val,0,0.12790439908110393,8.502419e-07
C_04328,val,0,0.005973878221916141,7.467327e-06
C_04333,val,0,0.004366680581624166,3.2777014e-05
C_04338,val,0,0.004539572719351029,6.3133223e-09
C_04340,val,0,0.04825585193255151,2.3984938e-05
C_04343,val,0,0.06011566318314698,0.0400148
C_04362,val,0,0.21263341757963344,0.12803334
C_04370,val,0,0.004539572719351029,7.821175e-08
C_04372,val,0,0.03056422595587751,1.2121468e-10
C_04378,val,0,0.01869983781414064,0.000947811
C_04386,val,0,0.08820118416706309,0.0005016644
C_04399,val,0,0.003798424579853514,4.8162202e-18
C_04403,val,0,0.032511098515525735,0.030662064
C_04404,val,0,0.016594099282972972,0.0023683186
C_04416,val,0,0.004095614071346495,1.4989512e-12
C_04426,val,0,0.08093211512865829,0.05562863
C_04428,val,0,0.07734567898493132,0.07457335
C_04451,val,0,0.004539572719351029,4.9040398e-05
C_04457,val,0,0.20958029651307925,0.09689912
C_04474,val,0,0.08048273726708982,8.971354e-11
C_04486,val,0,0.3663173816735865,0.0005489264
C_04494,val,0,0.017941772421886326,0.15598303
C_04495,val,0,0.004539572719351029,1.3116035e-10
C_04496,val,0,0.005456591659880597,0.097598456
C_04499,val,0,0.004095614071346495,0.00012245686
C_04512,val,0,0.004918361126349882,8.837332e-07
C_04519,val,0,0.12649994787805,0.23571408
C_04523,val,0,0.004526497471765104,0.0006082634
C_04524,val,0,0.004095614071346495,3.625445e-08
C_04530,val,0,0.15048843514432275,2.5091927e-13
C_04535,val,0,0.04686690313120784,0.011497853
C_04538,val,0,0.16372866853358262,1.590371e-13
C_04540,val,0,0.004539572719351029,4.2409603e-05
C_04547,val,0,0.008602210050690265,7.735668e-06
C_04560,val,0,0.04103038747624216,3.5743329e-12
C_04563,val,0,0.07253612742660916,0.1420015
C_04564,val,0,0.12418047330100149,0.20450266
C_04567,val,0,0.004539572719351029,3.62454e-15
C_04574,val,0,0.040507756781217305,0.055169124
C_04575,val,0,0.018884985532837975,0.002518205
C_04579,val,0,0.21045277930348777,1.840143e-05
C_04615,val,0,0.00132511697854988,4.8033558e-06
C_04618,val,0,0.00252618233890074,1.176083e-15
C_04621,val,0,0.4171130631212382,0.53924084
C_04625,val,0,0.008582911879062292,0.03312716
C_04627,val,0,0.005272713602179786,1.0176197e-05
C_04631,val,0,0.003098673744646553,0.0045673843
C_04644,val,0,0.0022977674548844912,0.00026045376
C_04645,val,0,0.07081732697852872,0.00015109782
C_04647,val,0,0.004095614071346495,2.0098954e-21
C_04651,val,0,0.2442166670292996,4.705246e-10
C_04653,val,0,0.004539572719351029,1.3366379e-07
C_04665,val,0,0.005843519463314208,9.795096e-06
C_04674,val,0,0.004539572719351029,6.5085805e-11
C_04678,val,0,0.001863860844393083,1.5165114e-07
C_04692,val,0,0.004366680581624166,7.0436937e-07
C_04696,val,0,0.005030067881610482,0.1001387
C_04708,val,0,0.04554120362219695,0.010626672
C_04712,val,0,0.004095614071346495,1.476043e-10
C_04720,val,0,0.040006542712988744,4.427569e-14
C_04728,val,0,0.01894250165971444,0.1607871
C_04730,val,0,0.1689415499200012,0.9237079
C_04743,val,0,0.003695769785449042,1.2639185e-26
C_04744,val,0,0.004821827095103629,0.0003623216
C_04745,val,0,0.018029943176493122,2.2911398e-05
C_04750,val,0,0.06681596908345351,1.5469292e-05
C_04753,val,0,0.0027345225744834973,5.949687e-11
C_04754,val,0,0.00529176257267246,1.4051973e-07
C_04757,val,0,0.23581053300100666,7.392452e-19
C_04776,val,0,0.0062842312798236325,1.0718798e-06
C_04780,val,0,0.09578520724511005,7.534558e-16
C_04782,val,0,0.022370076702547786,6.9056574e-18
C_04784,val,0,0.0343542724320704,0.0013805196
C_04787,val,0,0.2053155996371252,6.843637e-14
C_04799,val,0,0.25199744267543567,0.011664148
C_04827,val,0,0.058058852661791296,0.07636928
C_04841,val,0,0.004539572719351029,5.086771e-13
C_04845,val,0,0.075962564332961,3.793168e-09
C_04856,val,0,0.005973878221916141,9.518593e-06
C_04863,val,0,0.04746440383696663,8.18905e-07
C_04865,val,0,0.005843519463314208,9.523932e-06
C_04889,val,0,0.0018285775494670006,0.04195753
C_04905,val,0,0.05207927436940043,2.3670486e-13
C_04909,val,0,0.07494181602689357,0.0011365771
C_04914,val,0,0.0029416527203580518,0.003858086
C_04920,val,0,0.15013900943492464,0.0013506679
C_04926,val,0,0.003798424579853514,6.8799606e-09
C_04927,val,0,0.005272713602179786,1.0331755e-05
C_04942,val,0,0.005207618181073586,5.1600417e-09
C_04956,val,0,0.003798424579853514,7.425167e-06
C_04959,val,0,0.004918361126349882,1.172543e-05
C_04963,val,0,0.17143452208214943,0.8302537
C_04972,val,0,0.005000034726964258,9.6661215e-15
C_04973,val,0,0.1511746338713242,2.5470581e-05
C_04976,val,0,0.1405710727875212,0.2656718
C_04977,val,0,0.015183425539208999,9.9150646e-05
C_04979,val,0,0.01871083976748632,2.3770528e-05
C_04988,val,0,0.1384515812472109,0.16820371
C_04991,val,0,0.2099109126503832,0.00018883221
C_04998,val,0,0.010094854701241437,7.3640235e-12
C_05005,val,0,0.003798424579853514,1.9608808e-14
C_05010,val,0,0.0044684584764136765,7.637685e-11
C_05014,val,0,0.0037750696165450848,3.7975354e-08
C_05019,val,0,0.2364248756256585,0.022939676
C_05025,val,0,0.01871083976748632,2.5177931e-05
C_05026,val,0,0.0258682710008067,0.017846717
C_05035,val,0,0.014788277325879912,6.9131644e-08
C_05041,val,0,0.007143457444468414,0.05365114
C_05051,val,0,0.005843519463314208,9.6767535e-06
C_05052,val,0,0.05030507420543689,0.009780107
C_05060,val,0,0.10336643530339608,0.021791669
C_05062,val,0,0.04171313077481391,3.966716e-09
C_05064,val,0,0.01845691875472641,0.0021417332
C_05069,val,0,0.004031426454623072,3.8112655e-11
C_05077,val,0,0.1007993165731753,7.339135e-08
C_05082,val,0,0.06255683332351893,4.4873785e-05
C_05089,val,0,0.0044684584764136765,7.919596e-06
C_05092,val,0,0.004095614071346495,8.033861e-07
C_05097,val,0,0.004539572719351029,5.214049e-13
C_05098,val,0,0.004539572719351029,7.958001e-09
C_05099,val,0,0.07113493094362454,0.9383919
C_05100,val,0,0.16909362891220617,0.3338362
C_05104,val,0,0.04006293998519449,3.1380147e-20
C_05109,val,0,0.035059980582132416,1.0027348e-08
C_05110,val,0,0.04575851535969545,0.00021417181
C_05112,val,0,0.004539572719351029,3.7431637e-05
C_05121,val,0,0.0022756984731258836,4.7925354e-05
C_05127,val,0,0.005908884091939497,0.020746375
C_05133,val,0,0.008602210050690265,7.846359e-06
C_05139,val,0,0.0704604130867172,1.1119242e-12
C_05144,val,0,0.03230610964502792,5.040176e-07
C_05145,val,0,0.004095614071346495,1.00121505e-20
C_05149,val,0,0.004539572719351029,5.032845e-16
C_05155,val,0,0.021349151629091873,0.061005495
C_05160,val,0,0.024025214416821553,0.07689959
C_05168,val,0,0.022192262444548617,8.246218e-11
C_05172,val,0,0.06370644340854774,0.072739206
C_05177,val,0,0.03514480362587868,0.23764886
C_05180,val,0,0.3755392202041911,6.285174e-07
C_05183,val,0,0.0225582778007066,0.12764487
C_05187,val,0,0.015835921855219107,0.1069749
C_05191,val,0,0.0768707312585372,0.10982175
C_05198,val,0,0.003932340530368018,4.499617e-05
C_05199,val,0,0.0470666757397469,2.449642e-09
C_05203,val,0,0.016685318601783707,0.0726597
C_05205,val,0,0.14265381202226762,0.10417096
C_05207,val,0,0.0027770186314993554,1.5741689e-08
C_05213,val,0,0.0695232929796716,0.14445573
C_05217,val,0,0.09465554748517784,0.0009595494
C_05238,val,0,0.023846386297007756,4.9224443e-19
C_05245,val,0,0.11355357211677944,0.00036203171
C_05254,val,0,0.004095614071346495,2.8667454e-14
C_05257,val,0,0.06412373527194735,0.0765794
C_05260,val,0,0.1511746338713242,0.62819964
C_05267,val,0,0.0361385546047854,0.033159707
C_05273,val,0,0.10328638670231644,0.013912782
C_05282,val,0,0.004031426454623072,6.759413e-06
C_05287,val,0,0.003798424579853514,5.588781e-06
C_05291,val,0,0.004095614071346495,4.5203845e-25
C_05293,val,0,0.004561929463950255,1.1934819e-05
C_05294,val,0,0.003798424579853514,9.201486e-05
C_05299,val,0,0.04656878273653874,1.5702275e-13
C_05313,val,0,0.0996451735991961,2.747303e-05
C_05314,val,0,0.0017394404481816648,9.697113e-14
C_05321,val,0,0.003798424579853514,1.7243877e-08
C_05325,val,0,0.05668929770311691,0.06117082
C_05331,val,0,0.0041723710837549425,3.6977148e-05
C_05341,val,0,0.018146702488276507,0.09179681
C_05350,val,0,0.0032034815544367415,3.2442995e-14
C_05355,val,0,0.33358909109645213,0.00013798922
C_05361,val,0,0.036865956175798686,1.3837217e-13
C_05362,val,0,0.05513203886203004,3.559442e-06
C_05372,val,0,0.0021413147882075314,0.62052107
C_05379,val,0,0.020151178536267002,0.5189975
C_05384,val,0,0.03383179491395218,0.04944116
C_05387,val,0,0.004539572719351029,0.00029589672
C_05391,val,0,0.024025214416821553,0.052573163
C_05393,val,0,0.06824141316455788,3.9164156e-06
C_05397,val,0,0.004095614071346495,1.5598495e-08
C_05409,val,0,0.014432579466743136,1.0378047e-11
C_05419,val,0,0.004539572719351029,8.031041e-09
C_05435,val,0,0.19128899965030266,0.31617618
C_05439,val,0,0.0015168391259603301,2.4610466e-05
C_05450,val,0,0.006702162346729103,0.07499917
C_05452,val,0,0.09094880278384614,9.09747e-15
C_05455,val,0,0.019948517381419405,0.00041258117
C_05459,val,0,0.18173247568831033,1.1412429e-08
C_05467,val,0,0.020375505074527546,0.00023367126
C_05492,val,0,0.005272713602179786,9.953749e-06
C_05494,val,0,0.013899525415865357,0.00068983174
C_05499,val,0,0.24943090709101212,0.1373344
C_05507,val,0,0.004539572719351029,1.1943031e-11
C_05519,val,0,0.01843518692476211,0.016816793
C_05526,val,0,0.036994473440978955,0.9094037
C_05554,val,0,0.0357808971168636,1.6068605e-13
C_05556,val,0,0.05344390177656557,0.05453801
C_05561,val,0,0.004095614071346495,1.8278874e-15
C_05576,val,0,0.03215309828933147,0.00083522
C_05578,val,0,0.003798424579853514,3.9175946e-05
C_05583,val,0,0.006850605859543835,2.6615853e-06
C_05591,val,0,0.017187413805277427,0.07665845
C_05596,val,0,0.0044684584764136765,2.9924014e-09
C_05603,val,0,0.01843518692476211,0.017858079
C_05613,val,0,0.08339266407752728,8.1752245e-05
C_05617,val,0,0.012112348397324208,0.000101270925
C_05619,val,0,0.09190826585055395,2.90441e-16
C_05624,val,0,0.04016044674128502,8.968698e-08
C_05625,val,0,0.03352403169871957,0.000792609
C_05627,val,0,0.06407329076283198,2.7036569e-09
C_05630,val,0,0.004539572719351029,3.250388e-14
C_05633,val,0,0.04264493358616938,0.071020044
C_05634,val,0,0.10015035343512853,0.008941748
C_05635,val,0,0.254942559662611,0.0057096584
C_05637,val,0,0.19358829236732664,2.394436e-08
C_05648,val,0,0.4154589379649597,1.8001125e-05
C_05656,val,0,0.004095614071346495,1.5883178e-18
C_05657,val,0,0.08872076132446938,0.0036363618
C_05658,val,0,0.0646589813815998,5.9910603e-06
C_05660,val,0,0.04653184605393336,0.115331575
C_05670,val,0,0.041424177425709516,0.23160952
C_05677,val,0,0.005402587122185471,1.5038595e-16
C_05679,val,0,0.007030855773285992,9.840539e-05
C_05681,val,0,0.004366680581624166,3.606516e-10
C_05689,val,0,0.005456591659880597,1.0871286e-05
C_05707,val,0,0.1128953644793709,1.6161053e-14
C_05708,val,0,0.004539572719351029,0.0004079527
C_05714,val,0,0.005016541754670304,5.7983104e-11
C_05723,val,0,0.007267380274927265,0.0031070863
C_05729,val,0,0.004095614071346495,3.171974e-15
C_05733,val,0,0.004539572719351029,1.3488491e-07
C_05737,val,0,0.01723606735096056,0.20784707
C_05743,val,0,0.05156104876072004,0.14667496
C_05745,val,0,0.026740568449059615,1.6125631e-23
C_05757,val,0,0.005105161136630521,0.019657731
C_05759,val,0,0.02669093505455903,1.9731916e-13
C_05760,val,0,0.14048653082890053,5.2862003e-12
C_05772,val,0,0.0686526086695439,0.06068181
C_05783,val,0,0.004095614071346495,1.0616392e-06
C_05786,val,0,0.026814843241207996,0.050152883
C_05788,val,0,0.04681240565519067,0.011515475
C_05794,val,0,0.004539572719351029,0.00041871582
C_05797,val,0,0.004119305697513544,3.496563e-07
C_05799,val,0,0.3866981014927516,0.6584415
C_05810,val,0,0.004095614071346495,2.098994e-24
C_05811,val,0,0.0013105456706399828,0.0003636542
C_05819,val,0,0.0016822738941941575,1.8286852e-12
C_05832,val,0,0.015299391070482359,0.046722088
C_05834,val,0,0.06537725156465489,0.009959713
C_05842,val,0,0.024594068586131744,3.2377553e-05
C_05848,val,0,0.020695979611944686,2.5492529e-08
C_05851,val,0,0.0016895680521991307,6.4290704e-12
C_05868,val,0,0.005843519463314208,9.681599e-06
C_05871,val,0,0.06518962957119366,0.021185553
C_05877,val,0,0.0011959110682243327,0.003329658
C_05885,val,0,0.013899525415865357,5.2562777e-06
C_05887,val,0,0.004205042795788068,0.11469048
C_05890,val,0,0.019512340103238955,0.00012905596
C_05898,val,0,0.0033228017437224627,2.5921073e-18
C_05902,val,0,0.005456591659880597,1.1003366e-05
C_05907,val,0,0.005843519463314208,9.7807115e-06
C_05915,val,0,0.0011944361226264354,3.960556e-08
C_05916,val,0,0.004539572719351029,8.670905e-15
C_05918,val,0,0.014701933927910278,0.008484597
C_05927,val,0,0.0027770186314993554,2.3493918e-15
C_05943,val,0,0.058104574537695526,0.0008622515
C_05949,val,0,0.005456591659880597,1.1224549e-05
C_05951,val,0,0.00024762697773820315,3.6137013e-08
C_05953,val,0,0.004095614071346495,7.985609e-14
C_05969,val,0,0.004095614071346495,4.703188e-05
C_05978,val,0,0.043923242871460426,0.012642716
C_05981,val,0,0.04069406798956384,8.7915856e-07
C_05984,val,0,0.2685347305490327,7.065086e-05
C_05985,val,0,0.021328818084322743,2.2857041e-10
C_05996,val,0,0.005000034726964258,1.0719859e-12
C_06004,val,0,0.004539572719351029,2.210127e-09
C_06007,val,0,0.006155477698712172,0.046537116
C_06016,val,0,0.003798424579853514,1.2579831e-06
C_06023,val,0,0.05035123754498185,0.1132806
C_06035,val,0,0.17001545048411337,0.30211988
C_06056,val,0,0.098968697313426,6.067622e-07
C_06058,val,0,0.04707832091818575,6.050212e-10
C_06069,val,0,0.015983783882284015,0.096501924
C_06075,val,0,0.004095614071346495,9.417735e-06
C_06099,val,0,0.004539572719351029,3.148852e-05
C_06101,val,0,0.004539572719351029,2.2975447e-14
C_06116,val,0,0.004539572719351029,1.8527471e-06
C_06128,val,0,0.005272713602179786,1.026e-05
C_06143,val,0,0.004539572719351029,1.709135e-05
C_06144,val,0,0.0820024397837246,0.09274806
C_06146,val,0,0.016202011744018557,0.05903044
C_06154,val,0,0.045805775667381955,1.06684875e-14
C_06157,val,0,0.003798424579853514,1.7618546e-05
C_06165,val,0,0.23834601601227112,0.16319762
C_06167,val,0,0.018082082382187233,4.587615e-13
C_06176,val,0,0.03867299516628561,0.00077759457
C_06183,val,0,0.022913628361699696,5.8870177e-05
C_06187,val,0,0.25551849620980766,8.198021e-16
C_06197,val,0,0.11234522511975208,2.5396046e-12
C_06206,val,0,0.004095614071346495,1.2041944e-05
C_06208,val,0,0.005272713602179786,1.0103834e-05
C_06210,val,0,0.005272713602179786,1.0155779e-05
C_06214,val,0,0.024868930394639572,3.3441772e-10
C_06217,val,0,0.00895778222082515,1.2428411e-05
C_06220,val,0,0.0027901366344745553,0.00045911726
C_06248,val,0,0.332371984502302,0.67253447
C_06251,val,0,0.1596404088055196,0.99832803
C_06252,val,0,0.045805775667381955,3.0775777e-09
C_06264,val,0,0.17459193274702084,1.4278045e-08
C_06272,val,0,0.13391054327577434,0.16397637
C_06277,val,0,0.005272713602179786,0.06174842
C_06279,val,0,0.004357879835925994,1.05124006e-19
C_06282,val,0,0.022192262444548617,1.4809148e-05
C_06289,val,0,0.004539572719351029,2.0743034e-08
C_06292,val,0,0.0037750696165450848,3.9932103e-12
C_06293,val,0,0.06240505317590842,0.25664395
C_06299,val,0,0.03215309828933147,0.006264744
C_06300,val,0,0.14385582681045844,0.003928578
C_06312,val,0,0.04575851535969545,0.015262606
C_06321,val,0,0.003798424579853514,6.0074618e-24
C_06322,val,0,0.18349043242829122,0.01290574
C_06325,val,0,0.11297344822503955,2.7785426e-12
C_06332,val,0,0.004539572719351029,1.3688004e-06
C_06334,val,0,0.06792360214975997,9.1196795e-05
C_06336,val,0,0.004111257178309892,4.5865345e-06
C_06349,val,0,0.1437055533334016,1.2810497e-07
C_06353,val,0,0.005272713602179786,0.07268669
C_06355,val,0,0.018044505230967185,0.024832789
C_06363,val,0,0.00776403466005643,8.3697205e-06
C_06364,val,0,0.33260591992434557,0.0024731418
C_06374,val,0,0.05518704059282411,1.0096139e-05
C_06386,val,0,0.04104568671636616,1.751849e-17
C_06393,val,0,0.0038209807829804186,3.8364112e-12
C_06395,val,0,0.272266822218781,0.13837105
C_06405,val,0,0.004918361126349882,2.0827229e-09
C_06409,val,0,0.01174007246352761,0.073135205
C_06410,val,0,0.005272713602179786,1.0095532e-05
C_06428,val,0,0.07088318352899409,0.35405454
C_06429,val,0,0.0052332476577154775,0.24851936
C_06430,val,0,0.0391245498965138,0.0030076627
C_06443,val,0,0.025431035488463708,2.2879682e-21
C_06451,val,0,0.012342425188994218,0.04663202
C_06453,val,0,0.02669783987421532,2.638285e-06
C_06455,val,0,0.02611856759397859,0.03389456
C_06463,val,0,0.029881955123480426,2.667211e-07
C_06466,val,0,0.014687978430999653,1.914483e-05
C_06467,val,0,0.04168529662656235,0.028808376
C_06472,val,0,0.004184427701149658,2.7856173e-05
C_06473,val,0,0.09250757005940159,1.5776745e-07
C_06481,val,0,0.015672281492680216,2.8628017e-13
C_06484,val,0,0.031282785968500315,0.019143367
C_06486,val,0,0.0031747674155223624,3.0224255e-06
C_06491,val,0,0.09420722380930328,0.00059521926
C_06492,val,0,0.21458245110059992,0.20543997
C_06501,val,0,0.0033094308196074075,0.012612545
C_06504,val,0,0.04594955072014914,6.4577453e-06
C_06529,val,0,0.029993565287701557,0.028808113
C_06545,val,0,0.01573486054248565,0.04918594
C_06556,val,0,0.02403891819271362,0.01409198
C_06582,val,0,0.01771501248884845,0.00015059384
C_06584,val,0,0.42199829678014233,0.034893375
C_06586,val,0,0.06458844061300703,0.05799276
C_06599,val,0,0.004095614071346495,1.4193675e-09
C_06610,val,0,0.031047246483015673,2.819252e-09
C_06611,val,0,0.14906007054184497,4.574817e-07
C_06613,val,0,0.03112614522056886,0.0392425
C_06616,val,0,0.004539572719351029,7.2018634e-06
C_06625,val,0,0.0428226308850219,6.8847185e-11
C_06627,val,0,0.10834557680073433,7.6183246e-06
C_06635,val,0,0.010801050304247668,0.0020081375
C_06639,val,0,0.004095614071346495,0.00010074945
C_06647,val,0,0.1404215252786327,0.6387426
C_06653,val,0,0.016505666558871635,0.0053808377
C_06658,val,0,0.029107641811348277,9.898093e-17
C_06659,val,0,0.022937350836686358,0.00011098699
C_06664,val,0,0.11643747428629207,0.04734769
C_06682,val,0,0.004075413642824276,0.0018576301
C_06700,val,0,0.009092051431869344,0.07360118
C_06713,val,0,0.005843519463314208,9.749635e-06
C_06716,val,0,0.03602407541345016,1.3571703e-05
C_06720,val,0,0.06620689379324761,0.09875529
C_06729,val,0,0.004539572719351029,5.087406e-05
C_06732,val,0,0.005843519463314208,9.459773e-06
C_06736,val,0,0.00041645278564023054,0.51709414
C_06760,val,0,0.018884985532837975,6.9415784e-10
C_06763,val,0,0.004539572719351029,1.2331022e-16
C_06773,val,0,0.003798424579853514,3.891675e-10
C_06781,val,0,0.04453688128035955,0.0011122725
C_06784,val,0,0.07444796002347104,4.3726727e-06
C_06785,val,0,0.022192262444548617,1.2674937e-15
C_06786,val,0,0.005000034726964258,2.8124246e-05
C_06793,val,0,0.0033228017437224627,4.7208223e-11
C_06797,val,0,0.0022266366867173403,1.8852413e-08
C_06798,val,0,0.004539572719351029,6.3331905e-19
C_06799,val,0,0.19249397423832687,3.9581454e-09
C_06801,val,0,0.017870627851693903,0.071123004
C_06802,val,0,0.004095614071346495,1.8523636e-08
C_06811,val,0,0.2053155996371252,0.0016214001
C_06841,val,0,0.01497514687138442,3.9436566e-07
C_06845,val,0,0.004539572719351029,3.207576e-05
C_06850,val,0,0.07366751109917648,0.014397282
C_06858,val,0,0.14577149838001036,0.00029776676
C_06864,val,0,0.07975430939515386,0.000117030664
C_06869,val,0,0.020800541121922988,0.0034693468
C_06871,val,0,0.13725305784682362,2.280994e-12
C_06878,val,0,0.18659532758461192,0.0020297715
C_06880,val,0,0.01147313913563756,3.2795364e-05
C_06888,val,0,0.004539572719351029,4.5405056e-08
C_06889,val,0,0.18365558723613482,2.087245e-05
C_06891,val,0,0.16110983283133712,4.4592816e-06
C_06895,val,0,0.0031747674155223624,4.6461324e-12
C_06899,val,0,0.004539572719351029,1.9843068e-20
C_06904,val,0,0.0027308353952618524,0.00077850133
C_06912,val,0,0.03113381114861507,0.02578816
C_06919,val,0,0.04310510324356264,9.8171384e-08
C_06921,val,0,0.20964135465088934,0.009861206
C_06928,val,0,0.004095614071346495,0.00014093966
C_06930,val,0,0.20351423758086487,3.62456e-08
C_06935,val,0,0.004539572719351029,9.899752e-10
C_06942,val,0,0.035899668249856194,4.093819e-13
C_06943,val,0,0.01871083976748632,2.9750237e-05
C_06950,val,0,0.019364768822258512,0.019974817
C_06956,val,0,0.0146547119813219,0.04994307
C_06957,val,0,0.004095614071346495,3.4051523e-20
C_06961,val,0,0.0361385546047854,0.033745553
C_06970,val,0,0.04380421038608583,0.005332666
C_06990,val,0,0.004095614071346495,1.997732e-08
C_07011,val,0,0.16944905151785275,5.2441124e-12
C_07019,val,0,0.003798424579853514,0.005096084
C_07022,val,0,0.004095614071346495,1.2769707e-05
C_07024,val,0,0.1536043439262663,0.079110414
C_07037,val,0,0.0033228017437224627,7.950907e-05
C_07042,val,0,0.004095614071346495,0.00014860931
C_07050,val,0,0.015212694449744388,4.3242247e-16
C_07060,val,0,0.015060623355378382,8.835337e-10
C_07061,val,0,0.004095614071346495,3.58598e-21
C_07062,val,0,0.005272713602179786,1.0135856e-05
C_07083,val,0,0.0012240397599709268,0.00044519635
C_07101,val,0,0.004031426454623072,2.0093749e-09
C_07104,val,0,0.039043346164872095,0.15888226
C_07109,val,0,0.13512248895696113,0.0050864276
C_07110,val,0,0.023443040153213017,0.10554325
C_07122,val,0,0.004095614071346495,2.228929e-05
C_07126,val,0,0.06344950104196971,0.0027760617
C_07143,val,0,0.005843519463314208,9.559512e-06
C_07147,val,0,0.06255683332351893,0.0013363091
C_07149,val,0,0.004095614071346495,1.5806697e-13
C_07157,val,0,0.09327291451368451,9.0004e-16
C_07163,val,0,0.055918750643046786,0.0034865572
C_07165,val,0,0.01497514687138442,1.4265027e-09
C_07166,val,0,0.043817051979786595,1.4646257e-06
C_07173,val,0,0.009406246250409919,7.4200536e-05
C_07181,val,0,0.004095614071346495,1.1757126e-06
C_07183,val,0,0.025933365331436014,0.04653677
C_07187,val,0,0.04410601215319506,2.554425e-13
C_07189,val,0,0.004095614071346495,2.2998849e-07
C_07211,val,0,0.030612961067369448,0.038980376
C_07212,val,0,0.17308598263680755,0.11695919
C_07214,val,0,0.02158046487326936,0.035553098
C_07225,val,0,0.005456591659880597,1.1262185e-05
C_07226,val,0,0.0659886034148647,0.10454805
C_07240,val,0,0.20874897826636035,0.20503308
C_07241,val,0,0.010801050304247668,0.0007204033
C_07244,val,0,0.003798424579853514,1.7390798e-06
C_07249,val,0,0.03780983797355689,0.059843514
C_07258,val,0,0.039977970908188956,2.4630655e-05
C_07265,val,0,0.03573623253122463,0.024357757
C_07275,val,0,0.04902011107377218,0.15733513
C_07281,val,0,0.004419587687161547,1.2285433e-05
C_07290,val,0,0.2916359232086417,1.7195391e-09
C_07292,val,0,0.2945602307524502,0.595061
C_07299,val,0,0.004095614071346495,4.714951e-09
C_07301,val,0,0.09485800013061768,2.142093e-05
C_07311,val,0,0.0035010579809114485,8.4407775e-10
C_07319,val,0,0.004095614071346495,2.9376436e-12
C_07326,val,0,0.09490752782543342,1.0143244e-12
C_07327,val,0,0.1373193396342651,0.012753261
C_07329,val,0,0.021765651662753814,5.8307836e-05
C_07334,val,0,0.004539572719351029,4.605263e-05
C_07337,val,0,0.1702119699447695,2.3505016e-09
C_07338,val,0,0.005492033005056941,1.2777198e-05
C_07343,val,0,0.004539572719351029,1.9728962e-11
C_07346,val,0,0.001437196130778331,8.708357e-07
C_07351,val,0,0.014742976273776277,0.02313724
C_07353,val,0,0.10329746788237026,0.060008615
C_07370,val,0,0.13329778971415168,8.292084e-11
C_07374,val,0,0.005843519463314208,9.726732e-06
C_07375,val,0,0.005272713602179786,1.02690055e-05
C_07379,val,0,0.022192262444548617,0.005584995
C_07389,val,0,0.004095614071346495,1.3646446e-15
C_07393,val,0,0.004095614071346495,0.00010845668
C_07396,val,0,0.17910614055058197,0.05628225
C_07399,val,0,0.014701933927910278,0.00024235804
C_07405,val,0,0.04295511144123632,0.122069746
C_07406,val,0,0.10816969981354191,0.23409113
C_07407,val,0,0.00027614341483709395,1.09609836e-07
C_07410,val,0,0.013899525415865357,0.00060294225
C_07411,val,0,0.004095614071346495,4.196071e-07
C_07419,val,0,0.14532740491885457,0.13602334
C_07420,val,0,0.045522359598783924,3.8907566e-09
C_07424,val,0,0.0045250880558316475,0.5335674
C_07429,val,0,0.003798424579853514,1.6987198e-11
C_07437,val,0,0.025897475355258423,0.000483919
C_07438,val,0,0.06844961139013683,1.0755004e-06
C_07439,val,0,0.0563645009916926,0.06309129
C_07440,val,0,0.01844727305644714,0.0020134011
C_07442,val,0,0.11524287160240072,0.7506893
C_07443,val,0,0.04217585346493669,0.30563197
C_07449,val,0,0.015350345672925054,1.3278374e-05
C_07454,val,0,0.004095614071346495,6.7312006e-15
C_07461,val,0,0.12684332131900541,0.0020611961
C_07463,val,0,0.35940210950850315,6.5394444e-05
C_07475,val,0,0.2281753808504472,7.678796e-13
C_07479,val,0,0.03893480141770502,0.0006176191
C_07504,val,0,0.0039236265162829066,0.0002792807
C_07510,val,0,0.14900202433002838,0.00020681512
C_07512,val,0,0.0011132312414468381,0.0025861252
C_07513,val,0,0.2281275755225275,5.836341e-09
C_07532,val,0,0.05581089533369622,0.060544763
C_07537,val,0,0.17505510991977638,0.12109921
C_07553,val,0,0.005843519463314208,9.715683e-06
C_07565,val,0,0.054774499609782576,6.5998615e-06
C_07576,val,0,0.03056422595587751,2.7191482e-11
C_07577,val,0,0.027686892671686284,0.08864334
C_07578,val,0,0.07036900038854609,0.00016706978
C_07589,val,0,0.05236409444861938,3.9679745e-07
C_07598,val,0,0.04879463367000445,0.00095811056
C_07601,val,0,0.07971833559040076,0.31994224
C_07602,val,0,0.01839014987360598,0.044319246
C_07603,val,0,0.020151178536267002,9.37396e-12
C_07610,val,0,0.004446112225080731,3.8793115e-11
C_07611,val,0,0.01894250165971444,0.15370779
C_07619,val,0,0.04575851535969545,9.897523e-05
C_07634,val,0,0.005456591659880597,1.1108094e-05
C_07643,val,0,0.003798424579853514,1.4230625e-20
C_07650,val,0,0.0002282841795630625,1.7237793e-08
C_07653,val,0,0.0002576498697638303,4.5335113e-09
C_07655,val,0,0.004095614071346495,5.9889415e-05
C_07668,val,0,0.10934595183934001,1.2095795e-06
C_07669,val,0,0.0894452127139613,2.35384e-16
C_07674,val,0,0.004462843539234815,0.033786286
C_07697,val,0,0.09530606434237568,0.0015827458
C_07719,val,0,0.004539572719351029,1.03453104e-20
C_07731,val,0,0.003798424579853514,0.000110913556
C_07739,val,0,0.14311821096522234,0.0015549341
C_07742,val,0,0.26509392379700464,0.50635034
C_07744,val,0,0.212647237288183,2.8910862e-11
C_07746,val,0,0.006718047079106171,1.8729443e-05
C_07750,val,0,0.041384204985752654,0.13831002
C_07753,val,0,0.18589447764419537,0.061404575
C_07764,val,0,0.04876224085080384,0.020875765
C_07775,val,0,0.027390226466812648,7.820249e-16
C_07815,val,0,0.17755044466250608,0.1873588
C_07820,val,0,0.06006267113956454,0.12718464
C_07822,val,0,0.05026483002402591,0.13236041
C_07827,val,0,0.004095614071346495,5.033762e-05
C_07831,val,0,0.004095614071346495,1.8803303e-10
C_07837,val,0,0.02002280930344451,4.4194426e-11
C_07839,val,0,0.004539572719351029,1.40846605e-05
C_07847,val,0,0.04106033288942075,1.12260166e-10
C_07849,val,0,0.004095614071346495,0.00018464947
C_07853,val,0,0.08531642853771147,6.4225253e-12
C_07858,val,0,0.004095614071346495,7.852584e-11
C_07859,val,0,0.08466185874209094,1.5150398e-07
C_07864,val,0,0.005843519463314208,9.426091e-06
C_07866,val,0,0.08136660658554914,0.009743997
C_07867,val,0,0.1507960092926088,0.019329784
C_07869,val,0,0.005272713602179786,1.0290907e-05
C_07887,val,0,0.17162016348039005,0.010013864
C_07891,val,0,0.005272713602179786,1.02693975e-05
C_07894,val,0,0.005272713602179786,1.02351e-05
C_07907,val,0,0.001243794271387657,2.5510718e-12
C_07909,val,0,0.2252315322707927,0.10191792
C_07911,val,0,0.19210959242167228,1.3184905e-07
C_07917,val,0,0.04305088979991375,1.983717e-12
C_07927,val,0,0.013157220294648624,3.232397e-05
C_07938,val,0,0.005102584601402399,0.0022019069
C_07940,val,0,0.008602210050690265,7.5435487e-06
C_07942,val,0,0.004095614071346495,9.588641e-13
C_07945,val,0,0.024639320373424662,0.04966603
C_07947,val,0,0.22313846252041294,4.4694553e-07
C_07952,val,0,0.004539572719351029,8.31861e-06
C_07956,val,0,0.11716036184080213,2.371356e-05
C_07967,val,0,0.059572147100185456,0.19192663
C_07979,val,0,0.0183987293639157,0.025673486
C_07984,val,0,0.0033228017437224627,0.00028890322
C_07991,val,0,0.015635017439533327,0.05134763
C_07993,val,0,0.0017453054120034938,3.6846905e-05
C_07994,val,0,0.1344541741771383,0.22019343
C_07995,val,0,0.1360308969386978,0.27594033
C_08005,val,0,0.0023321480115975827,2.3575608e-12
C_08012,val,0,0.08833354678791504,5.6242948e-06
C_08025,val,0,0.07814755474487715,0.0007072965
C_08026,val,0,0.12206292876750512,1.4451689e-07
C_08032,val,0,0.008582911879062292,0.03148105
C_08043,val,0,0.004095614071346495,4.742478e-09
C_08075,val,0,0.027641291636203238,0.014700739
C_08081,val,0,0.024357276736353784,0.023654923
C_08082,val,0,0.005272713602179786,9.9599765e-06
C_08100,val,0,0.0009397837853090566,0.00019293408
C_08108,val,0,0.0014873039625157354,2.271798e-08
C_08115,val,0,0.005456591659880597,1.0963605e-05
C_08118,val,0,0.006271352910789982,0.120181486
C_08122,val,0,0.039158311017239024,0.12682578
C_08131,val,0,0.005843519463314208,9.459998e-06
C_08140,val,0,0.0018326674416854233,4.3994052e-05
C_08144,val,0,0.004539572719351029,2.5438086e-07
C_08167,val,0,0.026013760979807857,0.0077325962
C_08187,val,0,0.09383100381820086,2.2354558e-05
C_08197,val,0,0.004095614071346495,3.7384883e-12
C_08215,val,0,0.04556397889914291,2.9529594e-05
C_08241,val,0,0.004539572719351029,1.3980845e-13
C_08246,val,0,0.004539572719351029,5.968171e-10
C_08251,val,0,0.04103038747624216,0.007271726
C_08281,val,0,0.021082982083700706,0.0022081786
C_08286,val,0,0.002118703448836069,0.04966278
C_08291,val,0,0.04106033288942075,3.2391579e-06
C_08297,val,0,0.003798424579853514,2.3772707e-12
C_08309,val,0,0.11604295486386003,0.015601323
C_08316,val,0,0.0027770186314993554,4.2200395e-06
C_08336,val,0,0.0033228017437224627,5.2389197e-07
C_08363,val,0,0.07134823333013406,0.0030461212
C_08380,val,0,0.017702867854572268,2.4030702e-15
C_08384,val,0,0.004539572719351029,3.5843623e-08
C_08394,val,0,0.004539572719351029,2.7158587e-06
C_08396,val,0,0.03616103395631972,0.2868992
C_08406,val,0,0.047211027910197115,0.00039670282
C_08407,val,0,0.002812340574315891,1.3234173e-13
C_08418,val,0,0.0027770186314993554,5.0306884e-11
C_08419,val,0,0.006271352910789982,0.1456047
C_08427,val,0,0.05452439452322027,0.09428032
C_08428,val,0,0.06652123900942497,0.12401614
C_08435,val,0,0.11801715227894922,0.40790936
C_08446,val,0,0.03690997754230177,1.1119827e-06
C_08454,val,0,0.0016063083575013932,6.4173546e-06
C_08462,val,0,0.00021647964167120632,1.10137314e-07
C_08474,val,0,0.004539572719351029,4.5030767e-11
C_08475,val,0,0.002849506515253768,7.242624e-05
C_08490,val,0,0.0002370249635375133,1.0929748e-06
C_08509,val,0,0.06038078044866178,0.07319946
C_08516,val,0,0.004539572719351029,2.9376196e-07
C_08520,val,0,0.0442174133361496,0.03821058
C_08523,val,0,0.03653663948791406,0.09170184
C_08535,val,0,0.10243617367467488,0.026762983
C_08539,val,0,0.06334546330112553,0.94403636
C_08550,val,0,0.017466074188413727,0.12252104
C_08563,val,0,0.2116055959234266,0.4180502
C_08565,val,0,0.005272713602179786,1.0294716e-05
C_08566,val,0,0.044519477651782734,0.04181843
C_08577,val,0,0.028372972517235355,7.489769e-08
C_08583,val,0,0.05749223649920486,2.578914e-08
C_08591,val,0,0.0013356391691266688,0.00021908309
C_08593,val,0,0.021349151629091873,0.061817456
C_08596,val,0,0.04363744612986924,0.0056750746
C_08601,val,0,0.6484979831637677,0.07770862
C_08605,val,0,0.04859332011848465,0.00550695
C_08611,val,0,0.0050546967071672,5.482043e-05
C_08613,val,0,0.004095614071346495,6.650487e-05
C_08623,val,0,0.23483348371246532,2.65363e-09
C_08624,val,0,0.004539572719351029,7.829336e-05
C_08637,val,0,0.005843519463314208,9.760714e-06
C_08638,val,0,0.005333971743318053,7.561218e-05
C_08641,val,0,0.005272713602179786,1.026089e-05
C_08649,val,0,0.042662296215378,1.4939428e-11
C_08650,val,0,0.004095614071346495,3.642041e-07
C_08653,val,0,0.007623456257078142,0.0018443097
C_08657,val,0,0.004238747206687114,0.0006583974
C_08677,val,0,0.2064234586770009,7.3514567e-10
C_08680,val,0,0.003216108871890355,0.1454502
C_08697,val,0,0.0037750696165450848,2.4211017e-10
C_08700,val,0,0.018626920464684265,0.14394113
C_08704,val,0,0.32279061271215426,0.2110829
C_08707,val,0,0.06329135551333515,0.09212395
C_08714,val,0,0.03033034865538014,0.008942484
C_08718,val,0,0.08131994789962319,0.002127697
C_08720,val,0,0.04898874127158708,3.9575657e-06
C_08721,val,0,0.004095614071346495,6.4002325e-07
C_08726,val,0,0.005272713602179786,0.06415114
C_08738,val,0,0.0031747674155223624,2.1640857e-14
C_08741,val,0,0.07572337945620411,0.9173607
C_08744,val,0,0.01851152582641111,0.121279955
C_08745,val,0,0.060795292660951544,0.33611706
C_08750,val,0,0.03851183251446341,1.069931e-12
C_08752,val,0,0.0917118919522709,0.056289107
C_08756,val,0,0.004918361126349882,0.0043348386
C_08758,val,0,0.018100883285122625,0.01804268
C_08761,val,0,0.004095614071346495,4.386753e-05
C_08765,val,0,0.004539572719351029,4.116013e-06
C_08766,val,0,0.0017394404481816648,5.3955325e-12
C_08768,val,0,0.05774075243952523,0.00021752492
C_08781,val,0,0.12527609345802035,7.8749885e-08
C_08789,val,0,0.3699768515782415,2.3520779e-11
C_08806,val,0,0.013486283589627378,0.000110651155
C_08815,val,0,0.05247494499502062,0.4668332
C_08820,val,0,0.24615101737788503,0.3038802
C_08823,val,0,0.004539572719351029,6.325133e-05
C_08824,val,0,0.0035084128577852363,0.04613257
C_08833,val,0,0.003798424579853514,2.2207086e-12
C_08838,val,0,0.004539572719351029,1.730588e-05
C_08842,val,0,0.07041502296020037,0.0028511782
C_08859,val,0,0.006168956691102949,1.0655571e-05
C_08864,val,0,0.03055082768741721,3.403014e-10
C_08865,val,0,0.06326107309916998,0.06391712
C_08870,val,0,0.004539572719351029,7.967553e-17
C_08885,val,0,0.004095614071346495,2.713012e-09
C_08887,val,0,0.3078806187027347,9.357761e-06
C_08898,val,0,0.005030067881610482,0.0820887
C_08907,val,0,0.017187413805277427,9.167906e-09
C_08908,val,0,0.01927854358611327,6.354027e-11
C_08909,val,0,0.016355875591382938,4.711161e-15
C_08917,val,0,0.12252234358669194,0.02044545
C_08942,val,0,0.033424562209253605,0.0026484216
C_08943,val,0,0.05668929770311691,0.044978537
C_08964,val,0,0.004539572719351029,1.2674837e-08
C_08968,val,0,0.024025214416821553,0.03991476
C_08977,val,0,0.14810658231199866,1.5623633e-07
C_08978,val,0,0.03481592078541732,0.47462553
C_08981,val,0,0.002422246000341493,0.01996748
C_08987,val,0,0.004539572719351029,1.0325862e-11
C_08999,val,0,0.005272713602179786,0.06731875
C_09005,val,0,0.273204692281154,1.2899012e-06
C_09006,val,0,0.041108422786615466,7.562563e-08
C_09015,val,0,0.005843519463314208,9.868098e-06
C_09028,val,0,0.03181763902954815,0.0019818917
C_09033,val,0,0.005843519463314208,9.579974e-06
C_09036,val,0,0.1739452610321617,5.1477255e-06
C_09038,val,0,0.0691583788666596,0.00011288539
C_09043,val,0,0.0038209807829804186,0.0003868384
C_09049,val,0,0.004095614071346495,1.6665623e-05
C_09050,val,0,0.0033228017437224627,5.897807e-10
C_09052,val,0,0.28241797532367285,0.101296775
C_09053,val,0,0.004539572719351029,2.263795e-24
C_09058,val,0,0.028368247431091134,2.315239e-13
C_09066,val,0,0.6511162314505126,0.5856272
C_09067,val,0,0.004539572719351029,4.266102e-07
C_09068,val,0,0.004539572719351029,2.0035064e-05
C_09071,val,0,0.004539572719351029,4.0085115e-07
C_09077,val,0,0.004539572719351029,7.906955e-07
C_09086,val,0,0.02441261290568791,0.0881639
C_09088,val,0,0.004095614071346495,9.6602025e-06
C_09089,val,0,0.0031998387234622476,0.116159365
C_09090,val,0,0.10743805159396401,0.8461463
C_09103,val,0,0.20034649302453095,0.21702445
C_09113,val,0,0.038095722714675775,2.5376245e-05
C_09133,val,0,0.0008615640252329035,5.1457504e-13
C_09140,val,0,0.0032012097447809734,0.0010808355
C_09143,val,0,0.04518142006876296,3.5218956e-05
C_09149,val,0,0.1194370215410281,1.8763074e-06
C_09154,val,0,0.018512693416941367,9.651256e-11
C_09160,val,0,0.3625044113730036,7.061382e-07
C_09171,val,0,0.207647267541148,0.100516714
C_09174,val,0,0.004539572719351029,6.940437e-11
C_09176,val,0,0.004539572719351029,1.8978633e-10
C_09181,val,0,0.14871861802191322,0.3161596
C_09189,val,0,0.004539572719351029,1.5789372e-09
C_09200,val,0,0.0625310268271195,5.96958e-11
C_09202,val,0,0.005843519463314208,9.54146e-06
C_09217,val,0,0.06923668431461977,0.057645503
C_09219,val,0,0.004539572719351029,9.91951e-05
C_09222,val,0,0.0017131665834164425,3.880665e-07
C_09224,val,0,0.04575851535969545,0.0001147391
C_09235,val,0,0.06282938526279323,0.04899581
C_09238,val,0,0.16497296161969205,1.0323826e-05
C_09242,val,0,0.004539572719351029,3.265966e-07
C_09247,val,0,0.0033228017437224627,1.0346338e-05
C_09249,val,0,0.0031747674155223624,0.0001144288
C_09251,val,0,0.22025767077317815,0.20380773
C_09254,val,0,0.11716036184080213,0.0011063763
C_09273,val,0,0.003798424579853514,1.8213616e-08
C_09296,val,0,0.09229993297028238,0.0445992
C_09302,val,0,0.01771501248884845,1.8836157e-09
C_09308,val,0,0.14906007054184497,3.5501362e-06
C_09314,val,0,0.005843519463314208,9.702683e-06
C_09316,val,0,0.00776403466005643,7.971159e-06
C_09339,val,0,0.055726280434161946,0.1767244
C_09346,val,0,0.022192262444548617,0.99635315
C_09348,val,0,0.004918361126349882,2.1085858e-15
C_09356,val,0,0.002161057134020147,0.053203445
C_09378,val,0,0.05573443654660797,1.1230695e-06
C_09395,val,0,0.051197642341269896,1.113162e-07
C_09397,val,0,0.045006694168419736,1.2519365e-07
C_09404,val,0,0.0062842312798236325,5.797414e-15
C_09406,val,0,0.07496160228854568,0.21385273
C_09409,val,0,0.004539572719351029,7.211997e-05
C_09410,val,0,0.15902909396298734,0.08661562
C_09413,val,0,0.006274170708795027,9.9100006e-08
C_09414,val,0,0.08606068773036019,0.016491754
C_09430,val,0,0.003798424579853514,1.5949835e-08
C_09456,val,0,0.04746440383696663,5.958989e-22
C_09458,val,0,0.004539572719351029,9.0443166e-08
C_09462,val,0,0.004539572719351029,3.1951386e-05
C_09469,val,0,0.034806206960957514,0.03967635
C_09491,val,0,0.13247516861400274,0.18557003
C_09496,val,0,0.030960672069897735,2.5980756e-07
C_09499,val,0,0.058223956241678615,0.06373795
C_09501,val,0,0.004918361126349882,3.1071882e-05
C_09506,val,0,0.044584381950525526,3.7607414e-10
C_09515,val,0,0.18414358011224807,0.47061753
C_09518,val,0,0.005843519463314208,9.544572e-06
C_09520,val,0,0.004464330673727643,0.06353218
C_09521,val,0,0.1837913121023917,0.0003634535
C_09522,val,0,0.004539572719351029,6.8228437e-06
C_09524,val,0,0.05216557366736214,0.08043833
C_09533,val,0,0.012258177950270358,2.7762926e-05
C_09534,val,0,0.134111075105765,0.00031150877
C_09551,val,0,0.005272713602179786,1.0088632e-05
C_09565,val,0,0.04746440383696663,0.0010329684
C_09578,val,0,0.005843519463314208,9.45135e-06
C_09581,val,0,0.020151178536267002,1.3435123e-09
C_09588,val,0,0.1434981241038677,1.6406984e-06
C_09608,val,0,0.0031747674155223624,0.00017456246
C_09612,val,0,0.0018529686556606544,0.0009376594
C_09620,val,0,0.1354627673322788,5.906567e-17
C_09629,val,0,0.0357808971168636,2.2064006e-08
C_09635,val,0,0.057705983979696826,9.315565e-06
C_09639,val,0,0.018512693416941367,3.9634015e-06
C_09646,val,0,0.1837913121023917,3.492767e-07
C_09650,val,0,0.1619613698990284,0.051516462
C_09666,val,0,0.004539572719351029,3.1186838e-07
C_09681,val,0,0.004539572719351029,3.7639784e-05
C_09683,val,0,0.016355875591382938,0.00017314678
C_09691,val,0,0.08685396563183652,0.010826187
C_09697,val,0,0.1837913121023917,5.019004e-07
C_09709,val,0,0.0033228017437224627,0.013410181
C_09718,val,0,0.1857817728489839,2.518164e-16
C_09722,val,0,0.048808748581069095,0.0049215863
C_09735,val,0,0.003527690027417247,0.021596985
C_09745,val,0,0.005843519463314208,9.619128e-06
C_09750,val,0,0.015528874751493149,5.656828e-06
C_09752,val,0,0.005456591659880597,1.0775449e-05
C_09765,val,0,0.004539572719351029,1.0467392e-06
C_09779,val,0,0.01722340396552911,2.6886994e-07
C_09783,val,0,0.04963198208572911,0.18181665
C_09784,val,0,0.08660128128092862,5.022336e-08
C_09797,val,0,0.0035010579809114485,0.005298144
C_09803,val,0,0.029314513589206462,0.06733523
C_09815,val,0,0.05733662460993776,0.9372763
C_09817,val,0,0.07596370255668067,4.297182e-05
C_09833,val,0,0.004095614071346495,1.3100818e-06
C_09836,val,0,0.004095614071346495,3.0789904e-18
C_09842,val,0,0.005272713602179786,1.037429e-05
C_09843,val,0,0.006687416522928712,0.046443626
C_09849,val,0,0.005843519463314208,9.891784e-06
C_09852,val,0,0.005843519463314208,9.4738025e-06
C_09855,val,0,0.2272179007073889,4.609543e-13
C_09856,val,0,0.07245818198472949,0.00028584612
C_09860,val,0,0.0030755742787161454,1.2995504e-07
C_09863,val,0,0.0002989934223894428,8.62684e-08
C_09878,val,0,0.018717757116410494,3.1705115e-06
C_09888,val,0,0.027490185998442846,1.3653203e-13
C_09889,val,0,0.005272713602179786,1.0604811e-05
C_09890,val,0,0.042792701668399276,2.2698024e-11
C_09897,val,0,0.015553852507234645,3.8198094e-11
C_09912,val,0,0.020151178536267002,1.4690235e-11
C_09916,val,0,0.04984577440342984,0.11337038
C_09919,val,0,0.25661999038043026,5.8516366e-07
C_09920,val,0,0.01497514687138442,2.7597189e-08
C_09921,val,0,0.004095614071346495,2.2926541e-11
C_09927,val,0,0.004539572719351029,1.8678605e-12
C_09930,val,0,0.17294381655838234,0.0005210968
C_09941,val,0,0.04504595388339753,0.20930731
C_09945,val,0,0.02446846913522237,9.5487766e-14
C_09946,val,0,0.03152248453859172,0.0001469617
C_09958,val,0,0.01967554343052218,1.4715566e-10
C_09980,val,0,0.0767792469280879,9.359328e-08
C_09999,val,0,0.004184427701149658,1.4789799e-17
C_10011,val,0,0.01799114467132134,5.2644835e-17
C_10015,val,0,0.0704911643704341,0.10029509
C_10019,val,0,0.041039711974586834,1.199952e-07
C_10029,val,0,0.09883716362481379,0.058577865
C_10032,val,0,0.004539572719351029,4.5711703e-12
C_10041,val,0,0.01871083976748632,5.3935782e-08
C_10046,val,0,0.004539572719351029,1.7132605e-16
C_10053,val,0,0.029148101905059367,3.038065e-05
C_10054,val,0,0.005272713602179786,1.0406563e-05
C_10055,val,0,0.015292289149424676,1.5111613e-05
C_10057,val,0,0.06178285582387235,0.14127353
C_10063,val,0,0.004539572719351029,3.298629e-10
C_10067,val,0,0.023236473238593555,0.00021887265
C_10073,val,0,0.20094610812496208,0.062243916
C_10074,val,0,0.01820947477743832,3.2647282e-14
C_10107,val,0,0.033518172270932046,5.996162e-13
C_10109,val,0,0.003798424579853514,4.828098e-09
C_10137,val,0,0.004539572719351029,9.549823e-16
C_10139,val,0,0.09916649376305157,2.9401044e-06
C_10155,val,0,0.004539572719351029,6.2949e-17
C_10157,val,0,0.005843519463314208,9.882488e-06
C_10158,val,0,0.004539572719351029,2.4787042e-11
C_10163,val,0,0.028659408273928554,0.004306579
C_10165,val,0,0.020151178536267002,2.5616648e-10
C_10174,val,0,0.3378079098318745,1.7345458e-10
C_10177,val,0,0.004539572719351029,1.9956363e-09
C_10178,val,0,0.003798424579853514,1.2210167e-08
C_10181,val,0,0.082833911547602,9.596462e-15
C_10183,val,0,0.023620387654242597,0.07198446
C_10184,val,0,0.06520137616973971,0.12687562
C_10191,val,0,0.004539572719351029,7.621775e-12
C_10214,val,0,0.004539572719351029,1.1830713e-07
C_10224,val,0,0.003798424579853514,0.00083206873
C_10226,val,0,0.12864355734344146,1.1635209e-06
C_10227,val,0,0.0031747674155223624,0.000100673766
C_10234,val,0,0.134486901713938,0.15002127
C_10239,val,0,0.028852042574160273,4.1779013e-16
C_10241,val,0,0.04422079801135407,1.5704809e-07
C_10247,val,0,0.015174587047369171,9.652573e-09
C_10266,val,0,0.15826903665365377,0.14449914
C_10277,val,0,0.03799681621752226,3.2915743e-08
C_10280,val,0,0.05035123754498185,0.06491214
C_10285,val,0,0.06343075332227288,0.050743345
C_10292,val,0,0.002965253798224053,0.0025355283
C_10319,val,0,0.0027770186314993554,4.2542154e-15
C_10326,val,0,0.006963773970671066,5.2317343e-12
C_10329,val,0,0.004095614071346495,1.0241914e-05
C_10330,val,0,0.03711085511141364,1.3694092e-10
C_10333,val,0,0.05369753243913054,0.0015697574
C_10334,val,0,0.020800541121922988,8.2182476e-07
C_10341,val,0,0.05311704001297679,3.83488e-05
C_10343,val,0,0.005104721340412742,0.000111819405
C_10347,val,0,0.003798424579853514,2.5577663e-08
C_10353,val,0,0.0196631401191863,0.0024033024
C_10356,val,0,0.0017295898418529636,5.9157226e-13
C_10363,val,0,0.1257879960749894,0.024863385
C_10373,val,0,0.14906007054184497,7.4614696e-11
C_10376,val,0,0.06462437330365485,0.02444745
C_10390,val,0,0.027490185998442846,2.1623872e-09
C_10423,val,0,0.004095614071346495,2.7492755e-11
C_10436,val,0,0.004539572719351029,2.5733991e-06
C_10438,val,0,0.005843519463314208,9.475763e-06
C_10447,val,0,0.051599938870285696,0.0004894298
C_10455,val,0,0.005272713602179786,1.06024145e-05
C_10461,val,0,0.004539572719351029,5.800227e-06
C_10466,val,0,0.005272713602179786,9.930131e-06
C_10469,val,0,0.004095614071346495,6.3547325e-14
C_10470,val,0,0.14499781206768772,0.11768389
C_10485,val,0,0.005683515800836156,1.3446147e-05
C_10487,val,0,0.004539572719351029,3.701905e-11
C_10492,val,0,0.01871083976748632,9.571867e-13
C_10495,val,0,0.0044684584764136765,4.901468e-15
C_10496,val,0,0.04750973555912938,0.031067064
C_10497,val,0,0.09485800013061768,0.16705701
C_10510,val,0,0.004095614071346495,0.0040869266
C_10514,val,0,0.0031747674155223624,1.8095802e-13
C_10543,val,0,0.010804963524742738,0.008590288
C_10551,val,0,0.004095614071346495,4.9615023e-09
C_10561,val,0,0.04685165622772432,1.2336539e-05
C_10563,val,0,0.09444641234283403,9.008052e-10
C_10564,val,0,0.001624767390616059,0.0777467
C_10576,val,0,0.004095614071346495,5.8113434e-05
C_10588,val,0,0.004539572719351029,2.7039772e-16
C_10591,val,0,0.060536042413976386,0.084579654
C_10597,val,0,0.003798424579853514,5.1915256e-12
C_10600,val,0,0.0038209807829804186,3.6390932e-07
C_10603,val,0,0.07792047860299389,0.15680456
C_10613,val,0,0.0031747674155223624,5.025749e-15
C_10627,val,0,0.1676398417472236,0.032081664
C_10633,val,0,0.035059980582132416,8.2961435e-07
C_10636,val,0,0.037555070464959796,9.629329e-09
C_10638,val,0,0.01546461434908346,0.0017057102
C_10643,val,0,0.004539572719351029,5.4989114e-18
C_10656,val,0,0.05910162057706151,0.086879835
C_10667,val,0,0.041422372086473654,2.2123256e-08
C_10678,val,0,0.12291269683334356,0.020366948
C_10702,val,0,0.03205798392759483,9.926758e-07
C_10713,val,0,0.004095614071346495,4.8353913e-15
C_10714,val,0,0.2741270910495353,6.400956e-11
C_10719,val,0,0.3166857051350406,0.097447336
C_10728,val,0,0.007486714206210281,1.128362e-05
C_10729,val,0,0.3227773374729132,0.32908267
C_10732,val,0,0.03940571264249751,0.0035917456
C_10734,val,0,0.1707622250432913,0.13034578
C_10736,val,0,0.3030609169111214,0.32307395
C_10745,val,0,0.0044684584764136765,1.2279176e-20
C_10769,val,0,0.24829155163773314,0.53823036
C_10770,val,0,0.11167699209854906,0.00019496663
C_10771,val,0,0.0065351982300217645,1.6384173e-07
C_10785,val,0,0.13519366712361114,1.5056795e-08
C_10790,val,0,0.19108646492363432,0.75281507
C_10791,val,0,0.003798424579853514,4.8457073e-06
C_10800,val,0,0.004539572719351029,5.602903e-09
C_10803,val,0,0.017110934671487426,3.9685356e-11
C_10807,val,0,0.005843519463314208,9.732077e-06
C_10811,val,0,0.21785784323881865,0.027510783
C_10833,val,0,0.1577921651291802,1.5706615e-05
C_10834,val,0,0.020147719246981617,0.09345764
C_10835,val,0,0.03548934658024255,0.054243345
C_10851,val,0,0.004095614071346495,4.933812e-10
C_10854,val,0,0.14593235488207576,0.11461643
C_10862,val,0,0.015838652791523057,0.00038333726
C_10864,val,0,0.005843519463314208,9.515271e-06
C_10865,val,0,0.05685014538911433,0.1251505
C_10882,val,0,0.004539572719351029,3.0834062e-09
C_10883,val,0,0.21034763007776347,0.000100907026
C_10890,val,0,0.13572455967823355,0.00043818905
C_10918,val,0,0.048803572054558424,0.00011981329
C_10935,val,0,0.08089671675909667,0.0003065554
C_10947,val,0,0.003062555677273666,7.9904666e-11
C_10948,val,0,0.6249517318057083,0.034765735
C_10956,val,0,0.004561929463950255,1.1808832e-05
C_10957,val,0,0.015060623355378382,1.8784217e-08
C_10959,val,0,0.050465746998371995,1.01692995e-05
C_10963,val,0,0.0729885268770459,0.09066409
C_10967,val,0,0.02097665123479315,0.00035482226
C_10972,val,0,0.004095614071346495,3.0190924e-06
C_10981,val,0,0.005030067881610482,0.10643176
C_10985,val,0,0.059732268496815455,2.7815771e-05
C_10987,val,0,0.041804523410879604,1.0217122e-09
C_11015,val,0,0.014687978430999653,6.6869603e-07
C_11017,val,0,0.005843519463314208,9.462795e-06
C_11018,val,0,0.006687416522928712,0.044915725
C_11020,val,0,0.35464020944412206,0.0007447237
C_11024,val,0,0.004560591045704436,2.0736772e-07
C_11028,val,0,0.0017394404481816648,9.110517e-10
C_11036,val,0,0.03695082707963165,0.25121805
C_11038,val,0,0.008603519789183936,3.3379802e-08
C_11050,val,0,0.019810304577701634,1.071312e-11
C_11052,val,0,0.003798424579853514,1.8752719e-07
C_11058,val,0,0.004539572719351029,5.561595e-08
C_11059,val,0,0.005739183752165256,5.640703e-12
C_11060,val,0,0.005272713602179786,1.0114024e-05
C_11062,val,0,0.11372352008220514,6.9102307e-06
C_11064,val,0,0.045805775667381955,0.00042539908
C_11070,val,0,0.037154412371097414,0.0786561
C_11099,val,0,0.061569067674960246,0.22467056
C_11102,val,0,0.005812676653568994,0.00073296775
C_11109,val,0,0.004539572719351029,1.2554756e-07
C_11117,val,0,0.016505666558871635,4.7825303e-08
C_11136,val,0,0.17076569829256946,3.6434178e-09
C_11145,val,0,0.0029975624840433064,0.0022334019
C_11146,val,0,0.004827403900077386,0.0034663558
C_11163,val,0,0.030064565222090302,3.287161e-05
C_11171,val,0,0.005843519463314208,9.827686e-06
C_11177,val,0,0.062424773700924516,0.3679537
C_11180,val,0,0.1886275213280205,0.6866743
C_11187,val,0,0.004539572719351029,3.727061e-12
C_11198,val,0,0.20351423758086487,0.0452011
C_11204,val,0,0.015983783882284015,6.585277e-05
C_11205,val,0,0.004539572719351029,1.3875654e-05
C_11208,val,0,0.10157370387644776,5.38491e-06
C_11213,val,0,0.005272713602179786,1.0014935e-05
C_11219,val,0,0.005787736831295191,9.812299e-06
C_11232,val,0,0.049011964315427765,0.060939483
C_11234,val,0,0.004095614071346495,4.558172e-08
C_11239,val,0,0.03686698023909681,0.00014102852
C_11243,val,0,0.004539572719351029,4.4687593e-05
C_11244,val,0,0.07285326974944653,0.09609372
C_11249,val,0,0.05302688746770104,0.008275418
C_11253,val,0,0.03023123564485184,1.9018538e-09
C_11259,val,0,0.05557691506834581,1.1004639e-07
C_11278,val,0,0.020056022043638114,0.023822684
C_11281,val,0,0.004031426454623072,1.9650486e-17
C_11284,val,0,0.04563474666172953,1.7392523e-15
C_11287,val,0,0.09616982648911404,0.0643506
C_11288,val,0,0.03469871661200035,1.0008593e-10
C_11303,val,0,0.08841558535572773,0.026437776
C_11350,val,0,0.012304229925180847,1.227335e-08
C_11369,val,0,0.004095614071346495,2.8503672e-10
C_11373,val,0,0.06938301543681095,0.34524742
C_11378,val,0,0.03033034865538014,0.008026834
C_11395,val,0,0.3740742276633377,0.32752702
C_11416,val,0,0.015548801127366797,1.0610004e-14
C_11419,val,0,0.06404751235335528,1.3946828e-10
C_11420,val,0,0.0526041584526015,0.00015007576
C_11421,val,0,0.004561929463950255,0.12136681
C_11431,val,0,0.004539572719351029,2.367772e-16
C_11435,val,0,0.005456591659880597,1.1111887e-05
C_11445,val,0,0.020368763327205688,1.0708114e-07
C_11455,val,0,0.004539572719351029,2.6924432e-05
C_11458,val,0,0.019479704680389148,0.0071786353
C_11472,val,0,0.14138091744155865,6.790902e-09
C_11474,val,0,0.08267880785121846,3.2551137e-07
C_11484,val,0,0.16316678577652965,0.13172248
C_11491,val,0,0.17009992042305558,4.2298732e-05
C_11493,val,0,0.003798424579853514,9.035348e-09
C_11511,val,0,0.04876224085080384,0.026543284
C_11523,val,0,0.2731949732329451,0.19613095
C_11525,val,0,0.0041723710837549425,1.6291327e-05
C_11530,val,0,0.0033228017437224627,8.100833e-06
C_11531,val,0,0.004539572719351029,2.8158302e-05
C_11541,val,0,0.0794733550760435,5.7369262e-11
C_11545,val,0,0.005843519463314208,9.842213e-06
C_11548,val,0,0.005843519463314208,9.487906e-06
C_11550,val,0,0.04938011002982151,3.1225454e-16
C_11551,val,0,0.003798424579853514,0.017671503
C_11558,val,0,0.16283918071767273,0.23161538
C_11560,val,0,0.004031426454623072,0.0024356123
C_11562,val,0,0.007990141277020829,2.943487e-20
C_11567,val,0,0.004095614071346495,2.9791536e-10
C_11568,val,0,0.0001342190092026198,2.4338643e-12
C_11577,val,0,0.00776403466005643,8.129197e-06
C_11580,val,0,0.11094482773325573,2.784305e-05
C_11582,val,0,0.18337441241394434,0.8155241
C_11584,val,0,0.19938221696263436,6.5225785e-17
C_11589,val,0,0.004539572719351029,2.6549665e-09
C_11597,val,0,0.14357030674641702,0.094402336
C_11599,val,0,0.004539572719351029,1.3104004e-06
C_11602,val,0,0.004095614071346495,2.3260286e-06
C_11614,val,0,0.0027345225744834973,0.0012453693
C_11616,val,0,0.07090230500211663,8.3747587e-13
C_11618,val,0,0.003559550292370344,5.579771e-13
C_11627,val,0,0.0023375396845226196,0.0021190122
C_11628,val,0,0.0018157667365762149,0.9312229
C_11629,val,0,0.005843519463314208,9.695284e-06
C_11634,val,0,0.10198322769827685,0.00046414405
C_11648,val,0,0.03532789819930328,1.8759403e-05
C_11656,val,0,0.004542849210572591,6.0950185e-08
C_11657,val,0,0.004095614071346495,2.0903547e-06
C_11667,val,0,0.017323215906259216,1.3081942e-05
C_11679,val,0,0.004095614071346495,4.3634468e-16
C_11681,val,0,0.004539572719351029,2.819904e-05
C_11702,val,0,0.004095614071346495,3.6039754e-08
C_11713,val,0,0.01871083976748632,1.5367218e-07
C_11716,val,0,0.024025214416821553,0.04618629
C_11720,val,0,0.050296704203429264,0.055203937
C_11724,val,0,0.3080705675940298,0.0017066508
C_11728,val,0,0.23127430185279732,0.34169444
C_11741,val,0,0.300452761046828,0.6268332
C_11745,val,0,0.19932593677979107,0.08485026
C_11754,val,0,0.21869254379893419,0.76518524
C_11767,val,0,0.004539572719351029,1.260881e-05
C_11769,val,0,0.002926081547494348,9.310609e-06
C_11770,val,0,0.03230227462960893,0.00032178243
C_11796,val,0,0.0037750696165450848,2.01288e-06
C_11803,val,0,0.01497514687138442,0.0007482703
C_11818,val,0,0.41131758551080844,0.8036002
C_11819,val,0,0.004095614071346495,1.6380533e-05
C_11823,val,0,0.035059980582132416,1.26588475e-05
C_11842,val,0,0.07764018594431697,0.122066624
C_11843,val,0,0.004539572719351029,7.308552e-13
C_11846,val,0,0.23288642279586683,6.5400174e-10
C_11849,val,0,0.04007048385728393,9.996863e-05
C_11862,val,0,0.004539572719351029,1.5982868e-09
C_11869,val,0,0.004539572719351029,1.826575e-06
C_11877,val,0,0.01871083976748632,8.983309e-14
C_11883,val,0,0.1688215471386542,2.1215389e-08
C_11884,val,0,0.004095614071346495,6.082078e-17
C_11886,val,0,0.004539572719351029,2.2074139e-05
C_11896,val,0,0.05902958681636866,0.077009805
C_11898,val,0,0.3479044215501421,0.00016304734
C_11919,val,0,0.9377266912154543,6.788292e-11
C_11926,val,0,0.0038209807829804186,0.005710611
C_11927,val,0,0.003798424579853514,2.7043679e-17
C_11929,val,0,0.02979891423434625,0.00011573522
C_11935,val,0,0.0034293750844426483,0.00019772253
C_11939,val,0,0.24689096335939906,0.22662885
C_11943,val,0,0.10627158163405498,0.00042145915
C_11947,val,0,0.005456591659880597,1.0781997e-05
C_11976,val,0,0.004539572719351029,1.6261524e-09
C_11989,val,0,0.19716687474723454,0.18675992
C_11990,val,0,0.004539572719351029,1.3357072e-08
C_11993,val,0,0.0019800841974273926,3.8914358e-11
C_11997,val,0,0.1846167137957545,0.27229986
C_11998,val,0,0.0044684584764136765,1.4086954e-06
C_12000,val,0,0.004095614071346495,4.9754045e-09
C_12006,val,0,0.004539572719351029,2.4815905e-05
C_12014,val,0,0.014948964641177915,2.8491038e-06
C_12023,val,0,0.0012482481284237948,4.738425e-06
C_12031,val,0,0.02437894042617198,4.204452e-11
C_12034,val,0,0.22622118215094983,0.58834517
C_12046,val,0,0.05337750153536023,0.1308467
C_12051,val,0,0.005456591659880597,0.09008144
C_12052,val,0,0.004095614071346495,2.9500678e-13
C_12060,val,0,0.005456591659880597,0.08457604
C_12066,val,0,0.004095614071346495,1.9600704e-07
C_12068,val,0,0.004539572719351029,1.4989733e-13
C_12071,val,0,0.005272713602179786,1.0578075e-05
C_12078,val,0,0.009682374959235277,1.2017906e-06
C_12093,val,0,0.005787736831295191,1.0038352e-05
C_12101,val,0,0.13284634193659936,3.66558e-11
C_12104,val,0,0.044584381950525526,9.933958e-16
C_12112,val,0,0.3941135737356451,4.9914803e-08
C_12122,val,0,0.011636757862067597,0.014152806
C_12135,val,0,0.07886113560708374,0.026484013
C_12138,val,0,0.05738365471580739,8.7074324e-05
C_12142,val,0,0.03848373598821392,8.1948585e-17
C_12143,val,0,0.02446846913522237,2.5136142e-06
C_12151,val,0,0.10149463605478264,0.10396266
C_12153,val,0,0.0019095896721345786,7.065365e-10
C_12154,val,0,0.08672751241054734,2.3168777e-05
C_12179,val,0,0.004539572719351029,3.9176042e-19
C_12181,val,0,0.08535259195466947,0.08086165
C_12183,val,0,0.02132032591602563,0.0773683
C_12185,val,0,0.05091565130469528,0.00036961533
C_12200,val,0,0.03459172956501088,1.7774538e-06
C_12210,val,0,0.004539572719351029,0.0077224495
C_12221,val,0,0.004539572719351029,7.270214e-11
C_12231,val,0,0.05189757432156016,2.6090776e-05
C_12232,val,0,0.05735326556135203,0.12235215
C_12241,val,0,0.004539572719351029,5.3232015e-12
C_12242,val,0,0.16470773748186768,0.82764864
C_12248,val,0,0.11532546102362817,5.1842347e-15
C_12259,val,0,0.0027770186314993554,3.9603516e-12
C_12267,val,0,0.0041723710837549425,0.00016228299
C_12284,val,0,0.3486206114501457,1.9005542e-18
C_12300,val,0,0.14825685382403508,4.0218114e-05
C_12302,val,0,0.004539572719351029,5.5593748e-05
C_12309,val,0,0.1132483750097218,0.12759593
C_12315,val,0,0.0274222793043794,0.4303703
C_12324,val,0,0.004539572719351029,3.509268e-11
C_12327,val,0,0.22876495967693175,8.1238346e-07
C_12333,val,0,0.0027308353952618524,0.0011824956
C_12335,val,0,0.18057872611643566,0.13979149
C_12337,val,0,0.015593306563381822,1.0341304e-09
C_12339,val,0,0.01799114467132134,2.213187e-07
C_12342,val,0,0.017070039710371278,0.038998872
C_12345,val,0,0.004539572719351029,4.5402544e-08
C_12348,val,0,0.13006525172912892,1.9670319e-05
C_12354,val,0,0.0017844465489167225,0.0014274477
C_12360,val,0,0.004539572719351029,1.5219881e-07
C_12363,val,0,0.026814843241207996,0.054654367
C_12372,val,0,0.026740568449059615,3.598796e-08
C_12391,val,0,0.02756475121281748,0.0335231
C_12406,val,0,0.07800591107780193,0.08628227
C_12407,val,0,0.1059513953154409,1.0635647e-08
C_12411,val,0,0.13984806300586464,0.00049207587
C_12414,val,0,0.025776334163240818,0.014393608
C_12426,val,0,0.004095614071346495,2.2866896e-10
C_12430,val,0,0.015838652791523057,1.5206236e-08
C_12438,val,0,0.13244283165094065,3.3034423e-05
C_12443,val,0,0.07974212342806107,0.18610239
C_12445,val,0,0.004095614071346495,5.2579125e-20
C_12453,val,0,0.030293886399752577,9.4817e-10
C_12466,val,0,0.0044684584764136765,9.9359866e-08
C_12468,val,0,0.22639438754660787,0.82200944
C_12469,val,0,0.004539572719351029,8.871844e-07
C_12475,val,0,0.004539572719351029,4.9051338e-05
C_12481,val,0,0.0017394404481816648,2.0631633e-13
C_12488,val,0,0.043284126033254926,0.07378665
C_12496,val,0,0.006687416522928712,0.05236848
C_12500,val,0,0.025229782979209872,0.00013711987
C_12511,val,0,0.03094177716238798,3.1351476e-07
C_12512,val,0,0.13416876506771575,1.7452118e-10
C_12524,val,0,0.13928565466501258,0.11699194
C_12525,val,0,0.061595083214247365,0.09395296
C_12543,val,0,0.252150661920156,0.3394219
C_12559,val,0,0.033301919412961505,4.6599966e-06
C_12566,val,0,0.008094224396195141,3.61625e-06
C_12572,val,0,0.03802248898810468,0.00039837256
C_12578,val,0,0.006718047079106171,4.0991655e-12
C_12580,val,0,0.16881352553988738,0.16209146
C_12581,val,0,0.04681240565519067,4.9356328e-05
C_12595,val,0,0.05189312507442676,2.3431562e-06
C_12597,val,0,0.005843519463314208,9.8252585e-06
C_12598,val,0,0.031072284734684784,9.134084e-05
C_12606,val,0,0.012114967084449018,0.0012215927
C_12609,val,0,0.004095614071346495,4.589221e-06
C_12610,val,0,0.011570639674431464,1.773981e-09
C_12611,val,0,0.005843519463314208,9.567584e-06
C_12622,val,0,0.004539572719351029,4.5132162e-14
C_12627,val,0,0.24757060526787902,0.0005175575
C_12653,val,0,0.004184427701149658,1.8784547e-11
C_12654,val,0,0.01637539279286249,0.021513829
C_12659,val,0,0.022192262444548617,3.226084e-05
C_12668,val,0,0.07715469617127341,3.0635053e-06
C_12669,val,0,0.001953260431295177,0.04608117
C_12673,val,0,0.005059900809556799,0.11171224
C_12680,val,0,0.06705988265533876,8.303117e-14
C_12684,val,0,0.4225369268410965,0.08498842
C_12688,val,0,0.03802248898810468,2.0576907e-07
C_12692,val,0,0.005272713602179786,1.029289e-05
C_12693,val,0,0.004539572719351029,8.379056e-17
C_12698,val,0,0.006687416522928712,0.060507897
C_12708,val,0,0.031257702990238494,0.06142388
C_12713,val,0,0.006155477698712172,0.064567514
C_12737,val,0,0.012112348397324208,4.3644945e-06
C_12743,val,0,0.002528560251500956,1.1557596e-06
C_12762,val,0,0.007394820670792356,0.0091869375
C_12770,val,0,0.0023339385144911175,0.00011053189
C_12773,val,0,0.0036378131568666886,0.00087564957
C_12783,val,0,0.1600987428546132,0.5577811
C_12784,val,0,0.004095614071346495,6.8787943e-16
C_12786,val,0,0.1511746338713242,0.00324326
C_12790,val,0,0.004095614071346495,9.4208255e-17
C_12798,val,0,0.15547072995888125,0.17146704
C_12801,val,0,0.01240456878874365,2.9559668e-08
C_12808,val,0,0.06464032122747349,0.9496698
C_12813,val,0,0.006420199243717926,1.6156951e-05
C_12819,val,0,0.004095614071346495,7.2111886e-11
C_12820,val,0,0.004539572719351029,2.0263237e-06
C_12826,val,0,0.05268272336619386,0.13178636
C_12834,val,0,0.018884985532837975,2.166033e-08
C_12851,val,0,0.16561296854087312,4.866805e-11
C_12857,val,0,0.20151513813983435,0.11258109
C_12858,val,0,0.00895778222082515,1.2177128e-05
C_12859,val,0,0.01497514687138442,0.09977154
C_12872,val,0,0.22985362271734672,3.4016448e-05
C_12876,val,0,0.1206548008505355,2.401503e-07
C_12877,val,0,0.00776403466005643,7.975927e-06
C_12879,val,0,0.03113381114861507,0.024516543
C_12894,val,0,0.004095614071346495,0.0073026777
C_12909,val,0,0.004095614071346495,1.1359091e-06
C_12910,val,0,0.19357936806946285,0.20277414
C_12913,val,0,0.05612337681068032,2.686244e-07
C_12916,val,0,0.0037750696165450848,9.781548e-09
C_12917,val,0,0.004539572719351029,3.7223236e-19
C_12922,val,0,0.004539572719351029,1.7613395e-07
C_12927,val,0,0.0002121404933834467,6.743178e-11
C_12938,val,0,0.0033228017437224627,2.9148648e-09
C_12941,val,0,0.1837913121023917,2.4690069e-08
C_12942,val,0,0.005456591659880597,0.10361873
C_12947,val,0,0.001833283083901846,0.00020070313
C_12953,val,0,0.025604244121899957,0.0007047027
C_12965,val,0,0.004095614071346495,1.4384163e-07
C_12970,val,0,0.024148015039086604,0.036749743
C_12975,val,0,0.15277505529769658,3.1547649e-12
C_12992,val,0,0.04837147562380871,0.040275875
C_13000,val,0,0.04750468992195073,5.476879e-10
C_13003,val,0,0.02266514405525013,0.0730483
C_13018,val,0,0.034621978127147505,2.1437037e-07
C_13023,val,0,0.029173356445444897,0.054646704
C_13032,val,0,0.09653509290887147,0.883812
C_13035,val,0,0.004095614071346495,6.487637e-14
C_13036,val,0,0.01723606735096056,2.520162e-06
C_13038,val,0,0.0017725063926598836,2.6980573e-09
C_13048,val,0,0.012112348397324208,2.831394e-12
C_13054,val,0,0.04556397889914291,2.3573426e-05
C_13058,val,0,0.014107453598992053,9.067411e-12
C_13071,val,0,0.02304334545963973,0.14226605
C_13072,val,0,0.004539572719351029,1.9069736e-26
C_13076,val,0,0.16662628511775215,0.86953866
C_13079,val,0,0.048073642119764046,0.13603874
C_13081,val,0,0.05968255845838435,9.334491e-07
C_13093,val,0,0.04575851535969545,0.055007357
C_13096,val,0,0.17660564842940904,0.0083692465
C_13126,val,0,0.060188569680104734,0.0075225625
C_13143,val,0,0.003798424579853514,4.601031e-05
C_13144,val,0,0.0036311246388073017,1.5326829e-10
C_13145,val,0,0.040456789928173385,1.1959005e-08
C_13148,val,0,0.022192262444548617,0.00044978166
C_13159,val,0,0.044584381950525526,7.8127685e-15
C_13161,val,0,0.004539572719351029,5.0279997e-12
C_13165,val,0,0.0012774762996537357,4.3647733e-06
C_13169,val,0,0.0030755742787161454,2.2798001e-10
C_13170,val,0,0.17127700660995235,2.9348463e-10
C_13171,val,0,0.03728217771145029,0.1586295
C_13191,val,0,0.13250779675961752,0.0006081379
C_13202,val,0,0.014143538669207392,0.00974073
C_13206,val,0,0.01692214630970298,0.025743142
C_13212,val,0,0.19619214479598746,0.49588597
C_13214,val,0,0.024390214454336118,1.3876171e-05
C_13216,val,0,0.1872645561723708,8.960726e-09
C_13219,val,0,0.05072134712477495,0.0039232597
C_13231,val,0,0.003798424579853514,2.011662e-07
C_13234,val,0,0.010189690866432542,9.689978e-05
C_13247,val,0,0.02139392829105999,0.00033897668
C_13252,val,0,0.22706477448982806,1.14303025e-10
C_13265,val,0,0.004539572719351029,1.0103748e-10
C_13277,val,0,0.04556397889914291,0.016354911
C_13295,val,0,0.0632264608647926,0.1890484
C_13298,val,0,0.09778913427689574,0.009019705
C_13311,val,0,0.004539572719351029,1.6314159e-08
C_13317,val,0,0.004539572719351029,2.248428e-09
C_13320,val,0,0.013870683399933494,0.004463502
C_13328,val,0,0.19346068230621222,0.22201386
C_13334,val,0,0.19895640551882815,0.09420253
C_13335,val,0,0.008602210050690265,7.5783687e-06
C_13336,val,0,0.002418620865002459,0.0009752143
C_13344,val,0,0.003798424579853514,1.1797632e-15
C_13346,val,0,0.12291642476546091,0.13533114
C_13349,val,0,0.003798424579853514,6.556985e-07
C_13366,val,0,0.12806222986404123,1.3526351e-09
C_13379,val,0,0.006256290388263527,0.015938891
C_13384,val,0,0.047533499161756816,7.1170357e-06
C_13391,val,0,0.0331166053497459,0.0027930771
C_13396,val,0,0.007057878939280323,0.001349462
C_13397,val,0,0.04686690313120784,0.00015880617
C_13427,val,0,0.14131877690992062,9.096008e-16
C_13431,val,0,0.15610828602281923,1.7220825e-06
C_13434,val,0,0.004073791060250971,0.16651683
C_13458,val,0,0.004539572719351029,1.3557787e-06
C_13463,val,0,0.0337536865045168,0.00023050893
C_13476,val,0,0.006155477698712172,0.051677566
C_13480,val,0,0.10557892961298629,4.2869194e-11
C_13490,val,0,0.018512693416941367,8.1157326e-05
C_13506,val,0,0.004539572719351029,1.5553633e-12
C_13510,val,0,0.09319624746014611,7.2342715e-20
C_13515,val,0,0.022442847537767156,4.1536805e-05
C_13517,val,0,0.004539572719351029,3.6251063e-07
C_13520,val,0,0.10826121489718243,0.07469557
C_13523,val,0,0.01771501248884845,0.0012574627
C_13537,val,0,0.0033228017437224627,3.3799044e-12
C_13569,val,0,0.03801047499709828,0.013293277
C_13582,val,0,0.04321001679534801,2.5738188e-07
C_13583,val,0,0.10593642445489769,8.376776e-12
C_13593,val,0,0.0987601521262882,0.090564705
C_13598,val,0,0.006749261280807957,0.15001482
C_13607,val,0,0.026267655249898922,0.11550777
C_13611,val,0,0.004918361126349882,0.00014179104
C_13617,val,0,0.003798424579853514,6.5196064e-06
C_13618,val,0,0.0029416527203580518,4.2657966e-10
C_13628,val,0,0.025250022146665125,6.6651063e-13
C_13639,val,0,0.004095614071346495,3.4747374e-09
C_13641,val,0,0.004539572719351029,7.0373667e-09
C_13646,val,0,0.03945485433795521,0.06401462
C_13657,val,0,0.006687416522928712,0.06366733
C_13662,val,0,0.005272713602179786,9.930813e-06
C_13672,val,0,0.005456591659880597,1.13812e-05
C_13679,val,0,0.05972801248589947,0.11594853
C_13696,val,0,0.03499392838679184,8.743557e-09
C_13705,val,0,0.003798424579853514,1.3945459e-08
C_13708,val,0,0.006581530705120186,0.2552687
C_13709,val,0,0.004539572719351029,1.4726637e-09
C_13712,val,0,0.004560591045704436,9.178805e-05
C_13717,val,0,0.033759662267585776,3.276967e-05
C_13720,val,0,0.004539572719351029,4.502564e-21
C_13728,val,0,0.18562333024893996,0.06149674
C_13742,val,0,0.04528734710809147,9.2252594e-05
C_13743,val,0,0.2357708589367675,3.808264e-15
C_13744,val,0,0.05318944815281607,2.7227832e-06
C_13753,val,0,0.04345089116458834,0.36368144
C_13776,val,0,0.001543483565224422,3.7748124e-10
C_13778,val,0,0.0038209807829804186,1.1911882e-08
C_13788,val,0,0.005843519463314208,9.553433e-06
C_13802,val,0,0.029394055929995708,9.3213697e-07
C_13803,val,0,0.03215309828933147,1.2394927e-06
C_13809,val,0,0.005492033005056941,1.307815e-05
C_13810,val,0,0.03286497507869427,2.9589382e-09
C_13816,val,0,0.0032733817084682456,1.3577635e-09
C_13822,val,0,0.015432575542765616,0.0028763108
C_13824,val,0,0.004539572719351029,2.0025254e-10
C_13828,val,0,0.010282635730013538,0.00020368084
C_13843,val,0,0.02836175435036931,3.1390778e-06
C_13847,val,0,0.019504786827603687,3.547089e-10
C_13866,val,0,0.045006694168419736,8.065614e-08
C_13867,val,0,0.0014590979218481927,0.010737765
C_13872,val,0,0.23128668762233648,7.553055e-14
C_13877,val,0,0.04876224085080384,0.056118857
C_13879,val,0,0.02483699324983619,3.1064578e-09
C_13883,val,0,0.08664487154612956,1.206174e-09
C_13887,val,0,0.0031747674155223624,2.2581193e-07
C_13891,val,0,0.003798424579853514,4.021588e-17
C_13907,val,0,0.00895778222082515,1.2039108e-05
C_13909,val,0,0.04594855438638427,1.9459076e-05
C_13911,val,0,0.2384660925326413,1.5938218e-08
C_13913,val,0,0.051033174685086745,1.2840486e-17
C_13927,val,0,0.17648749583431916,6.954331e-09
C_13931,val,0,0.02051277051491569,6.122317e-06
C_13935,val,0,0.20761923437584212,0.70937216
C_13936,val,0,0.06121288509158032,0.10900662
C_13948,val,0,0.003932340530368018,1.3511138e-09
C_13958,val,0,0.1999600425842805,0.06471802
C_13959,val,0,0.004539572719351029,4.80206e-05
C_13965,val,0,0.06022107746888651,0.099909864
C_13966,val,0,0.18470461805481833,6.0776056e-05
C_13973,val,0,0.003798424579853514,1.9331945e-19
C_13975,val,0,0.2715683095892845,0.39848217
C_13990,val,0,0.004095614071346495,2.428523e-07
C_13998,val,0,0.004539572719351029,7.459897e-05
C_14001,val,0,0.01497514687138442,0.0014320236
C_14013,val,0,0.004539572719351029,8.2603506e-08
C_14017,val,0,0.028659408273928554,3.2429204e-10
C_14029,val,0,0.0011343263981104463,0.0013730263
C_14033,val,0,0.23962888581377795,5.862982e-07
C_14055,val,0,0.0019127741043864564,0.017715594
C_14056,val,0,0.15450591226423888,0.25805154
C_14064,val,0,0.13766082356981818,1.6812381e-09
C_14065,val,0,0.012174542277057622,4.266337e-05
C_14072,val,0,0.0033228017437224627,1.3366756e-12
C_14076,val,0,0.002782086172886383,2.8251907e-06
C_14079,val,0,0.01985796828305604,3.60394e-05
C_14080,val,0,0.04746440383696663,0.00013061913
C_14084,val,0,0.08958929727171636,0.0833193
C_14088,val,0,0.004095614071346495,3.32878e-08
C_14097,val,0,0.004095614071346495,2.7101099e-17
C_14100,val,0,0.23529794993653938,0.00041253984
C_14118,val,0,0.004539572719351029,6.840613e-13
C_14121,val,0,0.005272713602179786,1.0017925e-05
C_14122,val,0,0.09207594904965646,0.004163005
C_14124,val,0,0.03188348901054841,0.00039819127
C_14130,val,0,0.008595203743210824,1.6951923e-18
C_14131,val,0,0.004095614071346495,0.0029998687
C_14139,val,0,0.04110808798534483,0.0036771267
C_14142,val,0,0.004095614071346495,5.062543e-21
C_14143,val,0,0.003798424579853514,1.8969775e-09
C_14148,val,0,0.005843519463314208,9.8924165e-06
C_14152,val,0,0.10216628299215445,6.775599e-08
C_14153,val,0,0.0030755742787161454,0.00024659888
C_14154,val,0,0.06778796041819685,0.08372707
C_14156,val,0,0.002225056078755402,0.00025738555
C_14158,val,0,0.004539572719351029,0.00014598292
C_14162,val,0,0.22575173001492374,0.026878696
C_14166,val,0,0.0059446006873307075,0.030202854
C_14187,val,0,0.0033705820393960533,2.518467e-12
C_14189,val,0,0.004095614071346495,1.2141395e-13
C_14191,val,0,0.015548801127366797,0.05878816
C_14203,val,0,0.003798424579853514,3.872059e-15
C_14206,val,0,0.005000034726964258,0.0016047516
C_14212,val,0,0.024025214416821553,0.078258626
C_14218,val,0,0.014060133227883005,2.5549478e-12
C_14222,val,0,0.01546461434908346,7.2144353e-06
C_14229,val,0,0.004095614071346495,1.7815928e-21
C_14232,val,0,0.005843519463314208,9.880961e-06
C_14242,val,0,0.017187413805277427,5.4118665e-09
C_14243,val,0,0.005456591659880597,0.09915143
C_14252,val,0,0.037421662069625945,1.7606519e-05
C_14261,val,0,0.004031426454623072,0.0018357928
C_14270,val,0,0.0033228017437224627,6.546291e-06
C_14280,val,0,0.005843519463314208,9.5479045e-06
C_14289,val,0,0.004918361126349882,0.003154426
C_14293,val,0,0.059627285779292744,0.12263225
C_14300,val,0,0.006984500507186983,2.3913673e-13
C_14328,val,0,0.04253369308344208,0.012757915
C_14329,val,0,0.006047992900066698,0.09323724
C_14339,val,0,0.025630204905507818,4.312277e-06
C_14354,val,0,0.003798424579853514,9.640507e-06
C_14356,val,0,0.004539572719351029,2.4247088e-08
C_14361,val,0,0.022192262444548617,1.04924716e-07
C_14369,val,0,0.004539572719351029,6.8859754e-06
C_14370,val,0,0.004031426454623072,2.533493e-06
C_14395,val,0,0.03652479727550902,0.016487557
C_14396,val,0,0.0038596794925984433,1.3546049e-05
C_14409,val,0,0.1524057020854826,0.5435533
C_14418,val,0,0.19685802423655807,0.0010680961
C_14426,val,0,0.08531642853771147,1.4352963e-06
C_14429,val,0,0.257814349401605,0.33712927
C_14437,val,0,0.004539572719351029,3.1931285e-07
C_14440,val,0,0.03355030761557955,0.0036114089
C_14449,val,0,0.003798424579853514,4.3856065e-09
C_14455,val,0,0.06232077104763774,0.16915849
C_14462,val,0,0.015196386067021395,0.0002249217
C_14469,val,0,0.04103038747624216,2.6528198e-07
C_14487,val,0,0.2791851430997903,6.715732e-08
C_14491,val,0,0.2594113593122569,0.07191338
C_14492,val,0,0.0003560346539178178,4.4141056e-05
C_14500,val,0,0.21886622220267957,0.020817589
C_14502,val,0,0.004603287748840097,6.135253e-10
C_14517,val,0,0.026549421878217228,0.08143757
C_14524,val,0,0.016505666558871635,5.823258e-15
C_14530,val,0,0.02549042077145506,0.07782236
C_14543,val,0,0.029314513589206462,0.0653306
C_14544,val,0,0.12205522347214476,0.022781309
C_14545,val,0,0.004539572719351029,2.787202e-14
C_14547,val,0,0.004095614071346495,1.6923125e-12
C_14556,val,0,0.078552578596594,0.35536113
C_14563,val,0,0.042866995168708184,0.00026460466
C_14570,val,0,0.003798424579853514,9.703053e-06
C_14600,val,0,0.09161068402238123,1.8000515e-06
C_14601,val,0,0.07987818907869705,4.2203672e-07
C_14603,val,0,0.24870511554779956,0.0029403288
C_14607,val,0,0.036865956175798686,0.23289351
C_14612,val,0,0.004031426454623072,5.9391994e-05
C_14616,val,0,0.1433510625571773,0.04766147
C_14621,val,0,0.1873416096610546,0.7994296
C_14622,val,0,0.005843519463314208,9.540405e-06
C_14626,val,0,0.004095614071346495,1.2120635e-05
C_14629,val,0,0.030792560931062935,0.004269702
C_14637,val,0,0.24689096335939906,0.24220967
C_14640,val,0,0.043974482940585875,0.0034701116
C_14646,val,0,0.045006694168419736,1.3993078e-07
C_14650,val,0,0.055726280434161946,0.15057144
C_14654,val,0,0.04056524443690038,0.0033035825
C_14661,val,0,0.004095614071346495,3.5189393e-15
C_14662,val,0,0.09575670646784178,0.13268791
C_14671,val,0,0.017458675027893916,0.0008247461
C_14676,val,0,0.0027770186314993554,9.262837e-06
C_14695,val,0,0.003695769785449042,5.12666e-12
C_14698,val,0,0.004539572719351029,1.00210666e-10
C_14702,val,0,0.050126811606308955,0.0008896357
C_14704,val,0,0.05073777862504667,0.0045361146
C_14718,val,0,0.00895778222082515,1.2067119e-05
C_14723,val,0,0.004095614071346495,5.2439962e-05
C_14750,val,0,0.19016605727553487,0.07387488
C_14752,val,0,0.3196158767359369,0.0042862464
C_14755,val,0,0.014618994683722143,6.63873e-09
C_14761,val,0,0.05608936575056495,0.2745455
C_14774,val,0,0.003798424579853514,0.00014036495
C_14780,val,0,0.01820947477743832,8.5886764e-10
C_14796,val,0,0.09662349577859468,0.111682504
C_14807,val,0,0.022192262444548617,0.0042078923
C_14810,val,0,0.04631436594792519,7.269735e-05
C_14822,val,0,0.0033228017437224627,1.2724997e-09
C_14843,val,0,0.05212736580828811,0.08355886
C_14850,val,0,0.004095614071346495,5.012572e-09
C_14852,val,0,0.017702867854572268,7.2430805e-05
C_14861,val,0,0.004539572719351029,5.2581183e-18
C_14867,val,0,0.04747495642281802,6.497143e-19
C_14868,val,0,0.04727675330248024,0.0016320617
C_14885,val,0,0.004095614071346495,6.040273e-10
C_14891,val,0,0.018884985532837975,0.00054678466
C_14894,val,0,0.004539572719351029,1.4797415e-05
C_14911,val,0,0.04594855438638427,1.9593829e-09
C_14924,val,0,0.002683102249008035,0.070003904
C_14927,val,0,0.021396197364824943,0.06321016
C_14930,val,0,0.1410519280070639,0.002027977
C_14933,val,0,0.031257702990238494,0.049512576
C_14941,val,0,0.027000111799276406,2.956233e-07
C_14946,val,0,0.003956664606479628,7.528732e-05
C_14948,val,0,0.1675032798802034,0.30728593
C_14969,val,0,0.05049605155892128,9.187493e-13
C_14973,val,0,0.0028177493803098457,4.7804073e-11
C_14978,val,0,0.005272713602179786,1.0307153e-05
C_14982,val,0,0.004539572719351029,1.6620387e-08
C_14984,val,0,0.19227754978205494,3.077568e-07
C_14999,val,0,0.004095614071346495,9.582515e-17
C_15004,val,0,0.004631719873938708,4.6042737e-07
C_15007,val,0,0.005272713602179786,0.06822325
C_15018,val,0,0.005456591659880597,1.1164997e-05
C_15025,val,0,0.005843519463314208,9.530929e-06
C_15026,val,0,0.060077960136983896,0.07481961
C_15033,val,0,0.2766218813630081,0.10007525
C_15052,val,0,0.03940571264249751,0.0031114495
C_15057,val,0,0.004184427701149658,0.0053119785
C_15064,val,0,0.07193013040357783,5.2710384e-08
C_15065,val,0,0.05030507420543689,0.0009257844
C_15072,val,0,0.004095614071346495,3.065268e-10
C_15077,val,0,0.08568904400309069,6.53675e-07
C_15080,val,0,0.03940571264249751,0.00066533696
C_15097,val,0,0.006271352910789982,0.1369787
C_15098,val,0,0.20836294981651074,0.028119048
C_15101,val,0,0.2522764645490024,1.7839566e-13
C_15102,val,0,0.005843519463314208,9.797656e-06
C_15110,val,0,0.03932848033298011,5.452598e-07
C_15112,val,0,0.13475654621119307,0.0054286164
C_15119,val,0,0.002062366305773085,1.2124724e-22
C_15122,val,0,0.005456591659880597,1.13817205e-05
C_15126,val,0,0.04006938884641404,1.145683e-05
C_15140,val,0,0.004095614071346495,5.5323057e-06
C_15166,val,0,0.006155477698712172,0.058023445
C_15180,val,0,0.005843519463314208,9.820902e-06
C_15191,val,0,0.004031426454623072,4.779184e-07
C_15197,val,0,0.014432579466743136,0.010296642
C_15198,val,0,0.027390226466812648,8.003411e-05
C_15200,val,0,0.33318622561846895,5.5951474e-05
C_15203,val,0,0.004561929463950255,0.13318892
C_15205,val,0,0.22193002291540967,4.578099e-07
C_15211,val,0,0.22807171742731516,0.17382048
C_15219,val,0,0.199937986980268,0.30479503
C_15223,val,0,0.004539572719351029,2.18171e-06
C_15227,val,0,0.09055402381459085,0.9882505
C_15229,val,0,0.004539572719351029,4.240366e-05
C_15232,val,0,0.004031426454623072,3.9437091e-07
C_15241,val,0,0.004095614071346495,3.081782e-10
C_15249,val,0,0.005843519463314208,9.503663e-06
C_15257,val,0,0.26588532763585254,0.11341206
C_15263,val,0,0.22919448292923297,0.015588308
C_15266,val,0,0.12644460675000394,0.0002230388
C_15268,val,0,0.0044684584764136765,0.010780712
C_15292,val,0,0.005843519463314208,9.445042e-06
C_15294,val,0,0.3749807538572961,0.8018971
C_15297,val,0,0.03015618982959944,1.2299042e-05
C_15299,val,0,0.24494648072956815,1.8103834e-05
C_15309,val,0,0.004539572719351029,9.001857e-06
C_15310,val,0,0.022081226310733785,0.10086919
C_15314,val,0,0.11619081975062934,0.11619456
C_15321,val,0,0.005456591659880597,1.0931813e-05
C_15346,val,0,0.0225582778007066,3.2963582e-10
C_15350,val,0,0.004539572719351029,1.6155054e-09
C_15362,val,0,0.10782208008825057,6.522259e-08
C_15372,val,0,0.004918361126349882,8.3332474e-10
C_15378,val,0,0.07407357994322354,0.12031335
C_15383,val,0,0.04453688128035955,2.454588e-06
C_15396,val,0,0.3921585233086085,7.180783e-08
C_15404,val,0,0.014176223923834556,2.8753801e-11
C_15406,val,0,0.1318591130088439,3.8517978e-10
C_15421,val,0,0.8501621945664674,0.69742334
C_15422,val,0,0.0022486913936443772,2.9124878e-06
C_15427,val,0,0.005272713602179786,0.054173995
C_15429,val,0,0.00808981179945174,0.23320203
C_15430,val,0,0.19699289355734526,0.09322836
C_15434,val,0,0.08953615674870828,0.0074365586
C_15442,val,0,0.04655227254017966,0.17116609
C_15443,val,0,0.004031426454623072,7.053377e-11
C_15462,val,0,0.03193687340101135,4.353173e-05
C_15473,val,0,0.21665582545025394,0.00064375764
C_15474,val,0,0.017473359418953144,9.611864e-08
C_15481,val,0,0.004095614071346495,1.2006166e-05
C_15482,val,0,0.036865956175798686,0.0005396234
C_15494,val,0,0.035424962333508184,0.020018857
C_15504,val,0,0.005272713602179786,1.0078918e-05
C_15519,val,0,0.2625174656022653,9.410033e-06
C_15520,val,0,0.2651857608960204,0.123982
C_15522,val,0,0.00625003183235077,1.6754225e-08
C_15527,val,0,0.051054766466532155,0.084141426
C_15530,val,0,0.25417173033870016,0.68551475
C_15535,val,0,0.05962340653039564,0.07038788
C_15536,val,0,0.004095614071346495,5.2058815e-09
C_15540,val,0,0.020151178536267002,0.00019764602
C_15546,val,0,0.004539572719351029,1.226827e-12
C_15552,val,0,0.016594099282972972,7.4725417e-06
C_15553,val,0,0.0030755742787161454,1.918299e-09
C_15555,val,0,0.004095614071346495,2.798307e-15
C_15568,val,0,0.07033495592047773,0.002399852
C_15573,val,0,0.01054219025326684,2.333753e-05
C_15576,val,0,0.1158892466217934,4.464054e-07
C_15582,val,0,0.02661825675126882,0.00017963654
C_15597,val,0,0.020800541121922988,0.00066535216
C_15598,val,0,0.1718334232153472,8.1317846e-13
C_15606,val,0,0.04854737372507813,0.06387774
C_15607,val,0,0.005272713602179786,1.0471432e-05
C_15624,val,0,0.06021747008908129,0.18165258
C_15629,val,0,0.004539572719351029,8.013767e-07
C_15633,val,0,0.004031426454623072,5.751832e-05
C_15639,val,0,0.015835921855219107,0.113269106
C_15641,val,0,0.004539572719351029,1.05740645e-10
C_15647,val,0,0.32081395028744325,0.000622171
C_15653,val,0,0.03585812444257649,0.010597583
C_15661,val,0,0.058254559736676356,0.19654857
C_15675,val,0,0.016417814249896783,7.167832e-10
C_15676,val,0,0.004095614071346495,1.8721087e-08
C_15679,val,0,0.05813972531118318,2.9998605e-06
C_15686,val,0,0.13280350405451086,0.00069404446
C_15690,val,0,0.004539572719351029,3.666237e-11
C_15691,val,0,0.05735326556135203,0.1221528
C_15699,val,0,0.005843519463314208,9.598116e-06
C_15705,val,0,0.005843519463314208,9.818393e-06
C_15709,val,0,0.03598651431321993,0.0055630705
C_15715,val,0,0.07987818907869705,1.3216503e-07
C_15716,val,0,0.004095614071346495,5.012795e-07
C_15717,val,0,0.026851483513010536,0.035213936
C_15719,val,0,0.005843519463314208,9.860346e-06
C_15727,val,0,0.02394659713150059,0.073565245
C_15741,val,0,0.004539572719351029,1.3278337e-06
C_15744,val,0,0.005272713602179786,1.0517219e-05
C_15753,val,0,0.03851183251446341,5.8413967e-05
C_15757,val,0,0.03665813679359116,9.430323e-08
C_15760,val,0,0.15717079707141313,0.016662672
C_15798,val,0,0.005272713602179786,1.0532617e-05
C_15811,val,0,0.024648167453987284,0.06809986
C_15818,val,0,0.08862699006998621,0.20871209
C_15820,val,0,0.015983783882284015,7.34585e-10
C_15839,val,0,0.025305859657988393,0.1645825
C_15841,val,0,0.0017337355148205058,0.019603552
C_15846,val,0,0.004539572719351029,3.682978e-09
C_15854,val,0,0.003798424579853514,1.7287961e-13
C_15867,val,0,0.0020682856924964152,0.032976195
C_15869,val,0,0.014687978430999653,0.007826556
C_15872,val,0,0.004095614071346495,0.00017962918
C_15873,val,0,0.09696107560880235,7.1004124e-06
C_15876,val,0,0.08339266407752728,0.00014079244
C_15878,val,0,0.19358829236732664,3.9765164e-06
C_15879,val,0,0.05664312452771115,0.00070252415
C_15882,val,0,0.013094079174640897,0.04166998
C_15883,val,0,0.0041008642247603085,0.00014080749
C_15888,val,0,0.0014504642016036212,0.03664232
C_15944,val,0,0.043923242871460426,0.018409222
C_15946,val,0,0.01674574657774525,1.5144366e-10
C_15949,val,0,0.25235904655418073,0.15006964
C_15956,val,0,0.005843519463314208,9.816071e-06
C_15967,val,0,0.015757408881352714,7.799664e-08
C_15970,val,0,0.1369038558432726,0.7954979
C_15976,val,0,0.004539572719351029,3.3186673e-06
C_15983,val,0,0.1644534822748259,9.998754e-21
C_15987,val,0,0.04563474666172953,1.5985413e-11
C_15988,val,0,0.09372047896604746,0.0044966247
C_15989,val,0,0.1120451153704996,0.942882
C_15991,val,0,0.04987765688029373,0.06279992
C_16005,val,0,0.075962564332961,7.1599194e-14
C_16006,val,0,0.004095614071346495,0.00019057226
C_16017,val,0,0.005843519463314208,9.43039e-06
C_16023,val,0,0.01546461434908346,0.00028158695
C_16030,val,0,0.004095614071346495,5.2412474e-14
C_16034,val,0,0.004539572719351029,6.0186327e-09
C_16041,val,0,0.004095614071346495,0.0012803498
C_16048,val,0,0.002433851895576889,3.0021211e-12
C_16055,val,0,0.005843519463314208,9.7237835e-06
C_16056,val,0,0.1430819025901902,4.7357925e-15
C_16057,val,0,0.25342783029143645,0.39217997
C_16067,val,0,0.004539572719351029,1.8417436e-10
C_16080,val,0,0.004539572719351029,2.9183791e-05
C_16090,val,0,0.05569279691098812,3.2059683e-07
C_16103,val,0,0.03056422595587751,9.698698e-15
C_16104,val,0,0.003798424579853514,5.68667e-15
C_16115,val,0,0.029015324544401613,0.028195804
C_16126,val,0,0.05241235624940291,0.012651058
C_16138,val,0,0.015548801127366797,5.174256e-08
C_16145,val,0,0.0526041584526015,2.1755909e-18
C_16152,val,0,0.004539572719351029,1.1376605e-13
C_16155,val,0,0.08932405945055774,0.50750047
C_16160,val,0,0.03711085511141364,0.0014281016
C_16163,val,0,0.06825801449039189,3.2217107e-11
C_16173,val,0,0.005843519463314208,0.047126353
C_16176,val,0,0.0013049848926856892,0.86463505
C_16177,val,0,0.18151700219910163,0.3619813
C_16181,val,0,0.028563266812477887,8.4620415e-06
C_16190,val,0,0.004918361126349882,5.7779775e-10
C_16195,val,0,0.005000034726964258,0.00038657297
C_16202,val,0,0.004539572719351029,8.188798e-09
C_16210,val,0,0.0470666757397469,0.0011686406
C_16214,val,0,0.004886157696488988,7.075701e-12
C_16216,val,0,0.022192262444548617,0.00032365829
C_16234,val,0,0.005843519463314208,9.542707e-06
C_16235,val,0,0.004095614071346495,1.8648947e-20
C_16243,val,0,0.024554229675231427,2.9687317e-07
C_16245,val,0,0.05624846490423443,0.004593578
C_16246,val,0,0.014239579038375541,3.2115246e-12
C_16251,val,0,0.004539572719351029,3.003772e-15
C_16254,val,0,0.08606068773036019,1.30847945e-11
C_16259,val,0,0.11911952037797367,1.167601e-11
C_16265,val,0,0.4190986467972699,3.5908954e-09
C_16268,val,0,0.29930682222354266,9.8952485e-05
C_16279,val,0,0.004539572719351029,2.7933014e-10
C_16296,val,0,0.005272713602179786,1.0389835e-05
C_16299,val,0,0.3331309422451127,0.0061339894
C_16300,val,0,0.007011893414119206,0.02112823
C_16306,val,0,0.1492149675545294,0.060220376
C_16313,val,0,0.021711032681000497,0.040170394
C_16316,val,0,0.03254501797934961,0.0005290474
C_16321,val,0,0.01787446189712349,0.0037710522
C_16323,val,0,0.027649526289812893,9.451437e-10
C_16324,val,0,0.0011222437753004668,3.4411205e-09
C_16330,val,0,0.003798424579853514,6.252824e-05
C_16343,val,0,0.03860613001957254,0.11374537
C_16348,val,0,0.013129239424713684,1.0532848e-05
C_16350,val,0,0.05184485629592923,0.32368615
C_16375,val,0,0.004539572719351029,1.03805704e-13
C_16379,val,0,0.04606790436078764,0.036900066
C_16386,val,0,0.022920759582132792,0.09880634
C_16395,val,0,0.004539572719351029,1.8110523e-08
C_16408,val,0,0.005843519463314208,9.424707e-06
C_16421,val,0,0.005843519463314208,9.599919e-06
C_16424,val,0,0.0033228017437224627,1.8444562e-05
C_16426,val,0,0.11710184822886717,0.041080944
C_16432,val,0,0.005843519463314208,9.52863e-06
C_16440,val,0,0.004095614071346495,5.2380494e-14
C_16459,val,0,0.008481818741977832,0.07837472
C_16462,val,0,0.005272713602179786,9.9456265e-06
C_16486,val,0,0.11508733714318309,0.403768
C_16488,val,0,0.04774576255320163,1.631111e-08
C_16491,val,0,0.33867133984779757,0.057437144
C_16495,val,0,0.03867299516628561,3.8708995e-07
C_16498,val,0,0.007171460670406155,8.8852306e-07
C_16513,val,0,0.004918361126349882,1.7858827e-10
C_16527,val,0,0.12936232180323765,0.100913964
C_16529,val,0,0.003540942164294345,7.77661e-06
C_16536,val,0,0.004095614071346495,9.3396e-17
C_16542,val,0,0.04876224085080384,8.61728e-05
C_16546,val,0,0.004095614071346495,8.315223e-05
C_16555,val,0,0.27927804836984405,4.7326827e-09
C_16561,val,0,0.004095614071346495,4.046179e-09
C_16581,val,0,0.03189866672431091,3.2609354e-12
C_16585,val,0,0.21604932435082683,0.29316086
C_16596,val,0,0.022161482016645168,0.054485884
C_16599,val,0,0.29434330283987536,1.4001087e-07
C_16618,val,0,0.07697909944038811,2.6136527e-07
C_16619,val,0,0.006624949393586976,0.06521359
C_16620,val,0,0.08610349243406473,9.0350545e-09
C_16622,val,0,0.005272713602179786,9.942687e-06
C_16643,val,0,0.04106033288942075,4.529094e-13
C_16644,val,0,0.003798424579853514,0.00031263373
C_16647,val,0,0.004539572719351029,4.8353694e-09
C_16651,val,0,0.0033228017437224627,4.969354e-09
C_16669,val,0,0.04458293880895508,1.11281115e-05
C_16680,val,0,0.003715169773166601,0.0027801027
C_16684,val,0,0.004095614071346495,1.9979998e-05
C_16693,val,0,0.0016699159037719305,0.0013264872
C_16697,val,0,0.13940631585584107,0.14015046
C_16700,val,0,0.14276546713924618,2.6715421e-05
C_16701,val,0,0.03867299516628561,0.011837109
C_16704,val,0,0.22732306256859386,0.057582412
C_16707,val,0,0.01751320755476706,0.021142688
C_16711,val,0,0.15547072995888125,0.14486308
C_16723,val,0,0.004539572719351029,0.00020619921
C_16735,val,0,0.11470532944160476,8.4189625e-05
C_16748,val,0,0.065944349882129,2.1822905e-06
C_16776,val,0,0.06514373685353388,0.04745604
C_16779,val,0,0.08757949287578949,3.0310016e-10
C_16781,val,0,0.05624846490423443,7.5733745e-08
C_16790,val,0,0.6307559929490888,1.7215908e-12
C_16796,val,0,0.004539572719351029,6.127675e-10
C_16801,val,0,0.03623850152430889,0.00010235049
C_16803,val,0,0.1863111991361009,0.21067443
C_16805,val,0,0.2723341786102792,4.6546877e-10
C_16816,val,0,0.003798424579853514,1.3581388e-05
C_16837,val,0,0.002029117885176166,0.00026361804
C_16839,val,0,0.0026902193070828576,0.027385011
C_16848,val,0,0.15532796012308903,0.011319505
C_16858,val,0,0.0648349889406449,2.0765689e-22
C_16871,val,0,0.00776403466005643,7.969699e-06
C_16875,val,0,0.004031426454623072,0.00024033125
C_16882,val,0,0.053347000672834294,0.11148552
C_16888,val,0,0.04631336039646653,3.2427347e-10
C_16890,val,0,0.05412780103902984,0.4119432
C_16896,val,0,0.003798424579853514,2.1634493e-26
C_16899,val,0,0.003798424579853514,6.198107e-06
C_16908,val,0,0.0483892812764149,7.7697526e-10
C_16914,val,0,0.049636751609096794,0.015600708
C_16922,val,0,0.2695627649371915,0.18081614
C_16924,val,0,0.018884985532837975,7.3878276e-08
C_16925,val,0,0.021765651662753814,4.4539583e-08
C_16930,val,0,0.005843519463314208,9.776487e-06
C_16932,val,0,0.027831997953046347,1.025862e-05
C_16933,val,0,0.19661781395959754,6.642153e-08
C_16938,val,0,0.1769095692787203,0.003736872
C_16950,val,0,0.1511746338713242,0.00034362727
C_16966,val,0,0.0025324263315260388,6.1605226e-10
C_16975,val,0,0.23122630248500378,0.0033618466
C_16980,val,0,0.007143457444468414,8.6531745e-06
C_16986,val,0,0.003798424579853514,9.2013375e-15
C_16988,val,0,0.004095614071346495,0.0020707794
C_16992,val,0,0.004095614071346495,0.00025060071
C_16999,val,0,0.004539572719351029,2.6025434e-12
C_17002,val,0,0.0035010579809114485,3.297088e-05
C_17008,val,0,0.06550082599436564,1.1479916e-11
C_17009,val,0,0.29729686387125426,0.41238227
C_17014,val,0,0.0048182312713056,4.7371735e-08
C_17017,val,0,0.005843519463314208,9.869208e-06
C_17024,val,0,0.17442929815367422,8.425475e-06
C_17026,val,0,0.004095614071346495,7.1519015e-12
C_17027,val,0,0.004918361126349882,4.0415654e-07
C_17033,val,0,0.004827403900077386,1.0735014e-17
C_17036,val,0,0.004095614071346495,0.0007225245
C_17042,val,0,0.004539572719351029,1.0453056e-06
C_17046,val,0,0.02462802739581475,0.06747681
C_17047,val,0,0.010258449000216333,4.530017e-10
C_17062,val,0,0.009896165501843655,3.1122236e-06
C_17070,val,0,0.018884985532837975,0.0033274023
C_17071,val,0,0.11186181334936914,0.03194101
C_17077,val,0,0.10999963962528383,0.20550296
C_17078,val,0,0.0021469096199764736,5.2322966e-06
C_17079,val,0,0.14331036491837215,1.5878413e-08
C_17080,val,0,0.005041525433733196,9.2445545e-05
C_17092,val,0,0.007444442512825902,0.035104875
C_17098,val,0,0.07652159945863636,2.5624987e-15
C_17102,val,0,0.008582911879062292,0.033225935
C_17108,val,0,0.015838652791523057,4.327839e-16
C_17114,val,0,0.003798424579853514,5.3515336e-08
C_17124,val,0,0.09082874213467962,4.814005e-15
C_17126,val,0,0.016594099282972972,0.0016620172
C_17130,val,0,0.005456591659880597,1.1286859e-05
C_17135,val,0,0.03506391749979262,0.26135597
C_17154,val,0,0.031282785968500315,0.0035608336
C_17155,val,0,0.003642702501556624,1.4303919e-07
C_17158,val,0,0.003798424579853514,0.000151781
C_17159,val,0,0.03504626716525964,1.6354786e-08
C_17171,val,0,0.24289125125521369,3.7615635e-07
C_17174,val,0,0.018146702488276507,0.08525009
C_17177,val,0,0.14068378641698503,5.8040837e-07
C_17178,val,0,0.03166573896196845,2.89513e-08
C_17180,val,0,0.00837761287779664,0.01238648
C_17184,val,0,0.05112610567278851,9.001831e-07
C_17187,val,0,0.29038450987969855,0.28721458
C_17188,val,0,0.19673095216682093,0.18453899
C_17222,val,0,0.12354361379026546,1.9348613e-12
C_17223,val,0,0.012423376718775279,3.594266e-06
C_17228,val,0,0.04787579156510619,1.0302239e-05
C_17237,val,0,0.06383285525498927,0.046665195
C_17240,val,0,0.026814843241207996,0.05093063
C_17245,val,0,0.005272713602179786,1.008538e-05
C_17248,val,0,0.004539572719351029,1.5111494e-11
C_17249,val,0,0.14912127704424089,0.88374907
C_17258,val,0,0.05403456138277455,3.5846254e-10
C_17261,val,0,0.004095614071346495,4.102483e-07
C_17267,val,0,0.017187413805277427,0.03691954
C_17270,val,0,0.005843519463314208,9.8039745e-06
C_17272,val,0,0.003798424579853514,1.4289336e-10
C_17275,val,0,0.005843519463314208,9.714572e-06
C_17280,val,0,0.0038209807829804186,2.1395637e-05
C_17286,val,0,0.004095614071346495,3.270414e-13
C_17287,val,0,0.004539572719351029,4.745138e-09
C_17312,val,0,0.004539572719351029,4.9541988e-14
C_17318,val,0,0.058223956241678615,0.06655272
C_17326,val,0,0.08606068773036019,0.53549755
C_17327,val,0,0.12166632980920364,6.4372616e-05
C_17329,val,0,0.03791228627336536,2.4395447e-07
C_17332,val,0,0.007001926978875804,0.0024764107
C_17338,val,0,0.004031426454623072,3.592056e-11
C_17361,val,0,0.004095614071346495,4.0495607e-09
C_17366,val,0,0.004539572719351029,3.2310453e-07
C_17370,val,0,0.004860492721545511,0.06488847
C_17372,val,0,0.003684797403590354,0.0016934621
C_17386,val,0,0.0017999985501057573,6.482842e-09
C_17390,val,0,0.0044684584764136765,4.900493e-16
C_17397,val,0,0.0033228017437224627,7.147851e-08
C_17417,val,0,0.011470057179728689,0.036557626
C_17422,val,0,0.10506268723563364,9.303178e-05
C_17427,val,0,0.03628962124352313,1.7380885e-11
C_17429,val,0,0.038095722714675775,1.0221014e-10
C_17435,val,0,0.0029067584843103394,1.1790625e-13
C_17443,val,0,0.04481341663503876,2.3265814e-12
C_17447,val,0,0.22764738083795133,0.3044757
C_17451,val,0,0.010317949729133621,0.003047573
C_17465,val,0,0.004095614071346495,5.1297193e-09
C_17478,val,0,0.039418863532660824,3.780426e-06
C_17485,val,0,0.02877310544453431,0.06234581
C_17489,val,0,0.004539572719351029,5.304763e-09
C_17517,val,0,0.10841602237355553,0.0007046564
C_17518,val,0,0.02493039768614439,2.6484442e-15
C_17530,val,0,0.004539572719351029,1.0087837e-07
C_17540,val,0,0.005456591659880597,1.1499784e-05
C_17581,val,0,0.007057472682863631,1.962694e-12
C_17584,val,0,0.01843518692476211,0.016018989
C_17591,val,0,0.02944760092407843,0.0041792206
C_17593,val,0,0.005488940310593208,0.11430459
C_17595,val,0,0.015983783882284015,1.3775278e-05
C_17601,val,0,0.004095614071346495,5.841789e-16
C_17608,val,0,0.004539572719351029,3.4084308e-18
C_17634,val,0,0.03851183251446341,1.1020183e-11
C_17639,val,0,0.22720584187338477,0.12883405
C_17642,val,0,0.0026136274298091543,9.303269e-06
C_17645,val,0,0.022192262444548617,1.1504878e-08
C_17649,val,0,0.031056529983038445,9.587025e-07
C_17650,val,0,0.16243844455480688,3.0897107e-05
C_17657,val,0,0.02608784488480302,1.5401006e-09
C_17665,val,0,0.15394785154024834,0.22147954
C_17704,val,0,0.07848194110486464,1.0269956e-06
C_17705,val,0,0.0062842312798236325,3.6294907e-05
C_17707,val,0,0.004539572719351029,1.5729296e-05
C_17712,val,0,0.18536124275181182,8.228723e-05
C_17717,val,0,0.013234613556643673,3.1388952e-06
C_17731,val,0,0.004095614071346495,7.627132e-05
C_17736,val,0,0.18313471033055237,5.027665e-07
C_17738,val,0,0.054023873410023,0.5001621
C_17752,val,0,0.008602210050690265,7.6126885e-06
C_17765,val,0,0.004539572719351029,6.5349304e-10
C_17770,val,0,0.004095614071346495,3.9278407e-11
C_17785,val,0,0.3309754711556173,0.88194746
C_17796,val,0,0.004095614071346495,1.607986e-06
C_17797,val,0,0.18417108468411075,0.23501268
C_17799,val,0,0.004539572719351029,1.0226508e-07
C_17801,val,0,0.12173893503013408,5.07073e-09
C_17815,val,0,0.025850921727488818,0.0001316181
C_17817,val,0,0.004539572719351029,4.186212e-09
C_17818,val,0,0.17857191003295386,0.16194843
C_17819,val,0,0.01871083976748632,0.0149142565
C_17827,val,0,0.018884985532837975,6.132416e-08
C_17844,val,0,0.21832369485103278,1.8817993e-05
C_17856,val,0,0.04716129344671719,6.37449e-07
C_17863,val,0,0.11590379225512396,0.4572278
C_17869,val,0,0.1322170981181688,6.217793e-08
C_17870,val,0,0.11107481887949253,1.0693786e-07
C_17871,val,0,0.005272713602179786,1.0268673e-05
C_17876,val,0,0.007143457444468414,9.1535785e-06
C_17881,val,0,0.06364733307999075,0.15544687
C_17888,val,0,0.004184427701149658,4.7925994e-05
C_17903,val,0,0.005843519463314208,9.573453e-06
C_17946,val,0,0.00788073088689153,0.0021202476
C_17955,val,0,0.005272713602179786,1.0008022e-05
C_17963,val,0,0.004095614071346495,3.775176e-12
C_17982,val,0,0.04376191782718116,7.961205e-09
C_17988,val,0,0.045828239029723855,5.7386756e-06
C_17997,val,0,0.0038443150401251116,0.031446997
C_17999,val,0,0.004095614071346495,2.7749373e-05
C_18022,val,0,0.2315141606478157,0.9159568
C_18029,val,0,0.007143457444468414,9.096102e-06
C_18035,val,0,0.1334379475385672,0.13064523
C_18051,val,0,0.18991099565773117,3.319416e-08
C_18062,val,0,0.014667785856405963,6.0667426e-05
C_18068,val,0,0.0052332476577154775,0.20214899
C_18070,val,0,0.05046783773064522,2.6635547e-12
C_18085,val,0,0.004539572719351029,9.164654e-09
C_18092,val,0,0.15700379118276564,0.16181366
C_18093,val,0,0.004539572719351029,2.2615956e-07
C_18096,val,0,0.004539572719351029,2.2683556e-12
C_18098,val,0,0.19017482806879196,1.7066043e-08
C_18099,val,0,0.004095614071346495,1.9944553e-05
C_18102,val,0,0.183112133380814,0.0003292704
C_18125,val,0,0.0031747674155223624,4.3387168e-08
C_18126,val,0,0.004095614071346495,1.6402878e-14
C_18134,val,0,0.004095614071346495,4.288683e-05
C_18139,val,0,0.052143360768421756,2.3802585e-10
C_18151,val,0,0.01497514687138442,0.00023300319
C_18159,val,0,0.002186179186018043,1.0990309e-08
C_18171,val,0,0.004539572719351029,1.2343254e-13
C_18172,val,0,0.09461105514372598,0.40353262
C_18178,val,0,0.004095614071346495,1.0011563e-08
C_18179,val,0,0.06861348100719317,3.6927543e-06
C_18188,val,0,0.0037750696165450848,4.9062364e-12
C_18201,val,0,0.008727730637964198,2.486668e-12
C_18207,val,0,0.03568305992239502,0.03621901
C_18209,val,0,0.016056713036807085,2.609419e-11
C_18211,val,0,0.004539572719351029,2.9774637e-23
C_18214,val,0,0.05076367917537092,8.4459956e-10
C_18219,val,0,0.046780114466179336,0.008613887
C_18239,val,0,0.01820947477743832,0.000119488235
C_18243,val,0,0.0526041584526015,0.047688555
C_18246,val,0,0.05099628060092897,0.13681354
C_18261,val,0,0.0033228017437224627,1.1115205e-05
C_18262,val,0,0.005272713602179786,0.057307445
C_18266,val,0,0.004539572719351029,1.0787135e-06
C_18282,val,0,0.030779929945503062,0.00019542131
C_18284,val,0,0.01771501248884845,1.0851427e-10
C_18285,val,0,0.0044684584764136765,1.5399786e-11
C_18287,val,0,0.16973928284881645,4.3165759e-13
C_18293,val,0,0.015432575542765616,0.00015312344
C_18298,val,0,0.015671579502826986,3.1088955e-05
C_18304,val,0,0.004539572719351029,2.0211573e-08
C_18305,val,0,0.016695207501261928,0.001217884
C_18312,val,0,0.15482617123169265,0.13670336
C_18318,val,0,0.11774117284499991,1.0247288e-05
C_18324,val,0,0.19210989822775035,9.959799e-08
C_18328,val,0,0.006315619841491228,2.792663e-17
C_18338,val,0,0.0052181259810482996,8.6061465e-07
C_18342,val,0,0.004095614071346495,2.7541563e-07
C_18349,val,0,0.028084004917929676,0.029375996
C_18352,val,0,0.00233408207591873,3.26256e-07
C_18356,val,0,0.0044684584764136765,3.8965128e-20
C_18358,val,0,0.004918361126349882,0.0012910898
C_18359,val,0,0.04451845370840234,0.11752975
C_18360,val,0,0.15478791222424496,2.1089713e-08
C_18366,val,0,0.005973878221916141,0.069143735
C_18371,val,0,0.04557570297085268,3.1197942e-09
C_18384,val,0,0.004561929463950255,0.13758782
C_18389,val,0,0.04782076088982218,0.14493953
C_18393,val,0,0.004539572719351029,1.8293446e-12
C_18396,val,0,0.04980666617935442,0.010443026
C_18397,val,0,0.12832114787031604,2.8351828e-06
C_18405,val,0,0.4165355141254894,0.82746077
C_18417,val,0,0.07886755176410996,0.09325531
C_18428,val,0,0.1241078959879026,0.34029993
C_18432,val,0,0.004539572719351029,9.244473e-11
C_18435,val,0,0.004095614071346495,5.9885475e-05
C_18444,val,0,0.00026107735307313575,3.56645e-14
C_18445,val,0,0.1363707477353651,1.9482997e-09
C_18446,val,0,0.04681240565519067,9.369992e-12
C_18447,val,0,0.0041723710837549425,0.009250254
C_18457,val,0,0.004095614071346495,1.3618832e-15
C_18464,val,0,0.1524057020854826,0.54677224
C_18465,val,0,0.004539572719351029,6.946284e-09
C_18470,val,0,0.05575412071333377,0.61147285
C_18478,val,0,0.01771501248884845,0.001996306
C_18486,val,0,0.0990332475684542,3.5444635e-05
C_18496,val,0,0.04406746817473039,5.534642e-08
C_18499,val,0,0.005456591659880597,1.09610855e-05
C_18505,val,0,0.04876224085080384,4.6880153e-08
C_18510,val,0,0.005843519463314208,9.479839e-06
C_18516,val,0,0.29187605634115343,1.6249968e-19
C_18518,val,0,0.04438066739217023,0.077139385
C_18525,val,0,0.0206124059554466,4.4927198e-08
C_18526,val,0,0.003429109013436874,1.7945284e-10
C_18532,val,0,0.005272713602179786,1.0011936e-05
C_18560,val,0,0.004539572719351029,3.6301643e-07
C_18568,val,0,0.043061196727123614,0.0059440495
C_18575,val,0,0.028796375594265476,7.9938005e-08
C_18586,val,0,0.12146582318782918,0.021399517
C_18598,val,0,0.02282946662913937,0.068685465
C_18606,val,0,0.05908031466262914,0.006397501
C_18608,val,0,0.004095614071346495,2.5465447e-06
C_18649,val,0,0.05960167087003894,3.4600266e-14
C_18652,val,0,0.024028181368802918,2.067571e-17
C_18653,val,0,0.004539572719351029,1.6148046e-07
C_18662,val,0,0.031282785968500315,6.9956204e-06
C_18670,val,0,0.004539572719351029,1.14070205e-10
C_18678,val,0,0.22720478165328511,4.6174278e-09
C_18701,val,0,0.004539572719351029,2.9614464e-06
C_18706,val,0,0.022081226310733785,0.09309057
C_18724,val,0,0.3434920040576434,6.515819e-07
C_18731,val,0,0.0041723710837549425,0.00041732035
C_18732,val,0,0.004266181809157552,3.066128e-21
C_18747,val,0,0.07734567898493132,0.08242406
C_18751,val,0,0.005272713602179786,1.0433921e-05
C_18756,val,0,0.004539572719351029,4.4087668e-11
C_18771,val,0,0.0658988629593952,0.04993411
C_18780,val,0,0.0038209807829804186,6.7919764e-13
C_18793,val,0,0.2560663478106836,0.52413565
C_18811,val,0,0.048599478844934575,0.002156602
C_18813,val,0,0.004539572719351029,4.071124e-07
C_18819,val,0,0.12598114627928594,0.31060943
C_18829,val,0,0.020151178536267002,1.0318788e-06
C_18831,val,0,0.004446112225080731,1.9917088e-05
C_18853,val,0,0.005934029050483938,0.029149886
C_18856,val,0,0.022192262444548617,1.6135099e-09
C_18858,val,0,0.016559155894823638,0.00015999017
C_18867,val,0,0.015657762256254606,0.02955136
C_18877,val,0,0.005272713602179786,1.0127943e-05
C_18884,val,0,0.000947667474041469,1.7756872e-09
C_18887,val,0,0.00776403466005643,7.984025e-06
C_18888,val,0,0.004539572719351029,2.8184576e-08
C_18892,val,0,0.5274297470138691,6.9923854e-06
C_18902,val,0,0.130386281085194,0.00037378864
C_18916,val,0,0.03940571264249751,8.616622e-05
C_18923,val,0,0.03017461994807654,3.2068784e-16
C_18929,val,0,0.06540388773107225,0.23584136
C_18937,val,0,0.2099109126503832,6.7012606e-12
C_18942,val,0,0.005670897740732097,1.3044194e-06
C_18948,val,0,0.1922043005909274,0.5049695
C_18961,val,0,0.003798424579853514,0.00018520544
C_18969,val,0,0.20964135465088934,2.3748983e-10
C_18970,val,0,0.01546461434908346,0.0047990894
C_18973,val,0,0.009969271600648023,1.8636925e-09
C_18986,val,0,0.057177311404789044,0.121157
C_18995,val,0,0.005771511951386792,0.057962388
C_18997,val,0,0.03940571264249751,6.7119934e-08
C_19011,val,0,0.004539572719351029,8.405729e-08
C_19026,val,0,0.08630753859665835,4.2245754e-21
C_19030,val,0,0.004539572719351029,4.316646e-05
C_19031,val,0,0.00032816872742651095,3.4250966e-13
C_19044,val,0,0.02266514405525013,0.06254022
C_19050,val,0,0.11056127823529191,1.8141129e-05
C_19054,val,0,0.07149285446688536,0.14335999
C_19055,val,0,0.3380851673065421,1.37021425e-05
C_19057,val,0,0.0012848314012505616,0.004303887
C_19059,val,0,0.0033228017437224627,5.62782e-15
C_19062,val,0,0.16099323753485836,0.0051636044
C_19068,val,0,0.10023428195978054,4.475683e-19
C_19072,val,0,0.22233585992951435,5.5424685e-16
C_19077,val,0,0.021765651662753814,1.7745106e-07
C_19084,val,0,0.005843519463314208,9.776618e-06
C_19086,val,0,0.006963773970671066,6.6313544e-07
C_19095,val,0,0.005272713602179786,1.0241778e-05
C_19099,val,0,0.004095614071346495,5.1020932e-05
C_19102,val,0,0.005272713602179786,1.0441884e-05
C_19115,val,0,0.005272713602179786,0.07391214
C_19130,val,0,0.004539572719351029,6.246085e-05
C_19137,val,0,0.05668929770311691,0.040927675
C_19141,val,0,0.06011566318314698,0.033693306
C_19147,val,0,0.058223956241678615,0.060593653
C_19152,val,0,0.004539572719351029,4.1672994e-09
C_19156,val,0,0.020372892243695363,2.2576515e-08
C_19161,val,0,0.061457041766644946,0.002244184
C_19163,val,0,0.003263832021335892,0.00011885686
C_19164,val,0,0.14502792475643933,8.530841e-08
C_19166,val,0,0.0044684584764136765,3.2820937e-09
C_19167,val,0,0.01240456878874365,5.177361e-10
C_19171,val,0,0.14572135248355259,0.6701003
C_19177,val,0,0.005843519463314208,9.769013e-06
C_19181,val,0,0.005272713602179786,0.05971012
C_19193,val,0,0.005843519463314208,9.844148e-06
C_19216,val,0,0.00895778222082515,1.2264817e-05
C_19223,val,0,0.04876224085080384,0.00019868219
C_19230,val,0,0.026740568449059615,2.7943017e-07
C_19231,val,0,0.27660888005054696,0.10742952
C_19236,val,0,0.6585301504741992,8.743008e-07
C_19238,val,0,0.004539572719351029,1.7311586e-06
C_19241,val,0,0.025630204905507818,1.8254761e-06
C_19253,val,0,0.15265153097046938,0.00015062599
C_19269,val,0,0.003798424579853514,1.3600156e-07
C_19270,val,0,0.004357879835925994,1.1400632e-09
C_19274,val,0,0.07971085425769955,0.16422716
C_19280,val,0,0.004095614071346495,8.3020765e-13
C_19281,val,0,0.2509110212188341,0.006769536
C_19285,val,0,0.018883175388785377,1.2455668e-12
C_19289,val,0,0.004539572719351029,1.4979561e-09
C_19300,val,0,0.0020975324886890814,0.007417071
C_19311,val,0,0.004095614071346495,6.721695e-11
C_19314,val,0,0.00024762697773820315,2.5920867e-06
C_19323,val,0,0.014701933927910278,3.1310021e-06
C_19326,val,0,0.05085521761592835,0.10229107
C_19342,val,0,0.004095614071346495,1.2933595e-17
C_19346,val,0,0.04526283926091271,1.2583812e-11
C_19347,val,0,0.11272717297201944,0.00069086434
C_19355,val,0,0.04707832091818575,0.003393974
C_19363,val,0,0.0045959715961536845,0.002428294
C_19376,val,0,0.005089104397043088,9.871455e-09
C_19386,val,0,0.19174501650916415,7.046045e-05
C_19387,val,0,0.004539572719351029,8.040912e-09
C_19393,val,0,0.003798424579853514,2.5878535e-05
C_19395,val,0,0.007623456257078142,1.000639e-06
C_19398,val,0,0.03207830049021634,0.0070332657
C_19401,val,0,0.005843519463314208,9.566736e-06
C_19421,val,0,0.005843519463314208,9.459691e-06
C_19424,val,0,0.018884985532837975,0.9664768
C_19425,val,0,0.004266181809157552,1.5287562e-21
C_19428,val,0,0.009268993211403034,1.5194852e-18
C_19432,val,0,0.025667481012811397,0.055638
C_19443,val,0,0.02514228401410569,3.1143404e-06
C_19461,val,0,0.04593255951764582,0.0040302244
C_19467,val,0,0.01147313913563756,6.20961e-10
C_19473,val,0,0.003798424579853514,9.0372105e-06
C_19477,val,0,0.001538292738238706,3.3062413e-08
C_19481,val,0,0.08464778021449257,0.032550666
C_19509,val,0,0.7907911463310779,2.2531302e-05
C_19522,val,0,0.05668614905492171,0.13514146
C_19531,val,0,0.03215309828933147,2.4746274e-07
C_19536,val,0,0.04905836998684738,8.1438215e-05
C_19541,val,0,0.06923668431461977,0.07268591
C_19543,val,0,0.04717680434157525,9.285009e-15
C_19565,val,0,0.01228350175418354,0.00011663128
C_19571,val,0,0.032329237905730585,0.02822482
C_19577,val,0,0.0018127813440743034,1.1451896e-08
C_19580,val,0,0.004539572719351029,0.22374503
C_19581,val,0,0.017187413805277427,8.649053e-11
C_19583,val,0,0.01839377702880139,4.2597917e-12
C_19591,val,0,0.225602166589666,3.7918212e-06
C_19592,val,0,0.004095614071346495,4.8850493e-06
C_19594,val,0,0.004392596382890957,1.1382673e-11
C_19599,val,0,0.22720584187338477,0.16362469
C_19601,val,0,0.0033228017437224627,3.5941776e-09
C_19607,val,0,0.06560938601410828,1.3860277e-09
C_19621,val,0,0.003798424579853514,5.783176e-12
C_19627,val,0,0.19210959242167228,0.009969535
C_19629,val,0,0.005272713602179786,0.07126981
C_19642,val,0,0.020151178536267002,9.621467e-06
C_19644,val,0,0.004031426454623072,3.5911107e-06
C_19646,val,0,0.31077215496694294,9.002315e-10
C_19651,val,0,0.0889373150452683,4.3336916e-14
C_19652,val,0,0.004539572719351029,2.6247733e-11
C_19654,val,0,0.4063958939197031,7.834897e-08
C_19673,val,0,0.18303612074327738,1.6559826e-15
C_19688,val,0,0.004419587687161547,1.234911e-05
C_19691,val,0,0.01497514687138442,0.0075176363
C_19702,val,0,0.002834636311807917,6.4734043e-12
C_19710,val,0,0.06439617143176618,0.01727894
C_19715,val,0,0.051617368335768736,5.9655076e-07
C_19716,val,0,0.1270302463257278,6.89586e-08
C_19728,val,0,0.3019569859446394,0.0044538565
C_19738,val,0,0.02298261750599361,0.006056543
C_19744,val,0,0.15527042955375236,0.0022194416
C_19748,val,0,0.012496513928962156,8.101336e-06
C_19749,val,0,0.006258539141370347,2.3024508e-05
C_19752,val,0,0.004095614071346495,0.0001567695
C_19779,val,0,0.0031747674155223624,1.1667209e-16
C_19784,val,0,0.004095614071346495,4.6418345e-09
C_19792,val,0,0.026851483513010536,0.042737022
C_19799,val,0,0.11392690367001636,5.2348437e-10
C_19804,val,0,0.003478960035669545,0.00020145046
C_19810,val,0,0.05777192036358155,2.7566789e-15
C_19812,val,0,0.04292651101126237,4.863504e-10
C_19814,val,0,0.01871083976748632,4.0856225e-06
C_19815,val,0,0.2780187654606484,0.0014698474
C_19816,val,0,0.053896576994110504,1.4043783e-17
C_19818,val,0,0.003798424579853514,8.508257e-05
C_19829,val,0,0.04606790436078764,0.0005756431
C_19838,val,0,0.011791283060165816,0.0007160713
C_19848,val,0,0.0577378138023357,0.046705794
C_19852,val,0,0.025557877739793865,0.00023476037
C_19855,val,0,0.005843519463314208,9.706126e-06
C_19856,val,0,0.05063253877235683,2.5024156e-09
C_19867,val,0,0.007203150087368748,0.08203168
C_19874,val,0,0.10323555862719311,0.05950775
C_19885,val,0,0.026829847472965386,8.008508e-13
C_19890,val,0,0.0019362475497222528,4.531537e-14
C_19894,val,0,0.022192262444548617,0.00012409595
C_19902,val,0,0.18487206003638282,1.0088622e-05
C_19905,val,0,0.003798424579853514,1.698041e-06
C_19915,val,0,0.01497514687138442,0.02379376
C_19921,val,0,0.004095614071346495,2.9267212e-06
C_19927,val,0,0.03113381114861507,0.03490772
C_19928,val,0,0.24799364667565538,0.09684255
C_19932,val,0,0.21871824220535507,0.013944002
C_19935,val,0,0.004095614071346495,3.5325244e-05
C_19944,val,0,0.01814191974751623,0.0030350983
C_19946,val,0,0.00774246119609936,3.6319657e-06
C_19954,val,0,0.0044684584764136765,4.5545026e-09
C_19957,val,0,0.2488570016323848,1.2982839e-08
C_19959,val,0,0.0037750696165450848,0.00012607036
C_19960,val,0,0.039418863532660824,9.0422645e-08
C_19964,val,0,0.15874076548062582,0.31430075
C_19966,val,0,0.004095614071346495,3.2008867e-14
C_19968,val,0,0.0027308353952618524,6.4219034e-06
C_19972,val,0,0.01502200955867099,0.00024400238
C_19973,val,0,0.00225718584882738,5.6472227e-06
C_19979,val,0,0.00776403466005643,8.175728e-06
C_19984,val,0,0.033339819341486054,0.06379654
C_20000,val,0,0.06994080874651923,0.09940853
C_20002,val,0,0.00843720312536839,0.06310183
C_20010,val,0,0.004095614071346495,9.644571e-08
C_20011,val,0,0.06883215620514142,0.037069317
C_20020,val,0,0.004095614071346495,3.7539657e-08
C_20021,val,0,0.12972649906211386,2.2257811e-05
C_20029,val,0,0.004539572719351029,2.5407517e-06
C_20039,val,0,0.03604597477673129,0.07263532
C_20050,val,0,0.14121426827597366,7.9497635e-09
C_20052,val,0,0.017249428120964683,7.6076724e-08
C_20057,val,0,0.031056529983038445,1.2829895e-08
C_20068,val,0,0.004539572719351029,1.0975824e-05
C_20080,val,0,0.004539572719351029,1.3978748e-08
C_20085,val,0,0.035255908057715106,9.668137e-10
C_20092,val,0,0.3090601354361367,1.039476e-05
C_20107,val,0,0.03480247510431266,4.3392546e-08
C_20127,val,0,0.004095614071346495,1.1764719e-06
C_20142,val,0,0.005344795779432458,3.9765087e-06
C_20151,val,0,0.07626891185295481,0.10175629
C_20153,val,0,0.10419922317002847,4.6922833e-06
C_20174,val,0,0.0034947070856367543,1.9934553e-14
C_20177,val,0,0.0022696357805689705,0.005461211
C_20185,val,0,0.19641498969979906,0.13271673
C_20186,val,0,0.009656620675437556,0.0008718761
C_20190,val,0,0.07599709899428148,2.2554944e-16
C_20193,val,0,0.004539572719351029,1.0258387e-08
C_20202,val,0,0.01753353052470096,1.1961649e-06
C_20204,val,0,0.12463241452214355,5.7126763e-05
C_20209,val,0,0.004539572719351029,7.5599604e-10
C_20211,val,0,0.01871083976748632,0.00012372211
C_20241,val,0,0.020151178536267002,2.735727e-07
C_20243,val,0,0.005272713602179786,9.9067765e-06
C_20251,val,0,0.004031426454623072,7.338951e-05
C_20257,val,0,0.004095614071346495,2.889209e-07
C_20264,val,0,0.004539572719351029,9.2392504e-08
C_20268,val,0,0.005843519463314208,9.795041e-06
C_20269,val,0,0.004095614071346495,1.146376e-05
C_20270,val,0,0.004095614071346495,1.4381962e-08
C_20287,val,0,0.004539572719351029,1.2279759e-09
C_20288,val,0,0.2430435775244646,0.1240638
C_20293,val,0,0.012310169324749478,8.15166e-05
C_20295,val,0,0.004095614071346495,5.1742832e-09
C_20304,val,0,0.02337387806841015,3.7810894e-06
C_20308,val,0,0.015838652791523057,0.011055319
C_20321,val,0,0.049461495637082034,0.06235755
C_20329,val,0,0.03867299516628561,0.0019760947
C_20330,val,0,0.004539572719351029,1.4261329e-05
C_20334,val,0,0.003798424579853514,1.6216212e-20
C_20342,val,0,0.27458285506094937,0.028843645
C_20349,val,0,0.004539572719351029,1.343766e-07
C_20351,val,0,0.004539572719351029,3.135147e-10
C_20352,val,0,0.014944106726880964,0.0002999396
C_20382,val,0,0.1746929564989638,0.22115439
C_20398,val,0,0.004539572719351029,2.2084968e-16
C_20401,val,0,0.026174541879275797,2.6339735e-06
C_20413,val,0,0.10291132792157867,0.11071721
C_20418,val,0,0.02855532206337588,0.036061395
C_20421,val,0,0.004095614071346495,2.3539988e-11
C_20428,val,0,0.01758230829883839,4.1251622e-10
C_20431,val,0,0.0018636653638775449,0.32363224
C_20437,val,0,0.004631719873938708,4.348306e-10
C_20439,val,0,0.017180274606366355,9.416337e-09
C_20448,val,0,0.007053960730855515,8.3705294e-07
C_20471,val,0,0.14809594151325808,1.13751696e-10
C_20484,val,0,0.005272713602179786,1.0223977e-05
C_20490,val,0,0.0030755742787161454,1.3673909e-07
C_20493,val,0,0.012693804269057429,0.0001335599
C_20495,val,0,0.004095614071346495,5.3540187e-14
C_20497,val,0,0.004698634765149174,2.578172e-06
C_20508,val,0,0.026829847472965386,6.1240524e-10
C_20512,val,0,0.004539572719351029,4.162785e-10
C_20547,val,0,0.003798424579853514,1.0967415e-09
C_20552,val,0,0.012323453035756054,7.391051e-06
C_20557,val,0,0.0021121433004607604,2.4918136e-06
C_20568,val,0,0.17498129669375254,0.41053045
C_20570,val,0,0.04518142006876296,1.161176e-07
C_20571,val,0,0.009298298072735744,1.8394745e-05
C_20573,val,0,0.004539572719351029,5.9664803e-12
C_20574,val,0,0.005272713602179786,1.0421749e-05
C_20576,val,0,0.05962340653039564,0.06668507
C_20579,val,0,0.005674636007227919,0.053825207
C_20589,val,0,0.003798424579853514,1.0353467e-08
C_20599,val,0,0.00330711251938608,0.018997
C_20605,val,0,0.004698634765149174,5.39517e-06
C_20608,val,0,0.043923242871460426,2.5758618e-07
C_20612,val,0,0.005843519463314208,9.494495e-06
C_20614,val,0,0.005456591659880597,1.116091e-05
C_20616,val,0,0.2491746781646683,1.4067514e-06
C_20618,val,0,0.0011533938689620462,2.2392152e-05
C_20640,val,0,0.006155477698712172,0.048176166
C_20642,val,0,0.017021914928546978,9.159258e-12
C_20644,val,0,0.02400670724940002,0.03517011
C_20649,val,0,0.0035917782403485413,3.9830862e-08
C_20654,val,0,0.17984898566638183,0.44141385
C_20656,val,0,0.006168956691102949,1.06129955e-05
C_20661,val,0,0.004095614071346495,0.00020866988
C_20675,val,0,0.11061999277408442,1.2461914e-09
C_20676,val,0,0.04594855438638427,0.020033492
C_20681,val,0,0.16575084091979111,0.09028924
C_20691,val,0,0.0023071321217887756,0.6395338
C_20696,val,0,0.004111257178309892,0.81196815
C_20697,val,0,0.022192262444548617,2.3555708e-11
C_20700,val,0,0.018146702488276507,0.08059869
C_20712,val,0,0.04274841083912052,0.0038381382
C_20713,val,0,0.09652484206218992,3.13423e-15
C_20717,val,0,0.004095614071346495,1.6509606e-09
C_20728,val,0,0.05049605155892128,2.350052e-10
C_20729,val,0,0.004539572719351029,4.383117e-07
C_20735,val,0,0.3143117889218125,2.408154e-07
C_20759,val,0,0.004095614071346495,3.0553183e-06
C_20763,val,0,0.005272713602179786,1.0193261e-05
C_20768,val,0,0.004539572719351029,0.0002043054
C_20770,val,0,0.005272713602179786,1.0002068e-05
C_20783,val,0,0.005272713602179786,1.0072194e-05
C_20784,val,0,0.0031747674155223624,7.4670325e-08
C_20788,val,0,0.046204413509941346,0.061215278
C_20804,val,0,0.015308836600941384,5.666305e-26
C_20807,val,0,0.005272713602179786,0.06040345
C_20808,val,0,0.05817593361573933,0.00029680817
C_20823,val,0,0.004095614071346495,1.7716191e-07
C_20826,val,0,0.019072238433640264,0.08035163
C_20834,val,0,0.05681006832840718,1.6647196e-05
C_20836,val,0,0.004539572719351029,4.8441134e-06
C_20838,val,0,0.1195085775050531,1.0431135e-05
C_20847,val,0,0.06226753997761948,0.043654297
C_20868,val,0,0.018350127650462737,2.3427404e-09
C_20885,val,0,0.028580950905736997,0.073633656
C_20896,val,0,0.018884985532837975,0.0024740254
C_20901,val,0,0.004095614071346495,3.5927474e-07
C_20902,val,0,0.005456591659880597,0.09129484
C_20924,val,0,0.013582389061682694,0.022800948
C_20933,val,0,0.004031426454623072,6.1158817e-10
C_20934,val,0,0.0989599779932764,6.219356e-05
C_20936,val,0,0.06780056148438368,0.060367145
C_20946,val,0,0.004539572719351029,4.5270244e-07
C_20954,val,0,0.04876224085080384,1.2927065e-06
C_20965,val,0,0.13236788761375107,0.06307005
C_20966,val,0,0.004539572719351029,7.8382883e-16
C_20972,val,0,0.0029124150925102085,3.6265305e-23
C_20979,val,0,0.003798424579853514,4.6609657e-06
C_20990,val,0,0.47019553047311063,0.17378974
C_20991,val,0,0.055240023543468623,3.5498892e-11
C_20996,val,0,0.02636428078421629,0.04701492
C_21012,val,0,0.19194264061260194,0.0024644907
C_21013,val,0,0.11226596169858333,4.7988933e-09
C_21017,val,0,0.11166896079389857,0.12240987
C_21021,val,0,0.004539572719351029,8.560536e-07
C_21026,val,0,0.005843519463314208,9.70372e-06
C_21030,val,0,0.005456591659880597,0.09002812
C_21045,val,0,0.042182102745000186,4.6321477e-10
C_21066,val,0,0.01839387296342342,2.999838e-07
C_21067,val,0,0.1775713210767529,9.369991e-08
C_21076,val,0,0.006168956691102949,1.0664935e-05
C_21077,val,0,0.0897451398584433,3.341275e-05
C_21090,val,0,0.047574385337998244,5.0349167e-13
C_21092,val,0,0.18715386821087723,0.8732597
C_21097,val,0,0.009801752737314888,0.06847034
C_21098,val,0,0.17849080511388216,0.12971424
C_21100,val,0,0.004539572719351029,3.1060415e-05
C_21103,val,0,0.04327731478290418,0.029223654
C_21105,val,0,0.004095614071346495,0.0036287212
C_21119,val,0,0.0033228017437224627,2.493728e-14
C_21120,val,0,0.0027770186314993554,0.00018108146
C_21122,val,0,0.005272713602179786,1.0308205e-05
C_21125,val,0,0.02145150668878522,5.1812773e-12
C_21130,val,0,0.024495158985829366,0.0039688163
C_21133,val,0,0.004539572719351029,1.2138194e-14
C_21135,val,0,0.03940571264249751,0.005837685
C_21143,val,0,0.026962298500265543,0.00033444818
C_21144,val,0,0.003798424579853514,1.1157174e-14
C_21167,val,0,0.04442927576937556,0.0007831693
C_21168,val,0,0.030734846021604523,0.0665335
C_21170,val,0,0.004539572719351029,4.0427128e-14
C_21174,val,0,0.005272713602179786,1.01878e-05
C_21181,val,0,0.004095614071346495,1.7391646e-13
C_21189,val,0,0.2784180151168726,0.5977301
C_21198,val,0,0.005272713602179786,1.0121367e-05
C_21204,val,0,0.04422079801135407,2.8151854e-12
C_21219,val,0,0.004781852679561276,2.6906877e-09
C_21220,val,0,0.004095614071346495,2.1623553e-08
C_21227,val,0,0.003650064240287503,4.1854716e-07
C_21230,val,0,0.0062075713251074135,0.014945963
C_21236,val,0,0.1384515812472109,0.05145329
C_21240,val,0,0.1401363589393845,2.545815e-10
C_21243,val,0,0.02757158238482164,1.2522192e-17
C_21270,val,0,0.004539572719351029,3.763802e-08
C_21272,val,0,0.2175543832795772,1.6795826e-07
C_21275,val,0,0.005456591659880597,1.0932564e-05
C_21279,val,0,0.005272713602179786,9.902016e-06
C_21281,val,0,0.04876224085080384,3.0843672e-05
C_21285,val,0,0.04034417590540552,0.016611489
C_21287,val,0,0.0225582778007066,5.5467127e-11
C_21289,val,0,0.04594855438638427,8.9341624e-11
C_21300,val,0,0.020151178536267002,0.00061956723
C_21317,val,0,0.005492033005056941,1.2738738e-05
C_21318,val,0,0.004539572719351029,7.8463366e-08
C_21323,val,0,0.058223956241678615,0.07931208
C_21325,val,0,0.06769502952172184,2.8816735e-10
C_21332,val,0,0.10749006139371607,0.32304057
C_21333,val,0,0.058132623158747676,0.00043540573
C_21334,val,0,0.004539572719351029,4.6917114e-05
C_21335,val,0,0.005272713602179786,1.0263337e-05
C_21342,val,0,0.004158338315300634,2.174581e-06
C_21357,val,0,0.029639889567641558,3.250551e-05
C_21360,val,0,0.21283268760328344,9.733978e-07
C_21361,val,0,0.034209086210785375,7.9456934e-11
C_21373,val,0,0.04870632890267534,1.6324046e-06
C_21381,val,0,0.03113381114861507,0.043487385
C_21385,val,0,0.24810540945066809,0.122382276
C_21388,val,0,0.04556397889914291,1.0788658e-06
C_21391,val,0,0.005272713602179786,1.0508316e-05
C_21392,val,0,0.05266111071806716,1.6912415e-08
C_21399,val,0,0.019115542885106612,3.0922284e-13
C_21413,val,0,0.03013764774564416,0.0040848153
C_21436,val,0,0.017180274606366355,0.00014017436
C_21457,val,0,0.21034763007776347,0.870295
C_21464,val,0,0.01497514687138442,0.028132927
C_21469,val,0,0.004539572719351029,3.976829e-09
C_21474,val,0,0.004095614071346495,1.961972e-06
C_21479,val,0,0.04106033288942075,6.702383e-09
C_21501,val,0,0.004095614071346495,1.5781415e-14
C_21512,val,0,0.024191768777083997,0.09101523
C_21524,val,0,0.005272713602179786,1.0291261e-05
C_21527,val,0,0.004095614071346495,0.045267414
C_21531,val,0,0.026814843241207996,0.04315612
C_21537,val,0,0.021765651662753814,1.4737477e-05
C_21542,val,0,0.005456591659880597,1.1428892e-05
C_21546,val,0,0.05547213965757332,1.8380717e-11
C_21550,val,0,0.003798424579853514,1.4177877e-16
C_21554,val,0,0.05112610567278851,2.0326657e-20
C_21555,val,0,0.018512693416941367,3.2879362e-11
C_21572,val,0,0.004539572719351029,8.924221e-10
C_21579,val,0,0.016872793567654375,1.6174663e-09
C_21612,val,0,0.2298311164583179,0.013839372
C_21619,val,0,0.01546461434908346,3.893144e-05
C_21630,val,0,0.20282763776756135,0.13586196
C_21638,val,0,0.001686669466259839,0.0028958719
C_21640,val,0,0.033759662267585776,1.4051e-12
C_21705,val,0,0.05259572778380171,0.22676088
C_21717,val,0,0.02933087256428833,0.0037605406
C_21718,val,0,0.005456591659880597,1.0760096e-05
C_21720,val,0,0.04746440383696663,0.012352884
C_21723,val,0,0.18215924463555633,1.7903425e-06
C_21732,val,0,0.0030304170099546795,2.7457303e-09
C_21734,val,0,0.14906007054184497,4.1103826e-13
C_21736,val,0,0.001681365935980005,0.00088454393
C_21745,val,0,0.19210937421916052,0.8488816
C_21750,val,0,0.005674636007227919,0.06239886
C_21752,val,0,0.025229782979209872,4.2204138e-06
C_21753,val,0,0.06769502952172184,6.491976e-08
C_21767,val,0,0.004539572719351029,6.6728106e-05
C_21772,val,0,0.005843519463314208,9.655495e-06
C_21773,val,0,0.005110819346102471,0.0015622705
C_21775,val,0,0.054396180323064314,4.0666666e-09
C_21784,val,0,0.020151178536267002,1.461459e-10
C_21807,val,0,0.08138577531783052,6.146991e-17
C_21810,val,0,0.0033228017437224627,0.00021401605
C_21813,val,0,0.04451845370840234,0.10547982
C_21814,val,0,0.0024602509801714733,0.12819286
C_21815,val,0,0.0020609020664905282,0.00053421373
C_21819,val,0,0.03851183251446341,0.0012037973
C_21824,val,0,0.006623342004048277,0.0005142402
C_21857,val,0,0.0021869628038138403,2.2112663e-12
C_21858,val,0,0.004539572719351029,1.366556e-08
C_21875,val,0,0.004918361126349882,0.379176
C_21878,val,0,0.010189690866432542,0.0034991177
C_21892,val,0,0.09327291451368451,0.0017389428
C_21900,val,0,0.004095614071346495,1.3713288e-12
C_21903,val,0,0.03940571264249751,0.003190388
C_21913,val,0,0.2210219224384894,0.0024029252
C_21917,val,0,0.004539572719351029,6.856046e-11
C_21923,val,0,0.004539572719351029,6.751633e-11
C_21929,val,0,0.05494589088587209,6.190434e-16
C_21931,val,0,0.05089144318848376,0.07057955
C_21943,val,0,0.08026193325611457,6.347684e-05
C_21956,val,0,0.004539572719351029,2.1353862e-06
C_21958,val,0,0.020255238059671936,7.170785e-07
C_21959,val,0,0.005456591659880597,1.0767672e-05
C_21960,val,0,0.0389360807222269,0.14805906
C_21963,val,0,0.18400711484352444,0.13701412
C_21966,val,0,0.013899525415865357,9.121401e-10
C_21968,val,0,0.01751320755476706,6.5610196e-14
C_21974,val,0,0.01647834195910819,1.4114312e-08
C_21977,val,0,0.01573622546962168,1.539183e-05
C_21983,val,0,0.015445723499500184,2.3796176e-06
C_21986,val,0,0.0018472821738118074,0.00022155407
C_21988,val,0,0.043038209526269716,1.0976435e-09
C_21990,val,0,0.021304250535427543,4.4681514e-07
C_21991,val,0,0.13198300014589207,9.093758e-15
C_21992,val,0,0.1516597913729324,8.7867595e-12
C_21995,val,0,0.15481455502875638,0.46316236
C_22001,val,0,0.15394785154024834,0.13435665
C_22002,val,0,0.1511746338713242,0.07659013
C_22012,val,0,0.06014841118545231,0.91382843
C_22013,val,0,0.033518172270932046,1.34208695e-11
C_22018,val,0,0.003798424579853514,5.6971607e-05
C_22025,val,0,0.01653635680529248,3.7073448e-07
C_22026,val,0,0.0035176700400880692,0.00025450534
C_22027,val,0,0.015838652791523057,0.002795687
C_22030,val,0,0.06613783049982797,7.0553176e-14
C_22040,val,0,0.19665568630305835,3.6940637e-10
C_22049,val,0,0.009969271600648023,7.1831964e-05
C_22072,val,0,0.14810658231199866,3.3342266e-07
C_22079,val,0,0.005272713602179786,9.919388e-06
C_22083,val,0,0.20154981591344626,8.7029744e-05
C_22088,val,0,0.04642334658474127,3.2280932e-06
C_22091,val,0,0.006687416522928712,0.059341706
C_22095,val,0,0.004539572719351029,1.3282386e-11
C_22100,val,0,0.005843519463314208,9.611104e-06
C_22111,val,0,0.22722056051757694,3.382797e-14
C_22118,val,0,0.27124536534148413,0.12716193
C_22159,val,0,0.04575851535969545,6.3222574e-06
C_22162,val,0,0.005843519463314208,9.862651e-06
C_22171,val,0,0.06176293402920697,1.7355173e-08
C_22172,val,0,0.007882378747557841,8.064112e-06
C_22180,val,0,0.025217568606193168,0.0001704835
C_22199,val,0,0.0034831127730771366,1.0125223e-13
C_22201,val,0,0.24622848839983696,3.7195592e-17
C_22208,val,0,0.004708120411904852,4.0936943e-09
C_22214,val,0,0.08308523398784301,1.6121684e-06
C_22221,val,0,0.019115542885106612,5.483956e-10
C_22236,val,0,0.2818386086748531,1.4970435e-11
C_22250,val,0,0.004539572719351029,8.534905e-09
C_22253,val,0,0.02551258837886814,0.11462259
C_22261,val,0,0.004698634765149174,1.9245585e-09
C_22271,val,0,0.005272713602179786,1.032941e-05
C_22284,val,0,0.04406673891937001,1.2479954e-15
C_22291,val,0,0.00132511697854988,5.4822052e-05
C_22307,val,0,0.01999629791226501,4.655449e-11
C_22315,val,0,0.25810824878996114,6.769481e-05
C_22316,val,0,0.028368247431091134,0.0009811047
C_22326,val,0,0.18303612074327738,0.00015912327
C_22327,val,0,0.058893449047085704,0.00059521984
C_22328,val,0,0.1835774825915463,0.089021906
C_22332,val,0,0.005843519463314208,9.74376e-06
C_22358,val,0,0.0170275310429397,6.126026e-14
C_22360,val,0,0.004095614071346495,4.8420206e-05
C_22363,val,0,0.06161979585530952,0.113180295
C_22377,val,0,0.250486320874488,0.007117664
C_22378,val,0,0.004539572719351029,4.0731735e-05
C_22381,val,0,0.012284892885957154,0.031940073
C_22382,val,0,0.0032803220546760276,7.847513e-21
C_22383,val,0,0.022920759582132792,0.08323907
C_22385,val,0,0.01845691875472641,0.002003294
C_22387,val,0,0.048792043679665525,0.075260155
C_22391,val,0,0.06825801449039189,7.332897e-06
C_22397,val,0,0.024648167453987284,0.050018396
C_22405,val,0,0.012310169324749478,5.4947414e-17
C_22407,val,0,0.004095614071346495,2.690423e-06
C_22422,val,0,0.0033228017437224627,1.3542936e-05
C_22426,val,0,0.04933548885930871,1.7554212e-17
C_22435,val,0,0.015292289149424676,1.1835493e-08
C_22437,val,0,0.013899525415865357,5.6396278e-08
C_22440,val,0,0.005272713602179786,1.0262387e-05
C_22447,val,0,0.04119718335099692,0.00013086772
C_22449,val,0,0.004539572719351029,1.4419997e-07
C_22453,val,0,0.003798424579853514,1.124221e-11
C_22462,val,0,0.004539572719351029,1.9952436e-21
C_22470,val,0,0.004095614071346495,5.8672915e-09
C_22493,val,0,0.012304229925180847,8.840149e-12
C_22495,val,0,0.004539572719351029,1.0793681e-08
C_22503,val,0,0.20289607853657696,0.18675426
C_22511,val,0,0.20108641339739908,5.7116645e-10
C_22518,val,0,0.010355365511379524,0.039231904
C_22523,val,0,0.003798424579853514,3.0955846e-14
C_22525,val,0,0.004539572719351029,1.5750282e-15
C_22529,val,0,0.07191042600623271,0.004921343
C_22531,val,0,0.19904651250344452,1.12089324e-08
C_22536,val,0,0.0526041584526015,0.00035633313
C_22539,val,0,0.004539572719351029,8.971123e-05
C_22542,val,0,0.004561929463950255,1.2043839e-05
C_22549,val,0,0.005272713602179786,9.930235e-06
C_22551,val,0,0.038280533353722765,0.08001586
C_22557,val,0,0.1929436245756979,0.2999557
C_22559,val,0,0.002045027017869518,0.037634168
C_22566,val,0,0.004095614071346495,1.6015032e-09
C_22568,val,0,0.003798424579853514,0.006777765
C_22578,val,0,0.004095614071346495,7.605242e-05
C_22579,val,0,0.012035299332195621,0.0003912063
C_22589,val,0,0.004095614071346495,5.31185e-09
C_22601,val,0,0.005272713602179786,0.06377484
C_22604,val,0,0.005843519463314208,9.53201e-06
C_22609,val,0,0.04969618722916124,0.13589312
C_22622,val,0,0.003971857336443856,5.57235e-07
C_22627,val,0,0.005272713602179786,0.056855015
C_22632,val,0,0.1481901026860328,4.5945885e-08
C_22637,val,0,0.00592012587072583,7.1645077e-06
C_22641,val,0,0.12164690171164448,2.2048745e-05
C_22643,val,0,0.004539572719351029,8.6739674e-05
C_22646,val,0,0.07122921652428331,2.0084914e-07
C_22662,val,0,0.0017079522522842013,1.8059979e-09
C_22668,val,0,0.004539572719351029,3.211583e-10
C_22675,val,0,0.2315139479451253,0.094577044
C_22678,val,0,0.04871983521274483,7.3419027e-13
C_22680,val,0,0.001624767390616059,4.1354373e-09
C_22682,val,0,0.004539572719351029,9.2551034e-07
C_22688,val,0,0.1616983682242427,0.23684974
C_22691,val,0,0.020949566165076868,8.5429207e-16
C_22708,val,0,0.004095614071346495,1.7449394e-05
C_22713,val,0,0.13117554695473746,0.000108768836
C_22717,val,0,0.004539572719351029,8.922319e-09
C_22719,val,0,0.312888502493622,0.0050588488
C_22729,val,0,0.005272713602179786,1.0105067e-05
C_22742,val,0,0.024694919084511466,0.05785617
C_22753,val,0,0.03717501464667681,1.0495655e-11
C_22759,val,0,0.04472208453650354,1.3927537e-09
C_22760,val,0,0.009251210848932693,0.027896244
C_22788,val,0,0.0026604460510598325,7.87971e-11
C_22799,val,0,0.005843519463314208,9.695764e-06
C_22802,val,0,0.020151178536267002,0.031759713
C_22807,val,0,0.004539572719351029,2.900949e-09
C_22808,val,0,0.004095614071346495,2.656756e-08
C_22821,val,0,0.014687978430999653,1.4121891e-05
C_22843,val,0,0.004539572719351029,4.068464e-06
C_22846,val,0,0.05214992189979849,0.26090744
C_22853,val,0,0.057982653403021306,0.04156872
C_22868,val,0,0.004539572719351029,2.1212237e-07
C_22874,val,0,0.18715023599292002,0.034033738
C_22894,val,0,0.03017461994807654,1.1074247e-05
C_22900,val,0,0.02407071518619104,5.80345e-09
C_22903,val,0,0.003798424579853514,2.2730094e-10
C_22904,val,0,0.005843519463314208,9.558865e-06
C_22913,val,0,0.08020687325812234,2.9677918e-07
C_22919,val,0,0.004539572719351029,2.753187e-17
C_22924,val,0,0.0691583788666596,8.1192803e-07
C_22934,val,0,0.03691950280262036,3.836746e-05
C_22947,val,0,0.004095614071346495,3.6373455e-26
C_22948,val,0,0.022521192519628017,0.09126727
C_22953,val,0,0.019541369949166283,0.00037316204
C_22956,val,0,0.007623456257078142,2.9420747e-11
C_22965,val,0,0.35931630145936716,0.016585812
C_22970,val,0,0.037154412371097414,0.08170998
C_22978,val,0,0.04301434127875513,2.1163955e-06
C_22981,val,0,0.005272713602179786,1.0240645e-05
C_22990,val,0,0.0033228017437224627,2.020553e-05
C_22992,val,0,0.0021453303435627013,0.258045
C_22995,val,0,0.003798424579853514,7.200135e-08
C_23001,val,0,0.0018823784199901317,4.579959e-08
C_23006,val,0,0.03260165885961042,2.4840617e-07
C_23007,val,0,0.0039365043285685694,1.4074024e-06
C_23020,val,0,0.004539572719351029,8.503893e-11
C_23025,val,0,0.20946144361932298,7.626404e-05
C_23028,val,0,0.023210399148557718,0.041001182
C_23031,val,0,0.01871083976748632,1.8032422e-07
C_23037,val,0,0.27317014932004857,0.7929306
C_23039,val,0,0.04681240565519067,4.018583e-13
C_23056,val,0,0.014836806180196505,6.4219006e-07
C_23058,val,0,0.09944584595620112,0.0590136
C_23062,val,0,0.18659532758461192,8.4914753e-19
C_23066,val,0,0.003798424579853514,3.1280535e-06
C_23077,val,0,0.01431781151043284,0.008833558
C_23088,val,0,0.1475919051478057,0.0022427507
C_23095,val,0,0.003798424579853514,1.30839635e-05
C_23109,val,0,0.004095614071346495,6.765254e-07
C_23127,val,0,0.18112248481112556,0.31778812
C_23128,val,0,0.11435578781384238,0.26018122
C_23135,val,0,0.007705840712650209,5.268576e-07
C_23137,val,0,0.005843519463314208,9.56254e-06
C_23140,val,0,0.15838065024271483,0.002026039
C_23142,val,0,0.008602210050690265,7.570986e-06
C_23144,val,0,0.020653351808882576,3.8285793e-06
C_23145,val,0,0.023662746825985504,0.12779729
C_23146,val,0,0.004526497471765104,3.6055837e-05
C_23147,val,0,0.004526148841181981,8.705311e-14
C_23149,val,0,0.043923242871460426,5.9711024e-06
C_23150,val,0,0.14763647848271266,7.3089437e-09
C_23152,val,0,0.0033228017437224627,8.3301055e-09
C_23155,val,0,0.059033216060711706,0.003591798
C_23160,val,0,0.004539572719351029,1.7799333e-05
C_23161,val,0,0.3889458797748063,1.8345237e-15
C_23175,val,0,0.015548801127366797,0.00044673868
C_23181,val,0,0.2064234586770009,0.0005269321
C_23183,val,0,0.014687553266638243,2.7393313e-05
C_23185,val,0,0.1573095643633973,0.00013294631
C_23188,val,0,0.06526393424053414,0.93489414
C_23190,val,0,0.14610464836425688,0.00040142346
C_23224,val,0,0.004095614071346495,3.724548e-05
C_23225,val,0,0.24389462244599588,0.00013222695
C_23226,val,0,0.004095614071346495,3.1538997e-15
C_23227,val,0,0.011636757862067597,1.6910855e-06
C_23232,val,0,0.06371911410105104,0.30453444
C_23234,val,0,0.01546461434908346,1.6492089e-11
C_23245,val,0,0.1436431731792207,0.20039673
C_23246,val,0,0.004539572719351029,7.225479e-11
C_23250,val,0,0.051209343365504895,3.1019059e-12
C_23263,val,0,0.003798424579853514,1.7219982e-08
C_23276,val,0,0.11640607699691206,2.189463e-09
C_23287,val,0,0.005843519463314208,9.597145e-06
C_23288,val,0,0.009333552723053579,7.4818875e-12
C_23291,val,0,0.005843519463314208,9.535811e-06
C_23307,val,0,0.34459983203383143,0.06986204
C_23337,val,0,0.09135742721419807,0.13184129
C_23338,val,0,0.05685014538911433,0.18367818
C_23340,val,0,0.02901851873644283,0.049246706
C_23344,val,0,0.005030067881610482,0.08762297
C_23358,val,0,0.002569197268660281,1.2361852e-08
C_23364,val,0,0.3274099825053902,0.63508826
C_23369,val,0,0.004095614071346495,1.8333603e-06
C_23374,val,0,0.0027770186314993554,1.5167355e-09
C_23384,val,0,0.20529947046931676,1.9460797e-08
C_23391,val,0,0.0027770186314993554,3.0108587e-13
C_23392,val,0,0.16776790957075782,3.2760715e-06
C_23395,val,0,0.011791283060165816,2.7293443e-05
C_23397,val,0,0.02556190844528663,0.03213354
C_23401,val,0,0.005272713602179786,1.0083466e-05
C_23408,val,0,0.004031426454623072,5.9260137e-06
C_23410,val,0,0.03069034652286957,0.024938501
C_23412,val,0,0.3163632102451337,0.1674415
C_23423,val,0,0.10472969120281606,7.809159e-07
C_23426,val,0,0.058095737232987964,0.036117475
C_23436,val,0,0.003798424579853514,8.9095065e-06
C_23447,val,0,0.020128909904944463,0.06097821
C_23449,val,0,0.11118462421290391,0.00061693013
C_23465,val,0,0.21800684834297795,1.501276e-14
C_23466,val,0,0.02901851873644283,0.06199237
C_23468,val,0,0.004095614071346495,5.4070555e-05
C_23469,val,0,0.01871083976748632,0.0034071088
C_23471,val,0,0.004539572719351029,2.8720162e-10
C_23472,val,0,0.005843519463314208,0.05092056
C_23473,val,0,0.0017235905535891345,2.1026553e-10
C_23477,val,0,0.16878121367258178,0.114435636
C_23482,val,0,0.004860492721545511,0.059818104
C_23492,val,0,0.23557535526787238,0.057456084
C_23509,val,0,0.0033228017437224627,8.154201e-08
C_23528,val,0,0.09229161628225913,0.06819318
C_23533,val,0,0.0011836055200348948,8.025744e-07
C_23551,val,0,0.0026902193070828576,9.238965e-09
C_23558,val,0,0.06381414534451137,0.003249517
C_23559,val,0,0.019889418676435636,0.011678239
C_23560,val,0,0.022031536445373052,0.04708207
C_23561,val,0,0.04876224085080384,6.9663254e-11
C_23564,val,0,0.001356780386249573,0.00068237376
C_23568,val,0,0.004539572719351029,2.5643252e-09
C_23569,val,0,0.004095614071346495,5.691818e-06
C_23580,val,0,0.005456591659880597,1.0810402e-05
C_23589,val,0,0.026761312644310677,2.4982603e-14
C_23599,val,0,0.0357808971168636,0.1524463
C_23614,val,0,0.004095614071346495,1.1946023e-05
C_23625,val,0,0.004539572719351029,4.1087664e-10
C_23653,val,0,0.3019569859446394,6.993554e-10
C_23659,val,0,0.004539572719351029,2.9237262e-11
C_23668,val,0,0.093432413385863,0.08082896
C_23669,val,0,0.19017023270519748,3.775383e-09
C_23670,val,0,0.14906007054184497,0.00012775102
C_23672,val,0,0.07012198067624752,0.21219634
C_23677,val,0,0.004539572719351029,3.3472284e-17
C_23683,val,0,0.004366680581624166,3.3636865e-05
C_23684,val,0,0.33120459179664324,0.019644184
C_23698,val,0,0.014836806180196505,0.003029102
C_23702,val,0,0.05401627979980442,1.3277812e-13
C_23703,val,0,0.04556397889914291,0.032287233
C_23711,val,0,0.004561929463950255,1.1611351e-05
C_23712,val,0,0.014836806180196505,1.1611278e-06
C_23713,val,0,0.17009992042305558,6.063387e-08
C_23723,val,0,0.051791155367670295,0.09265332
C_23728,val,0,0.003798424579853514,3.081497e-08
C_23733,val,0,0.005843519463314208,9.828979e-06
C_23745,val,0,0.15111394467461664,0.00020377914
C_23746,val,0,0.038517652610459745,0.0931064
C_23752,val,0,0.01546461434908346,1.1679658e-08
C_23757,val,0,0.004539572719351029,1.6917817e-10
C_23760,val,0,0.004539572719351029,6.9533654e-12
C_23762,val,0,0.04968160891243948,2.4648656e-05
C_23764,val,0,0.1507804188470019,0.00084497366
C_23768,val,0,0.015432575542765616,2.4702215e-16
C_23769,val,0,0.004095614071346495,1.8259602e-06
C_23779,val,0,0.46355662460735136,1.3552317e-07
C_23780,val,0,0.005272713602179786,1.0179886e-05
C_23786,val,0,0.060958804066680194,0.058542587
C_23789,val,0,0.03901621791783936,0.02764945
C_23800,val,0,0.005674636007227919,0.048000835
C_23802,val,0,0.020673045075107487,2.9998212e-15
C_23809,val,0,0.004028718920059193,6.565538e-05
C_23813,val,0,0.010442084790823154,0.0019180214
C_23814,val,0,0.2061973068255239,0.36856943
C_23820,val,0,0.04263892219922504,5.9112255e-12
C_23824,val,0,0.0012125160155982892,3.3562758e-06
C_23826,val,0,0.1975798207238931,0.10500469
C_23828,val,0,0.011272086307765227,2.5660439e-08
C_23832,val,0,0.032009016969972263,0.01080886
C_23833,val,0,0.05045145925860333,5.108533e-16
C_23834,val,0,0.06419294392609337,9.3472653e-07
C_23836,val,0,0.04523247762321805,0.08407117
C_23847,val,0,0.005272713602179786,1.0496958e-05
C_23850,val,0,0.05658419843988494,4.845768e-07
C_23874,val,0,0.038433909616785604,0.015743854
C_23878,val,0,0.004095614071346495,2.1073345e-06
C_23880,val,0,0.004031649940236788,4.12464e-19
C_23905,val,0,0.0062983275907014516,0.049006127
C_23914,val,0,0.04422079801135407,0.00047638736
C_23918,val,0,0.004539572719351029,2.2161236e-18
C_23925,val,0,0.0005081512432675855,1.6802383e-16
C_23927,val,0,0.04266232266007378,8.085936e-06
C_23931,val,0,0.03033034865538014,1.450538e-12
C_23933,val,0,0.004539572719351029,1.2847061e-08
C_23936,val,0,0.011602830105620488,0.04638713
C_23943,val,0,0.05039352541810355,4.814463e-23
C_23947,val,0,0.05583203194482996,0.00011770765
C_23948,val,0,0.02280576170995741,1.8823012e-09
C_23953,val,0,0.06967880789420061,4.559306e-14
C_23973,val,0,0.13355215533777187,0.28772274
C_23979,val,0,0.004095614071346495,4.7074518e-11
C_23987,val,0,0.0025324263315260388,1.5238604e-05
C_23996,val,0,0.004539572719351029,3.7496143e-12
C_24001,val,0,0.013898852516477614,0.00029763873
C_24004,val,0,0.15495027636804296,4.2737412e-08
C_24013,val,0,0.05187888255683086,0.05163355
C_24014,val,0,0.004539572719351029,7.846519e-15
C_24017,val,0,0.004095614071346495,5.0683893e-13
C_24020,val,0,0.07515951870094885,8.280605e-08
C_24027,val,0,0.18698572059118287,0.0001689336
C_24032,val,0,0.03325054810657085,1.7330238e-07
C_24040,val,0,0.11709207017241138,0.16594744
C_24041,val,0,0.01497514687138442,0.00047920566
C_24049,val,0,0.006258539141370347,0.005753025
C_24062,val,0,0.004539572719351029,2.3980832e-08
C_24063,val,0,0.17371703063539656,0.0004979719
C_24070,val,0,0.004095614071346495,1.9854676e-14
C_24074,val,0,0.3919301495914654,0.000662282
C_24091,val,0,0.007143457444468414,6.9474854e-06
C_24102,val,0,0.004539572719351029,1.8065315e-06
C_24104,val,0,0.01839387296342342,5.1124657e-06
C_24111,val,0,0.005272713602179786,9.973597e-06
C_24112,val,0,0.31254328874809684,1.8308743e-05
C_24131,val,0,0.00866227419249433,0.0375875
C_24132,val,0,0.021349151629091873,0.058739793
C_24136,val,0,0.0951231215531066,0.124647155
C_24138,val,0,0.003798424579853514,1.15565355e-20
C_24141,val,0,0.0768143273670272,0.29614237
C_24151,val,0,0.04746440383696663,0.0009343036
C_24160,val,0,0.0025984648808860538,0.02015298
C_24164,val,0,0.007234659766058954,0.023938265
C_24166,val,0,0.05356439971688388,1.3552615e-09
C_24167,val,0,0.1790312288754101,3.003904e-11
C_24169,val,0,0.11263112426463363,0.40967444
C_24172,val,0,0.0018512089984124734,4.4377242e-07
C_24180,val,0,0.04744072584439903,0.0057268436
C_24189,val,0,0.05624846490423443,7.142767e-07
C_24194,val,0,0.005843519463314208,9.637152e-06
C_24202,val,0,0.25410025467293773,0.00023358643
C_24206,val,0,0.1206548008505355,0.11888347
C_24209,val,0,0.002610112129603964,0.004571129
C_24223,val,0,0.03841819879060551,3.2396577e-09
C_24225,val,0,0.013899525415865357,1.338045e-05
C_24230,val,0,0.0225582778007066,7.39428e-13
C_24249,val,0,0.04006293998519449,9.0622125e-06
C_24257,val,0,0.004095614071346495,3.226665e-05
C_24260,val,0,0.046830388340870166,0.0036399968
C_24262,val,0,0.026323973962073696,0.0008808647
C_24269,val,0,0.0038209807829804186,0.00014300205
C_24272,val,0,0.15666649635126942,0.0006977747
C_24280,val,0,0.0027241035379545835,3.0376124e-09
C_24284,val,0,0.004095614071346495,5.3720944e-10
C_24296,val,0,0.13584249439447832,2.848101e-25
C_24298,val,0,0.2468003616495743,0.0075508063
C_24308,val,0,0.059165105760877856,0.12513897
C_24313,val,0,0.0016878682687327758,1.2475171e-11
C_24314,val,0,0.03630846492905951,1.8476386e-12
C_24326,val,0,0.009129181484056169,0.11472324
C_24327,val,0,0.03155655644585737,0.25775653
C_24328,val,0,0.0020958591229445146,0.019936245
C_24336,val,0,0.0022848003650813055,2.3365543e-10
C_24342,val,0,0.016505666558871635,0.0020828806
C_24343,val,0,0.06973040423772046,0.059099507
C_24350,val,0,0.1607928995489596,0.08392245
C_24351,val,0,0.0064308177678140165,0.019633297
C_24354,val,0,0.06011566318314698,0.045889586
C_24357,val,0,0.02446846913522237,3.3715932e-07
C_24363,val,0,0.03683534597695602,3.9289774e-12
C_24366,val,0,0.18432530150408832,4.561616e-12
C_24367,val,0,0.0026596422788326803,0.00010852889
C_24370,val,0,0.003798424579853514,5.817894e-07
C_24373,val,0,0.003798424579853514,5.575774e-07
C_24380,val,0,0.009371555907295957,0.06763865
C_24381,val,0,0.017646177320900604,4.2610353e-08
C_24384,val,0,0.016505666558871635,2.9401438e-06
C_24390,val,0,0.004095614071346495,3.3379025e-20
C_24392,val,0,0.07516641619817989,0.03652241
C_24426,val,0,0.003972275530518633,0.012009534
C_24432,val,0,0.08986511698471952,0.0009831603
C_24439,val,0,0.08211747456495481,3.4867803e-06
C_24444,val,0,0.003695769785449042,3.278872e-16
C_24452,val,0,0.004095614071346495,2.0426631e-07
C_24458,val,0,0.04634510623436048,8.1768917e-07
C_24460,val,0,0.004095614071346495,2.6549612e-13
C_24461,val,0,0.2479881767624717,0.004678464
C_24472,val,0,0.011463682749813495,1.1988121e-06
C_24475,val,0,0.021299315433421173,0.055565465
C_24481,val,0,0.003753824815231827,6.532907e-06
C_24482,val,0,0.005843519463314208,9.503382e-06
C_24488,val,0,0.0034148030138001235,1.4600889e-09
C_24491,val,0,0.13077545899060555,0.010443189
C_24496,val,0,0.10198322769827685,1.04401015e-05
C_24499,val,0,0.005456591659880597,1.09932125e-05
C_24502,val,0,0.18915192693338387,6.1491762e-12
C_24515,val,0,0.004539572719351029,8.3439605e-05
C_24517,val,0,0.004539572719351029,5.4253147e-12
C_24522,val,0,0.004095614071346495,1.9579846e-10
C_24530,val,0,0.006168956691102949,1.0622494e-05
C_24536,val,0,0.005272713602179786,1.0375814e-05
C_24541,val,0,0.154538743566616,0.37278196
C_24543,val,0,0.026999611402951058,6.369039e-05
C_24555,val,0,0.005272713602179786,1.013143e-05
C_24556,val,0,0.11107481887949253,0.0001003434
C_24562,val,0,0.02600233712593751,9.01785e-05
C_24564,val,0,0.08234947901757536,1.2760395e-07
C_24584,val,0,0.06942167357119164,0.03310009
C_24591,val,0,0.005456591659880597,1.0892145e-05
C_24592,val,0,0.004539572719351029,7.349672e-06
C_24596,val,0,0.017364994633957683,0.05728336
C_24602,val,0,0.057405502178327086,0.06690984
C_24609,val,0,0.020673045075107487,1.3569135e-10
C_24614,val,0,0.005386914634887199,0.052624725
C_24620,val,0,0.0038889683003116233,0.04362278
C_24626,val,0,0.04681240565519067,0.5021058
C_24629,val,0,0.014701933927910278,0.0011004165
C_24632,val,0,0.09357731512235365,8.029263e-05
C_24633,val,0,0.01214923556330825,2.2636281e-07
C_24658,val,0,0.004539572719351029,5.6808818e-11
C_24659,val,0,0.03765423781689381,5.806577e-15
C_24660,val,0,0.04876224085080384,1.1038459e-05
C_24665,val,0,0.017733524292597502,0.019712437
C_24667,val,0,0.4582503133785073,1.3510145e-05
C_24671,val,0,0.01753353052470096,0.00020716661
C_24675,val,0,0.016059161461551737,0.021786507
C_24685,val,0,0.004539572719351029,1.705014e-07
C_24722,val,0,0.01839377702880139,0.00022428503
C_24726,val,0,0.04422079801135407,0.000521561
C_24734,val,0,0.0133871201324914,7.563267e-24
C_24742,val,0,0.011602830105620488,0.04298976
C_24744,val,0,0.003798424579853514,1.1510253e-06
C_24746,val,0,0.05042013521443479,0.010982285
C_24748,val,0,0.19358829236732664,1.7169898e-16
C_24749,val,0,0.004095614071346495,1.7880046e-08
C_24756,val,0,0.004539572719351029,9.788678e-07
C_24764,val,0,0.011093659543482407,5.7718097e-10
C_24775,val,0,0.04739888781421134,0.099792
C_24778,val,0,0.2175543832795772,0.016056923
C_24786,val,0,0.021780654168350948,3.0343946e-07
C_24796,val,0,0.09229161628225913,0.08110987
C_24798,val,0,0.015677268658500106,1.2383617e-05
C_24802,val,0,0.024025214416821553,0.06447561
C_24804,val,0,0.004095614071346495,8.849306e-24
C_24808,val,0,0.004095614071346495,2.0759866e-11
C_24822,val,0,0.004095614071346495,8.655881e-12
C_24837,val,0,0.004095614071346495,1.4563256e-13
C_24855,val,0,0.021641918226454688,0.010918087
C_24858,val,0,0.004539572719351029,6.1815012e-06
C_24864,val,0,0.003992583421800161,4.1016683e-08
C_24880,val,0,0.3450813091250068,0.08522908
C_24884,val,0,0.028859671319750844,0.0025393337
C_24888,val,0,0.050923662360048895,0.6993766
C_24890,val,0,0.044907796582265624,0.00030472426
C_24891,val,0,0.004095614071346495,4.8796505e-11
C_24900,val,0,0.00255628022047249,2.3579196e-09
C_24904,val,0,0.4157160522349749,0.008709709
C_24907,val,0,0.005272713602179786,1.055226e-05
C_24910,val,0,0.04546509173496112,0.048843533
C_24916,val,0,0.04842744345212434,0.001163806
C_24920,val,0,0.004095614071346495,2.1131498e-05
C_24943,val,0,0.16374145891476038,1.3929574e-10
C_24951,val,0,0.02413628535063943,0.067626566
C_24954,val,0,0.004526497471765104,3.5156763e-06
C_24971,val,0,0.22985270407743527,8.7813824e-08
C_24984,val,0,0.004462843539234815,0.0421476
C_25001,val,0,0.004539572719351029,2.7299496e-09
C_25005,val,0,0.09099515307681331,0.085807115
C_25006,val,0,0.07103209433105628,2.7577886e-07
C_25020,val,0,0.04212921118624293,6.3838615e-06
C_25022,val,0,0.055277914412410145,0.023149583
C_25030,val,0,0.004539572719351029,2.8312364e-24
C_25034,val,0,0.004539572719351029,5.471901e-09
C_25039,val,0,0.0033228017437224627,2.4568712e-13
C_25042,val,0,0.14763159830989397,0.00018373637
C_25050,val,0,0.1405444889928379,0.0448516
C_25074,val,0,0.03054068207088786,0.021827579
C_25076,val,0,0.0031747674155223624,0.02832969
C_25083,val,0,0.03469641518998231,9.444956e-20
C_25095,val,0,0.005456591659880597,1.0740986e-05
C_25097,val,0,0.0024141843229461162,1.3965263e-05
C_25099,val,0,0.008085243419787882,0.073020324
C_25107,val,0,0.009298298072735744,3.1316292e-06
C_25117,val,0,0.040006542712988744,5.9806966e-13
C_25122,val,0,0.022667164241995504,6.708877e-10
C_25134,val,0,0.06885530898758827,0.11337026
C_25136,val,0,0.004205042795788068,0.13695087
C_25148,val,0,0.004918361126349882,0.0028493204
C_25153,val,0,0.005843519463314208,9.812253e-06
C_25165,val,0,0.10818929764642894,2.6525465e-06
C_25167,val,0,0.10600477683974638,2.0587958e-13
C_25168,val,0,0.012423376718775279,0.0041013504
C_25177,val,0,0.007778144009698388,0.0035964346
C_25182,val,0,0.004095614071346495,4.096266e-08
C_25200,val,0,0.06263941104599478,2.5543603e-14
C_25203,val,0,0.008046160327635441,0.00563523
C_25206,val,0,0.15013900943492464,4.23388e-07
C_25215,val,0,0.12575622402260203,3.907345e-05
C_25220,val,0,0.004539572719351029,4.133616e-06
C_25221,val,0,0.0045959715961536845,4.531482e-07
C_25233,val,0,0.05624846490423443,0.013634974
C_25244,val,0,0.004095614071346495,2.2908625e-06
C_25255,val,0,0.019934456635359976,3.9834697e-10
C_25259,val,0,0.23119372573319386,0.85299605
C_25265,val,0,0.06801742202931432,0.003439344
C_25268,val,0,0.03693166790028635,0.0005985535
C_25285,val,0,0.004539572719351029,1.2055847e-05
C_25298,val,0,0.004539572719351029,1.0583392e-09
C_25310,val,0,0.004539572719351029,5.838737e-12
C_25312,val,0,0.05543068931313403,2.0792159e-07
C_25317,val,0,0.04453688128035955,5.0843336e-14
C_25320,val,0,0.021274846688462967,0.0008064529
C_25323,val,0,0.005843519463314208,9.5815085e-06
C_25327,val,0,0.003798424579853514,1.1761442e-06
C_25339,val,0,0.0018399471389267444,1.996506e-15
C_25341,val,0,0.21081494411176324,0.44093353
C_25344,val,0,0.004539572719351029,6.144721e-08
C_25357,val,0,0.004539572719351029,1.0810307e-08
C_25360,val,0,0.04563474666172953,0.0022882486
C_25361,val,0,0.004095614071346495,1.7159987e-06
C_25377,val,0,0.12656106806713285,0.2560763
C_25380,val,0,0.005843519463314208,9.831182e-06
C_25391,val,0,0.03156909877323922,6.028593e-13
C_25398,val,0,0.04553935000612278,1.5223414e-12
C_25400,val,0,0.06545541751848653,0.0003179662
C_25409,val,0,0.029682286121351095,8.555387e-14
C_25425,val,0,0.004539572719351029,6.395604e-13
C_25433,val,0,0.004095614071346495,1.9812144e-19
C_25445,val,0,0.005272713602179786,9.939966e-06
C_25446,val,0,0.004539572719351029,1.44709975e-05
C_25448,val,0,0.05938286183417965,3.3559292e-05
C_25460,val,0,0.04346395831511754,0.08516757
C_25462,val,0,0.13572455967823355,1.4682483e-10
C_25466,val,0,0.004095614071346495,4.8023585e-11
C_25467,val,0,0.005456591659880597,1.14354025e-05
C_25478,val,0,0.04662553987907506,0.07801145
C_25481,val,0,0.12287507168735493,0.3768338
C_25492,val,0,0.004539572719351029,1.3081505e-05
C_25493,val,0,0.06536210906054922,0.10635263
C_25505,val,0,0.06892418173535217,0.019076535
C_25507,val,0,0.03850944109634563,0.19774555
C_25520,val,0,0.004539572719351029,0.00015709587
C_25523,val,0,0.016505666558871635,8.483272e-07
C_25532,val,0,0.004539572719351029,1.2637393e-06
C_25556,val,0,0.004095614071346495,1.1124441e-23
C_25560,val,0,0.06696575545801818,0.65226376
C_25569,val,0,0.01871083976748632,0.040790167
C_25571,val,0,0.0002039414214882639,9.061533e-12
C_25572,val,0,0.020949566165076868,3.6273566e-14
C_25582,val,0,0.004539572719351029,2.7143775e-05
C_25583,val,0,0.01872452691066354,3.275561e-15
C_25584,val,0,0.003134466352158992,0.028646007
C_25585,val,0,0.03528405042750343,0.029222941
C_25586,val,0,0.02098555968280076,0.020396346
C_25588,val,0,0.04906974428572301,1.6300781e-16
C_25595,val,0,0.004539572719351029,1.6055779e-08
C_25598,val,0,0.004095614071346495,1.3256966e-05
C_25600,val,0,0.20984368072462417,0.011845315
C_25609,val,0,0.04563474666172953,8.637485e-05
C_25615,val,0,0.05030507420543689,8.919448e-08
C_25627,val,0,0.002346664346039371,0.0016967995
C_25630,val,0,0.4144880701208897,6.4027724e-08
C_25631,val,0,0.15665245276165957,0.0060385945
C_25640,val,0,0.04255301833048854,1.744001e-06
C_25643,val,0,0.005272713602179786,1.0140401e-05
C_25647,val,0,0.005272713602179786,1.0262808e-05
C_25652,val,0,0.0987943610123354,0.24851488
C_25654,val,0,0.005843519463314208,9.80649e-06
C_25655,val,0,0.033759662267585776,0.013395332
C_25686,val,0,0.0600271315228487,0.17717169
C_25694,val,0,0.036640914908342384,2.5281253e-09
C_25695,val,0,0.0044684584764136765,7.19635e-06
C_25714,val,0,0.060488541831985626,0.043734215
C_25721,val,0,0.005272713602179786,1.0171298e-05
C_25722,val,0,0.02622524214091307,3.7376624e-06
C_25723,val,0,0.004539572719351029,2.9847257e-11
C_25726,val,0,0.020151178536267002,0.0011312912
C_25727,val,0,0.0036311246388073017,3.376161e-12
C_25739,val,0,0.0029694047782836525,6.2289774e-15
C_25741,val,0,0.1016270993978904,0.00968645
C_25759,val,0,0.002300646850139072,7.333305e-05
C_25768,val,0,0.007913958535141352,0.029745474
C_25789,val,0,0.1318591130088439,0.039641216
C_25796,val,0,0.04744072584439903,1.1732366e-05
C_25822,val,0,0.12669372435151252,0.9086626
C_25823,val,0,0.019247896915622238,3.0770573e-07
C_25825,val,0,0.020151178536267002,0.00042637103
C_25847,val,0,0.22813660787535212,2.3278394e-06
C_25851,val,0,0.05493414858628656,6.162883e-06
C_25852,val,0,0.004095614071346495,1.8061021e-08
C_25854,val,0,0.004539572719351029,1.0733547e-08
C_25857,val,0,0.004095614071346495,7.1106588e-06
C_25865,val,0,0.051885403446078365,2.044085e-08
C_25866,val,0,0.07493912724945631,8.0047094e-08
C_25880,val,0,0.052801672019733195,1.2800444e-05
C_25900,val,0,0.0021147780362736316,0.0023813657
C_25908,val,0,0.004539572719351029,1.1336627e-08
C_25912,val,0,0.15845703147296622,3.358498e-06
C_25916,val,0,0.08379459828861496,0.9147018
C_25918,val,0,0.004539572719351029,8.22626e-09
C_25921,val,0,0.005272713602179786,9.909536e-06
C_25922,val,0,0.01753353052470096,1.4660712e-10
C_25926,val,0,0.051601486740175576,0.0050968337
C_25930,val,0,0.1437055533334016,4.426626e-09
C_25937,val,0,0.005843519463314208,9.617945e-06
C_25941,val,0,0.004539572719351029,1.8502695e-12
C_25956,val,0,0.004095614071346495,1.5300619e-15
C_25961,val,0,0.02996469066291039,2.4682827e-11
C_25981,val,0,0.015292289149424676,0.005174609
C_25987,val,0,0.06847884339578622,0.96061116
C_25992,val,0,0.005843519463314208,9.432189e-06
C_25994,val,0,0.018096909575822745,0.025346307
C_25998,val,0,0.004095614071346495,6.6496795e-09
C_26005,val,0,0.004539572719351029,1.7619075e-18
C_26008,val,0,0.035174425003817254,0.00012618871
C_26011,val,0,0.018512693416941367,0.00090406416
C_26017,val,0,0.04684345639263405,4.032775e-08
C_26021,val,0,0.005843519463314208,9.723282e-06
C_26032,val,0,0.1467685295656094,0.011092206
C_26058,val,0,0.05469786951052034,0.0073361597
C_26060,val,0,0.004095614071346495,6.331989e-05
C_26068,val,0,0.09109612897970559,2.4565444e-27
C_26074,val,0,0.051601486740175576,0.0001257335
C_26081,val,0,0.004539572719351029,4.5733017e-05
C_26096,val,0,0.06056230114373205,0.11922277
C_26101,val,0,0.06920729171438862,0.40260652
C_26106,val,0,0.004095614071346495,5.414398e-12
C_26107,val,0,0.01272892356603039,1.5498146e-07
C_26117,val,0,0.11424612338766027,0.04553861
C_26121,val,0,0.02802682718181632,6.368803e-08
C_26129,val,0,0.018899603105269638,0.0852297
C_26133,val,0,0.020255238059671936,3.8746148e-07
C_26146,val,0,0.07231681212276829,0.07937907
C_26150,val,0,0.03514849095471805,0.04320386
C_26154,val,0,0.0033228017437224627,1.6371693e-09
C_26156,val,0,0.1343837593241589,0.021095738
C_26160,val,0,0.1755410683213077,2.2952093e-11
C_26166,val,0,0.004184427701149658,0.00011183999
C_26167,val,0,0.0062075713251074135,0.00012513378
C_26180,val,0,0.005843519463314208,9.538958e-06
C_26192,val,0,0.005843519463314208,9.731362e-06
C_26195,val,0,0.007896589610823356,6.7599093e-10
C_26203,val,0,0.019289088542985777,7.8646414e-17
C_26211,val,0,0.004095614071346495,5.700379e-06
C_26231,val,0,0.00776403466005643,0.034156427
C_26235,val,0,0.07106636555119591,0.057069983
C_26236,val,0,0.0486626138931676,9.174648e-05
C_26237,val,0,0.05307979002161453,2.5309633e-12
C_26240,val,0,0.004539572719351029,1.7118201e-12
C_26249,val,0,0.003798424579853514,2.3549786e-05
C_26251,val,0,0.05403456138277455,7.710832e-06
C_26267,val,0,0.022192262444548617,3.4335157e-05
C_26270,val,0,0.0030736961894235575,2.0051067e-16
C_26272,val,0,0.006963773970671066,1.3156185e-05
C_26276,val,0,0.07062994973638549,0.17524059
C_26277,val,0,0.01839824071193963,8.3850246e-08
C_26278,val,0,0.1647341025847441,0.3577482
C_26281,val,0,0.004382686041878017,0.0021806187
C_26284,val,0,0.004539572719351029,3.3923322e-11
C_26288,val,0,0.01129447347610641,1.1641737e-08
C_26301,val,0,0.03851183251446341,0.00019231916
C_26306,val,0,0.03098047032381975,0.10355251
C_26322,val,0,0.004539572719351029,0.00044169076
C_26323,val,0,0.004095614071346495,3.3762919e-22
C_26324,val,0,0.004827403900077386,9.020525e-08
C_26340,val,0,0.004539572719351029,7.7349336e-13
C_26341,val,0,0.05697509914277886,0.05008646
C_26342,val,0,0.006168956691102949,1.0692624e-05
C_26343,val,0,0.005843519463314208,9.784732e-06
C_26351,val,0,0.015432575542765616,3.2596527e-13
C_26360,val,0,0.04356373120281255,0.018918587
C_26362,val,0,0.004539572719351029,4.6441433e-05
C_26364,val,0,0.037233763866670315,0.013642397
C_26368,val,0,0.11783385973856594,0.4265807
C_26369,val,0,0.00895778222082515,1.2135393e-05
C_26372,val,0,0.16576457646508191,0.41854614
C_26395,val,0,0.024541695300125507,0.095052786
C_26404,val,0,0.0015339119817447085,1.5891152e-05
C_26406,val,0,0.016505666558871635,5.1369963e-12
C_26415,val,0,0.012623829633175212,4.1064567e-13
C_26419,val,0,0.31709297919523116,3.198498e-08
C_26423,val,0,0.006963773970671066,0.0047433283
C_26425,val,0,0.03234302627452107,0.39960164
C_26434,val,0,0.033590732291314984,0.024090393
C_26435,val,0,0.033058663840120905,0.000631545
C_26436,val,0,0.004225587409650138,1.2855771e-06
C_26449,val,0,0.005870086542647083,3.482002e-09
C_26454,val,0,0.004554982062009012,1.6270459e-09
C_26471,val,0,0.09082874213467962,2.0149228e-05
C_26474,val,0,0.005843519463314208,9.756145e-06
C_26496,val,0,0.004171225837210271,1.3174447e-07
C_26509,val,0,0.004095614071346495,0.0070678596
C_26515,val,0,0.0012676066306984831,2.2620608e-08
C_26522,val,0,0.12354307834393517,0.56842524
C_26525,val,0,0.11056127823529191,6.8265356e-17
C_26531,val,0,0.005843519463314208,9.823216e-06
C_26541,val,0,0.0031747674155223624,1.6692066e-07
C_26544,val,0,0.04556397889914291,0.0066225603
C_26557,val,0,0.0037988489330566784,1.4059447e-08
C_26567,val,0,0.027034481680251157,1.9328328e-12
C_26569,val,0,0.005272713602179786,9.946177e-06
C_26572,val,0,0.08048273726708982,1.1304152e-08
C_26573,val,0,0.005843519463314208,9.786898e-06
C_26580,val,0,0.012246226971435467,3.3857168e-06
C_26586,val,0,0.0012753043851407742,2.4565832e-06
C_26592,val,0,0.1629042684037492,0.08969216
C_26605,val,0,0.004095614071346495,1.2267674e-10
C_26618,val,0,0.005272713602179786,1.04188075e-05
C_26624,val,0,0.1566981908781794,4.180452e-05
C_26640,val,0,0.024597116797660353,0.06736221
C_26642,val,0,0.004095614071346495,6.0483366e-08
C_26645,val,0,0.15675650479590425,2.6325494e-15
C_26668,val,0,0.004539572719351029,1.06520806e-10
C_26669,val,0,0.15849149158549347,0.5093076
C_26672,val,0,0.004095614071346495,1.7282598e-08
C_26693,val,0,0.0819098695475799,0.04550993
C_26707,val,0,0.005843519463314208,9.754341e-06
C_26708,val,0,0.018146702488276507,0.07344135
C_26709,val,0,0.013486283589627378,0.00048515628
C_26711,val,0,0.01869369567424417,0.00029490452
C_26715,val,0,0.004539572719351029,6.0328853e-06
C_26716,val,0,0.05489581575808357,0.099872135
C_26718,val,0,0.003798424579853514,0.00016276758
C_26722,val,0,0.005822341762801977,3.5704898e-12
C_26735,val,0,0.026319010235097008,1.4814459e-05
C_26743,val,0,0.006963773970671066,1.0590808e-08
C_26750,val,0,0.004095614071346495,7.2004625e-20
C_26751,val,0,0.004031426454623072,1.0381412e-07
C_26757,val,0,0.00252618233890074,0.010774948
C_26764,val,0,0.01240456878874365,7.378381e-15
C_26767,val,0,0.0470666757397469,0.007023282
C_26768,val,0,0.004539572719351029,0.0005053087
C_26777,val,0,0.004095614071346495,1.4024019e-11
C_26780,val,0,0.026814843241207996,0.036721017
C_26793,val,0,0.05962340653039564,0.07098591
C_26802,val,0,0.08712134007096647,0.0034191129
C_26813,val,0,0.004539572719351029,1.7902345e-10
C_26814,val,0,0.005843519463314208,9.43226e-06
C_26822,val,0,0.0033228017437224627,2.944027e-08
C_26844,val,0,0.004539572719351029,2.5059705e-08
C_26850,val,0,0.054523675633774964,0.0023953265
C_26852,val,0,0.004539572719351029,8.475691e-17
C_26857,val,0,0.05813972531118318,1.0122849e-09
C_26863,val,0,0.004391868468478156,0.014562604
C_26871,val,0,0.03033034865538014,1.0849784e-05
C_26873,val,0,0.018512693416941367,1.8586354e-07
C_26874,val,0,0.0010764679063621561,2.7049043e-06
C_26875,val,0,0.018642136519804075,0.014419464
C_26884,val,0,0.024279178020983852,2.483548e-06
C_26885,val,0,0.06249742892136703,0.18888845
C_26908,val,0,0.005272713602179786,1.0217417e-05
C_26913,val,0,0.039072124378243964,0.049571164
C_26914,val,0,0.008114560680666266,6.7570783e-16
C_26926,val,0,0.005843519463314208,9.675267e-06
C_26929,val,0,0.004095614071346495,1.3022119e-06
C_26936,val,0,0.005843519463314208,9.891992e-06
C_26941,val,0,0.04376191782718116,0.0019613954
C_26946,val,0,0.1538810851924699,1.3437382e-06
C_26952,val,0,0.004539572719351029,1.3696025e-10
C_26953,val,0,0.04717680434157525,3.332883e-06
C_26956,val,0,0.2628607375235966,0.14255406
C_26970,val,0,0.04178876143049299,0.20427825
C_26975,val,0,0.015948829714375813,0.061170354
C_26982,val,0,0.06810041563900475,0.026065515
C_26984,val,0,0.004095614071346495,6.378851e-10
C_26988,val,0,0.06319789522413315,0.006779838
C_27020,val,0,0.0044684584764136765,1.0660102e-15
C_27024,val,0,0.018146702488276507,0.09298909
C_27027,val,0,0.2889416881344506,0.0019692425
C_27031,val,0,0.006365377004736526,0.0050424947
C_27032,val,0,0.00826443364898226,0.11908617
C_27045,val,0,0.004095614071346495,4.829746e-13
C_27061,val,0,0.0030198432313886378,7.20411e-06
C_27070,val,0,0.004539572719351029,9.150838e-06
C_27079,val,0,0.29136803583792903,1.25107845e-05
C_27080,val,0,0.08910615910891197,7.01895e-07
C_27088,val,0,0.015060623355378382,1.1054877e-07
C_27091,val,0,0.05926565464837445,0.35391685
C_27094,val,0,0.026814843241207996,0.056959823
C_27099,val,0,0.04688497452816201,0.06265812
C_27100,val,0,0.004095614071346495,5.4895077e-07
C_27105,val,0,0.0019768082767373076,3.8454316e-11
C_27107,val,0,0.02940634626936411,0.00043835028
C_27108,val,0,0.005843519463314208,9.536757e-06
C_27119,val,0,0.2572475855194908,8.780323e-05
C_27130,val,0,0.004539572719351029,3.1277467e-10
C_27146,val,0,0.004539572719351029,5.6509526e-09
C_27159,val,0,0.022192262444548617,1.0186095e-11
C_27163,val,0,0.012038707834866304,0.0048258505
C_27172,val,0,0.04746440383696663,3.0727574e-06
C_27186,val,0,0.018350127650462737,0.00014714763
C_27187,val,0,0.004095614071346495,9.584526e-17
C_27196,val,0,0.0014178404598084548,0.04200282
C_27200,val,0,0.03316407727827175,0.05115733
C_27202,val,0,0.014406769944094172,0.0024727078
C_27204,val,0,0.05890447994983625,0.041314237
C_27217,val,0,0.004539572719351029,2.9413743e-05
C_27222,val,0,0.004095614071346495,9.936669e-12
C_27232,val,0,0.17505732487622186,0.12772879
C_27246,val,0,0.06615764679411079,0.12224221
C_27259,val,0,0.07715469617127341,0.0002947988
C_27264,val,0,0.14937927850140104,0.1870504
C_27277,val,0,0.004095614071346495,5.670869e-18
C_27284,val,0,0.004539572719351029,8.366448e-15
C_27286,val,0,0.003798424579853514,8.71776e-17
C_27287,val,0,0.004539572719351029,2.1589285e-05
C_27288,val,0,0.005843519463314208,9.7380935e-06
C_27298,val,0,0.006168956691102949,1.0691655e-05
C_27304,val,0,0.003798424579853514,5.441756e-14
C_27322,val,0,0.15922508976090097,0.002254555
C_27325,val,0,0.2281753808504472,2.9835235e-06
C_27333,val,0,0.07645110269784075,0.29475862
C_27358,val,0,0.02324879585342177,0.070318006
C_27360,val,0,0.06825801449039189,4.3173998e-09
C_27362,val,0,0.004918361126349882,6.0304847e-05
C_27363,val,0,0.04493117085319884,0.056895286
C_27368,val,0,0.061353061153420534,0.0759234
C_27371,val,0,0.05958599264266675,0.105097026
C_27373,val,0,0.26238790411594554,0.0116040325
C_27377,val,0,0.014944106726880964,0.00019971999
C_27378,val,0,0.004031426454623072,1.5591735e-09
C_27383,val,0,0.20114521447841086,1.7218815e-10
C_27399,val,0,0.1754094706782599,0.2742044
C_27405,val,0,0.004095614071346495,2.8316586e-05
C_27407,val,0,0.03469641518998231,1.5879343e-06
C_27411,val,0,0.015838652791523057,0.00063602056
C_27412,val,0,0.0031747674155223624,2.0796267e-09
C_27416,val,0,0.07597567356126479,5.344778e-06
C_27428,val,0,0.0027770186314993554,1.5505892e-11
C_27435,val,0,0.004095614071346495,7.0022734e-09
C_27439,val,0,0.004095614071346495,1.9812043e-14
C_27441,val,0,0.0035010579809114485,2.1504544e-05
C_27444,val,0,0.005272713602179786,1.0561685e-05
C_27454,val,0,0.03260165885961042,1.7518321e-05
C_27455,val,0,0.19145640960184268,0.53658813
C_27467,val,0,0.0225582778007066,4.135776e-13
C_27469,val,0,0.016935797951587797,0.0015989094
C_27472,val,0,0.02522560551488092,4.5125726e-05
C_27474,val,0,0.2249762080285192,0.093621664
C_27484,val,0,0.004095614071346495,5.7914627e-13
C_27498,val,0,0.16480956613845385,0.00038988737
C_27499,val,0,0.06358862898819961,0.066377535
C_27500,val,0,0.12106039892405963,0.43506637
C_27501,val,0,0.004095614071346495,9.8473556e-26
C_27504,val,0,0.057592758491350746,0.12447536
C_27513,val,0,0.10914966545454317,4.2843922e-08
C_27519,val,0,0.004539572719351029,1.0308491e-10
C_27525,val,0,0.04489995327715484,0.044120915
C_27530,val,0,0.0033205685398210467,0.00020955795
C_27557,val,0,0.14155305901285253,0.0055898344
C_27559,val,0,0.052599608757309034,0.002229816
C_27562,val,0,0.026761312644310677,4.9439155e-08
C_27572,val,0,0.019196963624110268,7.6961456e-08
C_27575,val,0,0.006060186056877356,0.09646746
C_27580,val,0,0.004539572719351029,6.2789945e-06
C_27585,val,0,0.14906007054184497,8.821909e-05
C_27593,val,0,0.19650229107159112,0.28240648
C_27594,val,0,0.004095614071346495,1.7195997e-07
C_27598,val,0,0.003432508500441589,0.011664362
C_27606,val,0,0.01753353052470096,0.03064316
C_27618,val,0,0.004095614071346495,1.2418056e-18
C_27626,val,0,0.3921069717947361,0.86837196
C_27631,val,0,0.003798424579853514,1.4350472e-06
C_27650,val,0,0.10911149597096698,1.7139006e-09
C_27676,val,0,0.03940571264249751,1.8214749e-17
C_27681,val,0,0.004031426454623072,4.063343e-07
C_27683,val,0,0.07381844651539242,0.27625072
C_27688,val,0,0.023179838617779266,0.0007444098
C_27696,val,0,0.24061085657631257,7.4446536e-05
C_27699,val,0,0.005843519463314208,9.542916e-06
C_27701,val,0,0.005272713602179786,1.0301021e-05
C_27702,val,0,0.002834636311807917,7.608804e-12
C_27710,val,0,0.004539572719351029,4.8401674e-09
C_27744,val,0,0.03058759167564204,2.123663e-05
C_27748,val,0,0.004539572719351029,4.0204774e-20
C_27750,val,0,0.14921306301199316,3.3372053e-06
C_27752,val,0,0.09504652719949755,3.0900898e-12
C_27755,val,0,0.003798424579853514,0.021521851
C_27760,val,0,0.11855601053599443,0.8859136
C_27762,val,0,0.005843519463314208,9.556468e-06
C_27767,val,0,0.0027241035379545835,0.00047414555
C_27777,val,0,0.006299436708401893,0.002894483
C_27781,val,0,0.019168862344222912,1.1164168e-08
C_27797,val,0,0.033759662267585776,0.036728684
C_27805,val,0,0.27737447871859816,0.08513361
C_27806,val,0,0.004539572719351029,4.798677e-15
C_27816,val,0,0.6481090575817863,5.677381e-05
C_27833,val,0,0.024092611732420992,0.0040855445
C_27834,val,0,0.004095614071346495,1.6718017e-09
C_27836,val,0,0.057827932268962816,0.10981181
C_27851,val,0,0.04718971230685655,4.0272536e-09
C_27861,val,0,0.08574962604240328,0.117349096
C_27885,val,0,0.004539572719351029,1.527304e-07
C_27896,val,0,0.018400675327880773,2.410936e-10
C_27907,val,0,0.005272713602179786,1.030735e-05
C_27909,val,0,0.028103811153820005,0.027617099
C_27912,val,0,0.04264493358616938,6.0694933e-13
C_27933,val,0,0.026874676671155645,8.442856e-05
C_27941,val,0,0.05262963772046131,0.18476902
C_27943,val,0,0.005843519463314208,9.846129e-06
C_27947,val,0,0.06991532129919777,0.0014559417
C_27953,val,0,0.03501236905714626,0.31384155
C_27964,val,0,0.03941663628492347,1.1273813e-12
C_27972,val,0,0.022571922058260765,0.0007213479
C_27979,val,0,0.04275829607479932,0.14676757
C_27990,val,0,0.01428264315181684,1.2066453e-05
C_27998,val,0,0.0031747674155223624,3.576455e-15
C_28000,val,0,0.007743142520073293,5.852939e-17
C_28004,val,0,0.11044684708209028,1.7199614e-10
C_28012,val,0,0.0035522118101037215,4.515313e-12
C_28014,val,0,0.19400714384711049,0.022769593
C_28043,val,0,0.2000026128796081,4.3550854e-06
C_28044,val,0,0.27192975203281955,0.010349064
C_28057,val,0,0.12412846826133987,0.40116745
C_28063,val,0,0.18169349625062337,0.00040922407
C_28071,val,0,0.06744072501116821,1.2457141e-06
C_28073,val,0,0.20318866991856485,1.7286472e-10
C_28083,val,0,0.10181847980876314,9.6575395e-06
C_28089,val,0,0.00047510406706122914,0.815468
C_28092,val,0,0.011792882378506129,0.9731554
C_28115,val,0,0.001950971224762073,0.00091119437
C_28135,val,0,0.1460785046437472,9.074694e-16
C_28140,val,0,0.011602060434261709,0.000471635
C_28150,val,0,0.004472803026867064,0.023078157
C_28151,val,0,0.023035571620284856,0.08800481
C_28163,val,0,0.023359655590418638,0.0017446504
C_28169,val,0,0.1846862209478191,0.13495408
C_28179,val,0,0.08984693680352336,8.0925805e-05
C_28186,val,0,0.02778803047963048,2.364199e-15
C_28189,val,0,0.08561912227075406,0.5961401
C_28194,val,0,0.04877746525388228,0.0045273677
C_28196,val,0,0.049083214354955225,0.00042363186
C_28204,val,0,0.0038969878503968417,1.8410557e-07
C_28212,val,0,0.03798257011605838,0.9462856
C_28215,val,0,0.0073311731657455135,1.6988355e-05
C_28222,val,0,0.6529025696732127,1.1565005e-06
C_28223,val,0,0.05799589258564396,0.16114426
C_28225,val,0,0.007312195763526873,0.0003632639
C_28227,val,0,0.06680157196667513,2.5383699e-08
C_28228,val,0,0.0035522118101037215,2.2734072e-11
C_28235,val,0,0.0018528347985991489,1.2835912e-06
C_28238,val,0,0.02359001900871115,0.00034364758
C_28243,val,0,0.3276251049572524,6.5184126e-05
C_28261,val,0,0.0064002264249942075,2.6607666e-05
C_28266,val,0,0.005216213556276695,9.168815e-06
C_28273,val,0,0.0862871052877682,0.18752271
C_28277,val,0,0.03114543281908849,1.4548569e-05
C_28281,val,0,0.0064002264249942075,2.619711e-05
C_28285,val,0,0.003038577593281998,3.1665145e-08
C_28295,val,0,0.010531395732673044,3.7073616e-14
C_28298,val,0,0.004686835929626415,2.4721541e-05
C_28299,val,0,0.0032251200484468634,0.006965827
C_28308,val,0,0.006414851215062794,4.9831465e-06
C_28312,val,0,0.008053884069247064,0.0021847144
C_28328,val,0,0.02692120777931814,0.027442552
C_28335,val,0,0.03454580747807341,0.033284068
C_28336,val,0,0.19614652321593287,4.6486062e-07
C_28342,val,0,0.0303212379021468,0.112292394
C_28343,val,0,0.008692071684783873,0.00028818962
C_28348,val,0,0.6899073310012215,7.242238e-05
C_28349,val,0,0.004961757560973315,1.5875663e-07
C_28351,val,0,0.023835047472569138,0.14803448
C_28356,val,0,0.4036411783183934,0.0013565077
C_28366,val,0,0.0032765120392957633,7.2945218e-06
C_28369,val,0,0.09632345393997399,0.0040929397
C_28384,val,0,0.08414589859182657,0.12785672
C_28385,val,0,0.007193113283867195,0.37529045
C_28390,val,0,0.0049278236856019056,0.0055405297
C_28398,val,0,0.11065963736893855,0.5441007
C_28400,val,0,0.190103984416658,8.743748e-22
C_28405,val,0,0.003990670161178941,0.23899798
C_28407,val,0,0.037682459382465575,0.2809625
C_28411,val,0,0.006098567588649437,0.00036502775
C_28426,val,0,0.05208858688005813,0.20315456
C_28433,val,0,0.005231516287636099,4.2640287e-15
C_28449,val,0,0.003227641975338251,3.7164614e-09
C_28452,val,0,0.0039353640665449816,0.00029921244
C_28457,val,0,0.04398356813638797,0.94822973
C_28471,val,0,0.737319226458784,1.9515483e-11
C_28473,val,0,0.004553374483565562,4.8855156e-08
C_28477,val,0,0.017580039601470993,2.3086963e-08
C_28479,val,0,0.014495839353599039,0.1636249
C_28480,val,0,0.0032765120392957633,4.773215e-05
C_28484,val,0,0.10114199787276125,8.626198e-12
C_28488,val,0,0.02625086527621552,1.3907216e-07
C_28498,val,0,0.0028310604957272815,4.043357e-06
C_28503,val,0,0.0032765120392957633,2.7496028e-06
C_28528,val,0,0.07201255273548915,0.008621651
C_28539,val,0,0.03867796203346889,0.08168125
C_28550,val,0,0.004599568208727962,2.716157e-07
C_28560,val,0,0.021969297790508106,0.12729436
C_28569,val,0,0.004573852136997693,1.2865233e-05
C_28571,val,0,0.0018763105876380283,3.7557533e-05
C_28575,val,0,0.09301386255262432,6.7735866e-11
C_28583,val,0,0.2842323735636217,2.7257727e-12
C_28584,val,0,0.020109367576788002,0.12333706
C_28586,val,0,0.07921174060305028,0.17877585
C_28587,val,0,0.5225373186399319,4.6025175e-07
C_28590,val,0,0.004961757560973315,6.8952154e-08
C_28592,val,0,0.19376868920025403,5.8549026e-06
C_28594,val,0,0.07067367799646598,6.967209e-09
C_28598,val,0,0.10245774725127209,0.00025689177
C_28605,val,0,0.005351943578040719,1.4314756e-05
C_28608,val,0,0.14764710577095524,2.0641288e-08
C_28619,val,0,0.0032765120392957633,2.2562652e-05
C_28629,val,0,0.02138055368199219,0.17784385
C_28638,val,0,0.057563618349504214,1.19308955e-11
C_28647,val,0,0.007312195763526873,8.890667e-21
C_28659,val,0,0.10286520912554889,3.338534e-08
C_28661,val,0,0.17418266241922498,0.46163598
C_28667,val,0,0.004570056771480962,1.336252e-05
C_28670,val,0,0.17096744944875114,0.022342948
C_28678,val,0,0.0035522118101037215,4.6132893e-05
C_28686,val,0,0.021445915146358182,0.0007197837
C_28699,val,0,0.007312195763526873,2.2333294e-15
C_28710,val,0,0.257599835404909,0.3708255
C_28711,val,0,0.004961757560973315,9.807266e-06
C_28714,val,0,0.138160072335537,4.7746848e-11
C_28725,val,0,0.030189597638958073,4.0158993e-10
C_28730,val,0,0.006761113896577045,0.0003532685
C_28731,val,0,0.016751678190626666,1.9037703e-09
C_28751,val,0,0.5198375727239027,1.6491083e-05
C_28764,val,0,0.42133418842703685,1.4868596e-25
C_28780,val,0,0.24484543280952212,2.5886134e-06
C_28785,val,0,0.14045663039951597,0.27528337
C_28792,val,0,0.0032765120392957633,1.0799992e-06
C_28797,val,0,0.004499284264632179,0.13820523
C_28801,val,0,0.0022949181298442985,1.3759568e-06
C_28807,val,0,0.23543721051244812,1.8220466e-07
C_28817,val,0,0.0035522118101037215,9.43568e-17
C_28827,val,0,0.03543730558736757,4.2196177e-12
C_28845,val,0,0.11153951326677043,0.8441593
C_28859,val,0,0.010383727901698465,2.171462e-05
C_28860,val,0,0.0034569530168638936,0.0045120814
C_28864,val,0,0.13114545569690972,1.7722307e-07
C_28869,val,0,0.0024166262742740746,8.802109e-08
C_28874,val,0,0.09447746677977886,0.059221737
C_28902,val,0,0.012795528710789527,6.981542e-05
C_28907,val,0,0.08770216811951279,0.7327387
C_28908,val,0,0.009089032394387766,0.00010063595
C_28912,val,0,0.03757577667164179,0.053406898
C_28921,val,0,0.004801157880930719,1.8113022e-05
C_28923,val,0,0.1476657404947022,0.6475331
C_28926,val,0,0.0347184207940873,0.13328908
C_28930,val,0,0.03259994875496448,4.716838e-05
C_28952,val,0,0.0553327377808375,1.2438107e-07
C_28953,val,0,0.004961757560973315,1.354242e-07
C_28957,val,0,0.04455614891844433,0.00010209131
C_28965,val,0,0.26321917894780444,0.7033965
C_28967,val,0,0.007920942161308422,4.594827e-05
C_28982,val,0,0.07926873183882063,1.0395015e-09
C_28989,val,0,0.0073311731657455135,1.7748618e-05
C_28994,val,0,0.05061530690126117,0.00036496736
C_29008,val,0,0.12758668094891285,0.009781086
C_29029,val,0,0.0071959871952589835,1.7248753e-05
C_29031,val,0,0.025148683493094168,9.541945e-11
C_29046,val,0,0.004961757560973315,5.4938755e-07
C_29065,val,0,0.0028076480234739683,2.8767817e-13
C_29067,val,0,0.004840322762402985,0.120944105
C_29076,val,0,0.06610288567179896,0.253693
C_29078,val,0,0.038269646382254045,0.3183866
C_29099,val,0,0.006397998379820988,5.41585e-10
C_29100,val,0,0.004573852136997693,1.3755732e-05
C_29103,val,0,0.021419838934515805,3.040726e-05
C_29104,val,0,0.0744591924909639,1.1848404e-05
C_29105,val,0,0.02454861584728359,0.104910515
C_29121,val,0,0.006953904240406827,1.510925e-05
C_29122,val,0,0.004031426454623072,1.2632789e-06
C_29137,val,0,0.039223656660010854,4.1486475e-16
C_29144,val,0,0.00426198337790754,1.6665035e-21
C_29147,val,0,0.009924274496881385,0.16346774
C_29148,val,0,0.15047424158948103,2.1421052e-08
C_29150,val,0,0.057326884818342104,3.1557356e-05
C_29160,val,0,0.0907686998351675,2.1553365e-10
C_29164,val,0,0.0751050042844343,0.11766738
C_29191,val,0,0.2461747508767682,0.0001195451
C_29198,val,0,0.6544475372703162,0.003343371
C_29203,val,0,0.0032765120392957633,7.5520865e-15
C_29212,val,0,0.09762143001572868,3.6237857e-08
C_29216,val,0,0.03669359525460096,5.16096e-07
C_29221,val,0,0.0035522118101037215,9.151181e-14
C_29226,val,0,0.005231516287636099,0.00023625676
C_29227,val,0,0.003316230302342729,1.2834835e-20
C_29251,val,0,0.028333971170013503,9.674623e-05
C_29265,val,0,0.028557383789136068,3.669767e-09
C_29267,val,0,0.0035522118101037215,4.3620288e-10
C_29271,val,0,0.3269911691037365,2.165111e-09
C_29278,val,0,0.08877639929178303,0.057804313
C_29287,val,0,0.06475505606423035,0.022392036
C_29288,val,0,0.023134306015570753,9.635595e-07
C_29291,val,0,0.08004372208196547,1.865712e-06
C_29301,val,0,0.004733474413386631,1.4499937e-05
C_29305,val,0,0.020300087362197714,3.2212423e-08
C_29308,val,0,0.06261930012228223,1.7062404e-11
C_29320,val,0,0.021602773923074508,0.32162657
C_29321,val,0,0.04136924381060441,0.1019333
C_29329,val,0,0.005231516287636099,1.4823728e-08
C_29335,val,0,0.0035522118101037215,2.2413301e-08
C_29337,val,0,0.004961757560973315,1.0732688e-06
C_29340,val,0,0.07825088793715869,5.560003e-07
C_29345,val,0,0.024528322753134896,0.52207404
C_29354,val,0,0.05514429761320901,1.7360685e-10
C_29358,val,0,0.03794551712820697,3.6634532e-12
C_29363,val,0,0.298206748419455,9.98205e-12
C_29367,val,0,0.21575409745510102,0.79960585
C_29369,val,0,0.06753238097776319,0.23601305
C_29379,val,0,0.397066698146327,0.22531219
C_29387,val,0,0.04844016231439313,0.00028698813
C_29413,val,0,0.005112029924219524,7.390473e-13
C_29416,val,0,0.003294322711544172,0.00094074087
C_29418,val,0,0.004961757560973315,6.0221716e-08
C_29421,val,0,0.09288151640105993,4.894918e-07
C_29434,val,0,0.03341838145152003,0.00022640565
C_29435,val,0,0.0029606414988464784,2.932306e-10
C_29444,val,0,0.06713379722991158,0.34601143
C_29452,val,0,0.0032765120392957633,2.0826637e-05
C_29459,val,0,0.007312195763526873,2.8345778e-15
C_29461,val,0,0.3231887125927742,1.9471926e-09
C_29463,val,0,0.004219194978886865,1.1100278e-05
C_29465,val,0,0.004886715768819954,0.0002742245
C_29466,val,0,0.07104570912234254,0.011668272
C_29480,val,0,0.004553374483565562,5.589143e-21
C_29485,val,0,0.06496676028032466,0.87319946
C_29489,val,0,0.004961757560973315,2.0619507e-10
C_29493,val,0,0.08455389471151402,0.17213939
C_29494,val,0,0.010126544548995494,3.573448e-07
C_29497,val,0,0.10981340654320966,2.589668e-09
C_29502,val,0,0.5612327277196042,0.20473552
C_29508,val,0,0.07066285721970436,0.21582691
C_29517,val,0,0.03943555380586328,9.4226876e-11
C_29532,val,0,0.02456438281418506,0.23266494
C_29534,val,0,0.0053527531477588495,0.065086514
C_29535,val,0,0.0032765120392957633,1.3346462e-06
C_29543,val,0,0.004852304069447536,1.3778542e-06
C_29562,val,0,0.0029606414988464784,2.0954946e-12
C_29567,val,0,0.02707381811498729,3.13364e-06
C_29568,val,0,0.016371820315422617,2.4226083e-05
C_29573,val,0,0.6503879599614664,1.5300353e-08
C_29581,val,0,0.15024937964054097,0.369449
C_29584,val,0,0.06454046244563648,6.576449e-08
C_29590,val,0,0.004961757560973315,0.0006244497
C_29593,val,0,0.024094168545388886,3.6914097e-13
C_29595,val,0,0.011491213664957839,3.067595e-18
C_29604,val,0,0.001449628535946253,1.3809936e-08
C_29605,val,0,0.01880876224718191,1.078045e-08
C_29622,val,0,0.0032765120392957633,4.120792e-09
C_29624,val,0,0.16533492806218414,7.67681e-15
C_29625,val,0,0.009397262912556678,5.55291e-13
C_29633,val,0,0.0032765120392957633,4.9897346e-05
C_29642,val,0,0.025733277239241823,1.04481866e-13
C_29648,val,0,0.07620650781501719,0.00015012384
C_29651,val,0,0.5421885833318734,4.334133e-06
C_29652,val,0,0.0073311731657455135,1.7059725e-05
C_29658,val,0,0.015060283016384795,0.16939546
C_29665,val,0,0.004961757560973315,2.1706256e-14
C_29672,val,0,0.0210744110660348,2.5758576e-05
C_29677,val,0,0.0024599711244885384,0.0046577263
C_29683,val,0,0.6395642995975259,0.00011304062
C_29688,val,0,0.21340075617596313,0.5743629
C_29689,val,0,0.005307507309429213,0.0044536344
C_29690,val,0,0.02170225291921767,5.671901e-09
C_29691,val,0,0.5931319699502215,1.6539816e-07
C_29700,val,0,0.0035522118101037215,0.0001407123
C_29702,val,0,0.30281483345786514,1.9357647e-05
C_29708,val,0,0.01767470742716428,0.1891805
C_29718,val,0,0.0035522118101037215,5.182404e-12
C_29723,val,0,0.0033379694906480253,4.3158458e-08
C_29724,val,0,0.05039748442997109,0.09327305
C_29725,val,0,0.18080069168076066,2.390926e-16
C_29727,val,0,0.05562187865876448,0.004758731
C_29731,val,0,0.24780551498421205,0.0029915788
C_29739,val,0,0.29063481344993763,0.82683444
C_29754,val,0,0.017272511712444875,0.24727821
C_29758,val,0,0.0012529091453465854,8.947902e-06
C_29769,val,0,0.020982111665328464,0.0004921141
C_29772,val,0,0.5526911663850196,0.96219695
C_29778,val,0,0.006953904240406827,1.5300202e-05
C_29781,val,0,0.3038357602350524,0.005257642
C_29788,val,0,0.0035522118101037215,1.396563e-06
C_29815,val,0,0.4043373315092288,0.13557394
C_29819,val,0,0.07532840420880264,0.006459287
C_29836,val,0,0.038524633507912534,3.9740082e-09
C_29845,val,0,0.34128623556693427,0.0015304462
C_29857,val,0,0.03568547401104721,0.06530143
C_29867,val,0,0.004961757560973315,2.112634e-05
C_29868,val,0,0.0064002264249942075,2.6189691e-05
C_29873,val,0,0.021379921308052687,0.000105630126
C_29884,val,0,0.181554979405007,0.00043302673
C_29892,val,0,0.27173275028211424,1.0791755e-10
C_29893,val,0,0.007180836674104738,0.0052026184
C_29900,val,0,0.07516524448547386,2.9619491e-06
C_29906,val,0,0.004961757560973315,3.209542e-11
C_29907,val,0,0.03855075477320111,1.726144e-09
C_29909,val,0,0.021418185731862164,0.013192501
C_29912,val,0,0.0029195211390308576,9.723793e-12
C_29920,val,0,0.010785581466930854,3.6962552e-05
C_29922,val,0,0.002107831159077769,0.00014157096
C_29926,val,0,0.17735798143485948,0.60508704
C_29927,val,0,0.00414228155519903,3.703943e-09
C_29928,val,0,0.2687517134446353,0.26015434
C_29935,val,0,0.6256961914931114,0.7087499
C_29936,val,0,0.00519178533650643,6.899573e-11
C_29938,val,0,0.08784074023493536,0.0014121528
C_29943,val,0,0.17625022594018938,0.51940846
C_29952,val,0,0.010282210146723588,0.00079062395
C_29954,val,0,0.0035522118101037215,3.7364018e-05
C_29959,val,0,0.020982111665328464,3.2173797e-12
C_29963,val,0,0.0024384464357840928,5.656435e-05
C_29966,val,0,0.004573852136997693,1.2755308e-05
C_29970,val,0,0.007312195763526873,0.00033051556
C_29975,val,0,0.039618353875194225,0.09727527
C_29984,val,0,0.0035522118101037215,5.6475423e-22
C_29991,val,0,0.006249560068680674,2.9503933e-10
C_29993,val,0,0.3130146116497344,1.872634e-15
C_29995,val,0,0.14417370834239693,6.2579966e-05
C_29999,val,0,0.07982867638069464,4.080907e-06
C_30001,val,0,0.005231516287636099,0.00011395807
C_30003,val,0,0.0032765120392957633,1.4295594e-08
C_30004,val,0,0.0035522118101037215,6.069996e-19
C_30020,val,0,0.006953904240406827,1.5427115e-05
C_30024,val,0,0.03191314548895015,6.0181676e-05
C_30040,val,0,0.03192946842566296,1.3231401e-05
C_30058,val,0,0.040453502314856324,0.05877836
C_30059,val,0,0.0028816388155931895,8.309229e-06
C_30085,val,0,0.07563151610079574,1.9443236e-07
C_30102,val,0,0.004602008641293844,3.5173813e-12
C_30104,val,0,0.005231516287636099,2.3253033e-06
C_30105,val,0,0.03162272713882432,0.04735944
C_30111,val,0,0.0023555386070346802,7.902988e-09
C_30113,val,0,0.19285210978006326,0.32646328
C_30114,val,0,0.004961757560973315,1.3972297e-08
C_30117,val,0,0.34424407598752094,0.021946277
C_30120,val,0,0.002673647050005735,2.9220137e-08
C_30122,val,0,0.09347608729527114,0.011791202
C_30125,val,0,0.2029927585135766,1.0135244e-18
C_30126,val,0,0.003571902216780626,8.654503e-10
C_30134,val,0,0.10074206515978598,0.24475989
C_30139,val,0,0.0034965106466186354,2.8076443e-07
C_30153,val,0,0.013579139542670909,3.754375e-15
C_30154,val,0,0.028557383789136068,6.109509e-08
C_30155,val,0,0.08249127311339885,9.715498e-10
C_30159,val,0,0.005231516287636099,3.7396495e-09
C_30176,val,0,0.032596386525243326,0.1301589
C_30187,val,0,0.09841990437045657,0.12976852
C_30205,val,0,0.0024495519075506864,0.00016697502
C_30209,val,0,0.0073311731657455135,1.7025332e-05
C_30210,val,0,0.06249995983820102,0.00054434396
C_30216,val,0,0.6599208306158927,1.1014024e-15
C_30238,val,0,0.026572898992133453,1.4354401e-05
C_30260,val,0,0.027924267714684686,0.298794
C_30275,val,0,0.12751823185481054,0.0024737525
C_30283,val,0,0.1217887249373148,0.6914845
C_30293,val,0,0.6436921236985303,0.81030995
C_30305,val,0,0.12249426327258477,0.4601512
C_30312,val,0,0.3548902867651694,3.1916595e-06
C_30316,val,0,0.0039284693425286924,2.2392877e-08
C_30325,val,0,0.007926423231987818,1.8001308e-09
C_30330,val,0,0.03716431200293556,0.0018385384
C_30331,val,0,0.30799554466185664,6.019372e-15
C_30332,val,0,0.0032765120392957633,1.2260766e-15
C_30338,val,0,0.03203402842609519,5.2186523e-18
C_30340,val,0,0.028987177242390548,3.913466e-06
C_30350,val,0,0.008665393695452989,1.2158143e-05
C_30362,val,0,0.5386419057197471,0.35938
C_30363,val,0,0.0607094428637007,0.0020856517
C_30367,val,0,0.003038577593281998,3.3157452e-12
C_30385,val,0,0.08651831943797876,1.0076256e-05
C_30394,val,0,0.004961757560973315,3.224003e-07
C_30398,val,0,0.006709546499139026,0.00022298477
C_30409,val,0,0.009308838412171413,3.3678014e-05
C_30411,val,0,0.18932560775014093,0.00010744942
C_30437,val,0,0.0035522118101037215,8.3874625e-14
C_30439,val,0,0.2609279328345288,0.97174996
C_30448,val,0,0.02500769812928756,1.1910224e-08
C_30450,val,0,0.026907853910893034,0.10230738
C_30454,val,0,0.0035550379710282266,5.883912e-20
C_30460,val,0,0.0032765120392957633,7.169083e-08
C_30464,val,0,0.03625566111997896,0.19368134
C_30469,val,0,0.02150055384482435,0.1073945
C_30477,val,0,0.0029606414988464784,5.0564067e-13
C_30479,val,0,0.43465434873063563,0.04090541
C_30481,val,0,0.04635964030053769,8.938594e-11
C_30482,val,0,0.09867687033367667,3.0810104e-11
C_30493,val,0,0.018331958081358155,4.5413126e-06
C_30509,val,0,0.028957806169773975,1.3241904e-05
C_30510,val,0,0.004539572719351029,5.6671465e-06
C_30511,val,0,0.03260165885961042,0.040377803
C_30518,val,0,0.7866566315788388,0.480939
C_30523,val,0,0.004946007222271077,6.8942456e-11
C_30551,val,0,0.009352962530203925,2.642439e-08
C_30562,val,0,0.004573852136997693,1.2823903e-05
C_30567,val,0,0.007312195763526873,5.692924e-14
C_30568,val,0,0.000981389583761862,0.00014892906
C_30569,val,0,0.005231516287636099,5.3812676e-07
C_30574,val,0,0.005221572264585427,7.557134e-14
C_30599,val,0,0.004539572719351029,1.5465541e-19
C_30607,val,0,0.005515128826980616,0.013198076
C_30613,val,0,0.022334836602850825,0.0023387456
C_30614,val,0,0.004560667517123666,1.2975553e-13
C_30621,val,0,0.017173430251681596,0.000841032
C_30627,val,0,0.04893089058958307,0.48168364
C_30631,val,0,0.17819190445480265,0.27105618
C_30633,val,0,0.004573852136997693,1.261202e-05
C_30637,val,0,0.11006683779387914,0.0007333935
C_30655,val,0,0.045991565197437384,3.0433832e-05
C_30681,val,0,0.0010462435418557845,0.0034933765
C_30691,val,0,0.6148565956529671,0.518225
C_30695,val,0,0.01854091411452671,2.0468634e-15
C_30706,val,0,0.014742976273776277,0.00051946554
C_30709,val,0,0.7463665185773588,0.24659956
C_30711,val,0,0.2835835210384416,2.907348e-12
C_30720,val,0,0.004602008641293844,4.5807122e-11
C_30724,val,0,0.0062018681304664165,0.04251477
C_30725,val,0,0.01843518692476211,0.019359853
C_30726,val,0,0.5926963250692107,0.010363168
C_30732,val,0,0.03089099984886976,0.19084038
C_30736,val,0,0.047327697127062474,2.2844348e-11
C_30738,val,0,0.020871282271582758,0.00015450297
C_30746,val,0,0.018148410900246912,0.12263178
C_30756,val,0,0.004501663676451288,0.00012393206
C_30761,val,0,0.09429500048234765,0.083694585
C_30766,val,0,0.019968438384626527,0.044456575
C_30771,val,0,0.010930963245746574,2.31174e-09
C_30772,val,0,0.4022484327475708,0.0045823306
C_30784,val,0,0.00426198337790754,1.25721e-08
C_30786,val,0,0.4335053694366937,0.013446725
C_30805,val,0,0.08418339700262562,1.685939e-06
C_30815,val,0,0.003038577593281998,6.013403e-07
C_30836,val,0,0.02735899567918952,1.9190985e-07
C_30841,val,0,0.007312195763526873,3.9130144e-10
C_30847,val,0,0.169518494110576,0.009936185
C_30868,val,0,0.4974223940484221,0.32173756
C_30889,val,0,0.09168012940141956,0.24803571
C_30892,val,0,0.0064002264249942075,2.5585487e-05
C_30900,val,0,0.010383727901698465,1.9831703e-05
C_30907,val,0,0.002069466977405969,1.5482273e-08
C_30909,val,0,0.23106080069198937,0.11597885
C_30915,val,0,0.07567743662830574,1.13249014e-10
C_30917,val,0,0.0035522118101037215,1.6957689e-13
C_30922,val,0,0.0032765120392957633,5.436405e-17
C_30932,val,0,0.18245668160115563,4.778327e-08
C_30935,val,0,0.021309119128082,2.159748e-06
C_30937,val,0,0.04377808769777739,5.476792e-05
C_30953,val,0,0.012610160276997526,2.2372813e-05
C_30960,val,0,0.5383512963824809,2.989499e-06
C_30971,val,0,0.020206285263663692,2.1114413e-13
C_30983,val,0,0.004501663676451288,9.1845315e-05
C_30984,val,0,0.024683966239363357,4.8865073e-14
C_30996,val,0,0.006953904240406827,1.5118734e-05
C_31001,val,0,0.015729743562396235,0.00081246725
C_31002,val,0,0.07629470957679045,4.3569779e-07
C_31007,val,0,0.20141591167404002,1.085946e-10
C_31029,val,0,0.10939393541297461,0.5680582
C_31037,val,0,0.029375194057180948,7.578325e-05
C_31043,val,0,0.01244215964191523,0.005217333
C_31045,val,0,0.004961757560973315,0.00020266305
C_31051,val,0,0.005231516287636099,1.8997429e-10
C_31055,val,0,0.06938095803508605,0.008279053
C_31059,val,0,0.019380490939236668,0.01585765
C_31067,val,0,0.002999523118819497,0.00041655047
C_31070,val,0,0.024027861068036078,0.12355593
C_31078,val,0,0.004501663676451288,8.998852e-09
C_31079,val,0,0.021299315433421173,0.055693854
C_31083,val,0,0.21359771900916033,5.659724e-07
C_31086,val,0,0.0035522118101037215,6.783706e-07
C_31093,val,0,0.8451451906757038,1.6058952e-17
C_31095,val,0,0.28370552599009774,7.042284e-08
C_31101,val,0,0.00426198337790754,1.2501624e-09
C_31103,val,0,0.7457032840379636,7.2416318e-12
C_31113,val,0,0.3004818694457778,1.3582821e-08
C_31119,val,0,0.003294322711544172,4.857606e-05
C_31120,val,0,0.0035522118101037215,1.5377274e-11
C_31130,val,0,0.23317745010229204,0.4692315
C_31133,val,0,0.3949170298720623,0.0066184765
C_31144,val,0,0.002227395979784765,0.34393343
C_31146,val,0,0.07532840420880264,0.00038398762
C_31155,val,0,0.005231516287636099,1.3690585e-07
C_31168,val,0,0.38048777628289904,0.6264958
C_31174,val,0,0.1344870305552213,7.801596e-07
C_31208,val,0,0.0033267336566725203,6.1516725e-09
C_31212,val,0,0.14750506054766058,0.0024958826
C_31216,val,0,0.022970978829919327,7.5834283e-10
C_31219,val,0,0.002123346278397386,4.5506204e-13
C_31220,val,0,0.09162366470838347,2.3600848e-12
C_31223,val,0,0.0034965106466186354,2.5536274e-12
C_31239,val,0,0.005231516287636099,1.5533162e-10
C_31240,val,0,0.04496030735678471,0.23247394
C_31249,val,0,0.005231516287636099,5.417779e-11
C_31264,val,0,0.0039284693425286924,0.00091102865
C_31271,val,0,0.022588430111635867,3.6958864e-15
C_31275,val,0,0.00456426908153775,0.0923122
C_31291,val,0,0.006397998379820988,1.6211595e-10
C_31292,val,0,0.17279539953931872,0.0007081321
C_31308,val,0,0.004573852136997693,0.110529974
C_31311,val,0,0.09989531257290739,0.18371978
C_31314,val,0,0.014813530457927038,9.318057e-05
C_31329,val,0,0.0073311731657455135,1.8185801e-05
C_31332,val,0,0.008734183621582955,8.458409e-10
C_31340,val,0,0.0035522118101037215,2.1366066e-10
C_31351,val,0,0.15347684515469232,7.546578e-06
C_31359,val,0,0.06678096056118515,2.70492e-05
C_31361,val,0,0.0035522118101037215,5.3441508e-11
C_31362,val,0,0.2557194626519605,3.6800824e-14
C_31364,val,0,0.00958843196700145,3.3320248e-06
C_31400,val,0,0.014223592656447799,1.1022495e-07
C_31401,val,0,0.5029943041679235,0.918111
C_31402,val,0,0.010383727901698465,2.157712e-05
C_31405,val,0,0.060801179837500004,6.2869534e-05
C_31408,val,0,0.004219194978886865,1.1238978e-05
C_31409,val,0,0.01753353052470096,1.6355167e-05
C_31420,val,0,0.03793985810149929,7.9336873e-14
C_31421,val,0,0.001548447128999219,0.0018717982
C_31436,val,0,0.0073792472716839655,2.9262803e-05
C_31438,val,0,0.612102426431878,0.5832813
C_31443,val,0,0.0037593869048704507,3.2913396e-13
C_31459,val,0,0.054467713071378404,9.785788e-08
C_31471,val,0,0.0035522118101037215,3.3145186e-12
C_31483,val,0,0.004961757560973315,2.5396406e-14
C_31489,val,0,0.10017673040331536,0.76825833
C_31490,val,0,0.004961757560973315,0.0004909582
C_31494,val,0,0.00426198337790754,1.1494754e-14
C_31497,val,0,0.4362448041004475,2.0917787e-06
C_31505,val,0,0.004961757560973315,5.0223503e-10
C_31524,val,0,0.18472720159652298,0.18868618
C_31525,val,0,0.01466885347168963,0.07479762
C_31527,val,0,0.07442598789286696,4.9410305e-06
C_31539,val,0,0.06717443045853957,0.169185
C_31540,val,0,0.004914801749905312,2.427196e-05
C_31544,val,0,0.22446014522833607,0.664558
C_31547,val,0,0.017926774973442923,2.3568953e-12
C_31554,val,0,0.06858724769082752,0.3432144
C_31559,val,0,0.006808332553841973,0.10421229
C_31567,val,0,0.47597623804640016,1.7679481e-07
C_31583,val,0,0.6236861336415536,0.16674381
C_31601,val,0,0.5950979521637121,8.484581e-11
C_31608,val,0,0.08146028150396344,1.5090129e-10
C_31612,val,0,0.006429284531450299,3.145331e-05
C_31613,val,0,0.004099914916022075,0.19914952
C_31614,val,0,0.09520027976408393,0.00023228007
C_31622,val,0,0.0035522118101037215,1.0117497e-05
C_31623,val,0,0.07962446211966194,0.0010312025
C_31626,val,0,0.2210816920229866,0.039133333
C_31641,val,0,0.07241121882335647,0.96592116
C_31643,val,0,0.5590188183425912,0.002515782
C_31653,val,0,0.03251791443600955,1.4932158e-05
C_31656,val,0,0.004961757560973315,7.944104e-06
C_31665,val,0,0.0035522118101037215,1.28007835e-08
C_31667,val,0,0.12160617448045237,3.4498433e-19
C_31687,val,0,0.004573852136997693,1.2774713e-05
C_31697,val,0,0.004852304069447536,0.008952869
C_31710,val,0,0.0032765120392957633,3.0467347e-06
C_31713,val,0,0.007312195763526873,0.000166972
C_31721,val,0,0.10403978288411196,0.5891627
C_31725,val,0,0.0035522118101037215,1.4783724e-07
C_31726,val,0,0.05045084842558806,0.04464603
C_31742,val,0,0.2394500290302252,0.18209672
C_31746,val,0,0.010383727901698465,1.9624227e-05
C_31748,val,0,0.25831714152259533,2.950003e-15
C_31752,val,0,0.0010517929237480403,6.0200296e-06
C_31758,val,0,0.0035522118101037215,1.0478714e-05
C_31762,val,0,0.00529241557661415,0.007870203
C_31764,val,0,0.004961757560973315,1.0960089e-14
C_31768,val,0,0.3922690020663253,0.42347252
C_31778,val,0,0.006953904240406827,1.4644493e-05
C_31805,val,0,0.16720402934543938,0.30657992
C_31814,val,0,0.07870926904056336,0.055398643
C_31825,val,0,0.03774519508759596,1.127141e-07
C_31843,val,0,0.07770804828569236,0.00047969673
C_31849,val,0,0.031189289265550046,8.600004e-10
C_31853,val,0,0.002985325936835884,5.5132725e-20
C_31884,val,0,0.10145275494913242,0.5178216
C_31885,val,0,0.011407214937723922,0.14868838
C_31889,val,0,0.03698279706812806,1.2072408e-07
C_31895,val,0,0.004961757560973315,2.1595442e-08
C_31903,val,0,0.012204236445357253,0.045683693
C_31919,val,0,0.04469393931395933,0.35532922
C_31924,val,0,0.004961757560973315,9.826795e-14
C_31925,val,0,0.005231516287636099,4.7745825e-08
C_31929,val,0,0.044027293943555035,2.0869767e-10
C_31932,val,0,0.05978092205189576,3.0755448e-22
C_31951,val,0,0.053012433454401736,0.0005663173
C_31953,val,0,0.01815214437735864,0.00021759793
C_31954,val,0,0.00677828563258521,4.740322e-18
C_31962,val,0,0.0031958257314215516,1.1231145e-12
C_31963,val,0,0.0029606414988464784,2.936716e-14
C_31965,val,0,0.0035522118101037215,1.883832e-05
C_31967,val,0,0.005843519463314208,9.668543e-06
C_31977,val,0,0.0035522118101037215,5.885973e-14
C_31989,val,0,0.005351943578040719,1.4187359e-05
C_32003,val,0,0.03986171492773878,0.018796561
C_32006,val,0,0.06219937158850517,2.592952e-06
C_32021,val,0,0.001217429219670731,9.019356e-12
C_32023,val,0,0.10222173215599184,4.6743995e-07
C_32028,val,0,0.01128919548038863,0.0046893326
C_32029,val,0,0.03574307945523678,3.0452995e-05
C_32032,val,0,0.0028076480234739683,7.962171e-06
C_32043,val,0,0.05972859373990739,9.095656e-17
C_32045,val,0,0.0029195211390308576,2.4536737e-16
C_32054,val,0,0.0027455818216597302,0.00021900874
C_32061,val,0,0.005205259044140542,5.5097524e-05
C_32073,val,0,0.00139110996940832,6.5476063e-10
C_32076,val,0,0.09598456492803621,4.6090815e-11
C_32078,val,0,0.0047575560331132504,2.6205757e-05
C_32084,val,0,0.004197115565672536,1.9422665e-05
C_32107,val,0,0.015908141043103483,4.05907e-05
C_32126,val,0,0.1129920372041789,4.0376474e-07
C_32135,val,0,0.021146276423431098,0.0007070569
C_32138,val,0,0.5130208696512177,0.00012283259
C_32150,val,0,0.3970110428741563,2.6935859e-06
C_32151,val,0,0.2644297759696809,0.007903459
C_32154,val,0,0.6774809589644653,0.4587608
C_32158,val,0,0.03690057572929272,0.0393904
C_32164,val,0,0.6849611116891218,0.99409455
C_32191,val,0,0.22887272566125944,2.232593e-11
C_32192,val,0,0.18596404264315092,0.0025612023
C_32193,val,0,0.0019723410026630675,5.8628664e-15
C_32200,val,0,0.0028443512935170385,0.0005583307
C_32208,val,0,0.002695558424252384,0.022581918
C_32209,val,0,0.003069385358910066,6.5827674e-14
C_32214,val,0,0.039725768457935524,2.5796781e-18
C_32223,val,0,0.006572096680298683,1.4767039e-15
C_32227,val,0,0.027313160670596706,0.22873679
C_32234,val,0,0.10990986758684416,0.00010328948
C_32253,val,0,0.0181695993338897,8.32852e-08
C_32256,val,0,0.004287565552663283,1.672093e-05
C_32258,val,0,0.0029195211390308576,1.1519177e-07
C_32262,val,0,0.2143316758968728,0.88469553
C_32284,val,0,0.0028076480234739683,2.0595846e-06
C_32287,val,0,0.0032316403123403923,2.767419e-20
C_32290,val,0,0.39102390359362055,1.1436422e-19
C_32300,val,0,0.02515723513005658,5.682875e-15
C_32305,val,0,0.005252862380805042,6.4581585e-09
C_32324,val,0,0.4644868038973536,8.731828e-06
C_32328,val,0,0.017304718307025395,0.041663088
C_32334,val,0,0.02177292594829036,0.14737199
C_32337,val,0,0.1942070021116116,2.3140985e-06
C_32348,val,0,0.1377009627227101,0.78541756
C_32351,val,0,0.0028076480234739683,5.6513063e-06
C_32352,val,0,0.03302424808781429,5.813224e-07
C_32360,val,0,0.060201380950548576,0.011620517
C_32373,val,0,0.0010826347731782429,0.0033053493
C_32375,val,0,0.016186110247783887,0.24730752
C_32380,val,0,0.17666627239593208,0.65731674
C_32406,val,0,0.02765432859433166,1.7862204e-06
C_32411,val,0,0.9397554111981739,0.15758732
C_32414,val,0,0.006203223638008332,4.720082e-08
C_32428,val,0,0.05310748825984773,0.4816915
C_32435,val,0,0.0032765120392957633,1.7696553e-09
C_32438,val,0,0.002707440315387494,6.3310905e-11
C_32439,val,0,0.005205259044140542,0.00015735041
C_32443,val,0,0.0038925896226934416,1.7485311e-09
C_32445,val,0,0.014894638182905475,0.1078671
C_32452,val,0,0.0028132037548083606,9.793901e-05
C_32453,val,0,0.013188751184817611,0.22384988
C_32457,val,0,0.6218530325126586,0.000113496855
C_32459,val,0,0.08240745711696629,0.081043504
C_32460,val,0,0.1358972999864285,0.39096588
C_32461,val,0,0.00020734932727348127,2.1352905e-06
C_32465,val,0,0.31540054894716124,2.3269426e-06
C_32472,val,0,0.02012246418253277,4.1642583e-05
C_32473,val,0,0.014123189224001713,0.9348101
C_32493,val,0,0.03368035169130961,0.011086288
C_32496,val,0,0.010775989851613984,1.4691882e-08
C_32503,val,0,0.030499799235960273,2.1692544e-07
C_32505,val,0,0.2283893847097707,3.5437195e-11
C_32521,val,0,0.1718884975481716,0.77240837
C_32522,val,0,0.019431188303540875,4.850553e-10
C_32526,val,0,0.014222191168569091,4.282402e-14
C_32531,val,0,0.18960917290409768,4.5307133e-05
C_32533,val,0,0.004018428204119727,9.870106e-05
C_32536,val,0,0.208650232160982,0.6555846
C_32541,val,0,0.08617537971110384,0.827236
C_32551,val,0,0.007312195763526873,6.3807004e-10
C_32553,val,0,0.10347789333662516,0.011013463
C_32554,val,0,0.010582186016837324,2.7869905e-06
C_32558,val,0,0.01810027790973072,0.3258059
C_32578,val,0,0.11053089538064684,0.0007170359
C_32579,val,0,0.844700153985564,0.9403173
C_32585,val,0,0.0327279751956035,1.3348601e-14
C_32586,val,0,0.21772809811834146,3.417561e-05
C_32590,val,0,0.015487108739863894,7.255679e-08
C_32596,val,0,0.009987113733870727,1.6156104e-05
C_32598,val,0,0.10248118017387252,5.2660656e-05
C_32609,val,0,0.11200030750934034,0.4013138
C_32623,val,0,0.19313729058142917,2.6192208e-12
C_32627,val,0,0.004835235272210251,4.1045876e-08
C_32629,val,0,0.0033731555464207776,2.1374182e-05
C_32636,val,0,0.0037598819270042746,2.017303e-05
C_32663,val,0,0.06630325172509191,1.4762705e-06
C_32696,val,0,0.45166497035413744,0.00016052499
C_32697,val,0,0.02874854296350998,1.7662927e-05
C_32704,val,0,0.0032535221467427464,3.5974641e-12
C_32712,val,0,0.24907069218544076,0.6071129
C_32715,val,0,0.01813103859600253,1.3469812e-13
C_32722,val,0,0.0033731555464207776,2.0662403e-05
C_32724,val,0,0.00310986698904187,2.5621748e-05
C_32725,val,0,0.23264758830278198,0.42524102
C_32728,val,0,0.0028076480234739683,1.8428385e-19
C_32729,val,0,0.0029195211390308576,7.40303e-09
C_32734,val,0,0.14989177777983131,0.087653756
C_32736,val,0,0.002107401231451461,0.00016107883
C_32743,val,0,0.6771638285416539,0.5133251
C_32745,val,0,0.0032316403123403923,7.828308e-16
C_32756,val,0,0.3868398087633633,4.7343374e-06
C_32771,val,0,0.1798511555214824,0.77182716
C_32773,val,0,0.042604366507217946,0.00037927626
C_32775,val,0,0.2479434307233204,1.6456888e-12
C_32780,val,0,0.01309578955064654,0.000253237
C_32782,val,0,0.20045142942704602,2.1720195e-08
C_32783,val,0,0.012496808410772029,7.018042e-05
C_32786,val,0,0.040613228003217504,5.4562264e-05
C_32787,val,0,0.20399475109406326,0.55524033
C_32794,val,0,0.025035305772576417,0.29085526
C_32796,val,0,0.004649326112079396,0.0003105892
C_32800,val,0,0.002707440315387494,2.0826345e-10
C_32801,val,0,0.004197115565672536,0.017334957
C_32802,val,0,0.09045095500438083,3.7932223e-11
C_32816,val,0,0.05717673113857229,0.13528855
C_32817,val,0,0.14434116456028082,1.2665033e-06
C_32819,val,0,0.10566017704027322,4.0977182e-05
C_32826,val,0,0.015659214361548882,2.771697e-13
C_32827,val,0,0.0041537487838346435,1.641564e-05
C_32830,val,0,0.042453067174362355,0.00041613792
C_32837,val,0,0.0026957358541015463,6.60899e-09
C_32845,val,0,0.062071726646073216,1.9838059e-05
C_32846,val,0,0.02431884278273869,0.0036853796
C_32847,val,0,0.010876659109409914,8.544421e-08
C_32857,val,0,0.03333681995624773,3.5436517e-06
C_32871,val,0,0.485117294689319,0.29046255
C_32885,val,0,0.016468630181029665,3.7148777e-05
C_32901,val,0,0.19232421061476337,0.1138285
C_32907,val,0,0.21799862658044245,2.1053169e-05
C_32911,val,0,0.06308123663864296,0.10588606
C_32912,val,0,0.0359400941877328,0.024401126
C_32919,val,0,0.011296831737436787,2.4946382e-06
C_32925,val,0,0.0029606414988464784,4.4279734e-22
C_32944,val,0,0.32733656042938375,1.8483005e-09
C_32948,val,0,0.0029606414988464784,5.7435187e-18
C_32956,val,0,0.0971025388698669,0.27375856
C_32982,val,0,0.027563071543691902,0.00010344611
C_32989,val,0,0.03886835817415363,0.5620024
C_32995,val,0,0.022138536909397613,1.05553595e-11
C_32996,val,0,0.0032316403123403923,4.1281176e-12
C_33000,val,0,0.003085433205414062,9.348915e-05
C_33007,val,0,0.2272642733431813,0.70682305
C_33008,val,0,0.0021784854269787423,0.0042429874
C_33009,val,0,0.06366267386177366,0.39087507
C_33011,val,0,0.009383298429879802,5.8962833e-06
C_33012,val,0,0.04458730028516695,0.39367497
C_33020,val,0,0.024158625737306393,0.82125336
C_33037,val,0,0.022813859325403835,1.2924313e-11
C_33044,val,0,0.20724680202649576,2.663252e-18
C_33052,val,0,0.6465998621675952,7.57268e-07
C_33053,val,0,0.41316335227676415,9.837398e-07
C_33056,val,0,0.08122932515530855,7.163455e-05
C_33059,val,0,0.3595341323626547,3.8053514e-08
C_33061,val,0,0.8848892678157221,0.9456844
C_33066,val,0,0.49707361812848017,0.81200266
C_33069,val,0,0.007353009212350164,0.00020636679
C_33074,val,0,0.003938342441811399,0.20028083
C_33078,val,0,0.031401416709173534,5.490329e-14
C_33079,val,0,0.15104003565818117,0.24686086
C_33081,val,0,0.13197566946859846,0.37333062
C_33086,val,0,0.14664770247987904,0.6456879
C_33092,val,0,0.107715154769867,1.748552e-08
C_33095,val,0,0.09527577919999898,0.796232
C_33096,val,0,0.021521427772623704,0.52538216
C_33101,val,0,0.3306428396466728,0.68058854
C_33114,val,0,0.251318671943651,9.596165e-08
C_33118,val,0,0.04701894804208123,0.15116599
C_33130,val,0,0.026552920857327203,0.00035356462
C_33135,val,0,0.26135659682568935,6.107954e-10
C_33147,val,0,0.014198330074154913,4.0960887e-05
C_33150,val,0,0.18020915001631624,3.8291273e-06
C_33152,val,0,0.045545127119993145,9.833874e-12
C_33165,val,0,0.3559125254184748,0.00023463102
C_33168,val,0,0.0005064369181698003,0.9855466
C_33190,val,0,0.0032316403123403923,1.0645535e-05
C_33197,val,0,0.04545349234862072,0.8785691
C_33199,val,0,0.0035522118101037215,4.998794e-05
C_33200,val,0,0.018788947151962436,0.41001117
C_33210,val,0,0.003326855204548141,4.1452245e-07
C_33213,val,0,0.0032389935794663546,9.688957e-07
C_33216,val,0,0.0037598819270042746,2.0036174e-05
C_33217,val,0,0.15018939976670778,0.70738214
C_33221,val,0,0.3645147848553323,0.84998333
C_33228,val,0,0.03952853718880328,0.009912364
C_33236,val,0,0.003920714682922612,3.8267928e-20
C_33239,val,0,0.011619008074900527,1.3785598e-07
C_33241,val,0,0.020194969597680607,4.5921418e-09
C_33242,val,0,0.029495846038479854,1.371616e-07
C_33245,val,0,0.0029195211390308576,1.7223335e-19
C_33252,val,0,0.007814364033733834,9.8171576e-08
C_33258,val,0,0.06499541096975377,0.0007492071
C_33260,val,0,0.14872337115200976,5.4046764e-06
C_33262,val,0,0.7739206289427957,4.184075e-08
C_33265,val,0,0.17232622045508325,0.27648655
C_33282,val,0,0.07154945887150356,0.0085452
C_33301,val,0,0.0028076480234739683,1.11455775e-11
C_33304,val,0,0.0029606414988464784,0.00013394914
C_33318,val,0,0.1370026257137973,0.15692653
C_33338,val,0,0.4407989790236537,0.88690674
C_33346,val,0,0.0023878030193823178,0.02801396
C_33349,val,0,0.15262695528388248,0.0023443543
C_33360,val,0,0.4644046098424221,1.4986419e-07
C_33363,val,0,0.06679268029339502,9.591463e-12
C_33364,val,0,0.1305878389186888,9.419825e-08
C_33365,val,0,0.02695440266608014,1.0625417e-06
C_33371,val,0,0.03648437782982047,6.5664362e-06
C_33373,val,0,0.03809766495285952,9.152191e-05
C_33382,val,0,0.08605891413271748,3.3938907e-08
C_33404,val,0,0.010214846736416889,2.5412184e-08
C_33405,val,0,0.00741005938033932,0.00086722005
C_33408,val,0,0.31576590262296095,0.91896987
C_33442,val,0,0.02380838073784996,3.5169716e-05
C_33443,val,0,0.008224542617905844,3.1347418e-09
C_33448,val,0,0.5020897516227745,0.66607904
C_33450,val,0,0.017918236462403536,2.4889385e-10
C_33451,val,0,0.04715879647446537,0.0003958587
C_33457,val,0,0.26163416611695844,0.4255493
C_33469,val,0,0.07949870954714496,6.1404835e-06
C_33485,val,0,0.49214898389140005,4.914975e-12
C_33490,val,0,0.007312195763526873,2.5142729e-19
C_33495,val,0,0.04863822539803796,0.00010748312
C_33509,val,0,0.0027244097820259407,0.0008155315
C_33510,val,0,0.014396392247915677,3.63459e-16
C_33513,val,0,0.7129785394771551,0.7854114
C_33517,val,0,0.00429768052841271,2.848739e-05
C_33526,val,0,0.2404161262990363,0.34369624
C_33532,val,0,0.029982136640366256,0.00041936437
C_33536,val,0,0.004216036690461816,0.080532745
C_33542,val,0,0.0018661751875442242,3.576926e-06
C_33546,val,0,0.0028918359536165327,3.101061e-07
C_33548,val,0,0.02109918580799807,2.03112e-08
C_33557,val,0,0.004095614071346495,0.001086719
C_33568,val,0,0.006215846230995425,9.692454e-06
C_33569,val,0,0.004500284398208156,2.4075847e-05
C_33572,val,0,0.060085522682397675,0.0017036523
C_33574,val,0,0.892557125745911,0.01088417
C_33594,val,0,0.08541443476984971,4.072527e-09
C_33598,val,0,0.08768721292648234,0.4772544
C_33605,val,0,0.17853882569547996,3.3628912e-05
C_33617,val,0,0.0025816035036477277,2.6975114e-05
C_33623,val,0,0.0032316403123403923,4.3227437e-06
C_33627,val,0,0.05678379888033475,0.0024873258
C_33628,val,0,0.01748685831838518,8.753185e-09
C_33634,val,0,0.28105770666372343,0.97959715
C_33635,val,0,0.05092433906311484,4.743485e-19
C_33639,val,0,0.012805225652733515,1.0182313e-05
C_33652,val,0,0.5104310899028899,0.79737633
C_33655,val,0,0.0011942097673729125,0.020797284
C_33658,val,0,0.004366494413829138,1.323188e-05
C_33660,val,0,0.006037664694077576,2.9274423e-07
C_33662,val,0,0.06807160973905228,9.094737e-05
C_33663,val,0,0.0029606414988464784,1.3443845e-08
C_33670,val,0,0.14984500536761053,4.2115828e-17
C_33672,val,0,0.00483810517859926,2.4746786e-08
C_33675,val,0,0.11465366172080353,0.042406432
C_33680,val,0,0.0029417162669086415,0.0121510625
C_33685,val,0,0.02584494414589064,0.023658363
C_33690,val,0,0.07086929062372052,4.7155063e-10
C_33702,val,0,0.0012682820023759542,3.1518005e-07
C_33723,val,0,0.1540429469165419,0.9159952
C_33731,val,0,0.0038925896226934416,0.0021082347
C_33735,val,0,0.023308338227638475,2.9697583e-10
C_33736,val,0,0.2812639688104125,0.0008045887
C_33740,val,0,0.015857158798916946,7.3075004e-11
C_33742,val,0,0.003385280590091559,1.05817264e-07
C_33758,val,0,0.016091218348136847,2.6137325e-06
C_33761,val,0,0.0021145528661070945,0.0014511633
C_33772,val,0,0.11929078134375275,0.44069955
C_33782,val,0,0.006118248900176723,0.0028013547
C_33785,val,0,0.010230376942413192,2.0682784e-05
C_33795,val,0,0.2924944999716043,7.7579705e-07
C_33813,val,0,0.00519178533650643,6.99447e-05
C_33816,val,0,0.02479915420528253,0.78940266
C_33827,val,0,0.6594497074924329,0.0006528037
C_33830,val,0,0.12835217523634296,0.8013118
C_33839,val,0,0.005718100457589407,1.0307463e-11
C_33843,val,0,0.14955751580082793,1.5294873e-06
C_33844,val,0,0.8580662437002832,0.00011045138
C_33846,val,0,0.012501648810596273,1.3278474e-20
C_33848,val,0,0.006074399073808435,0.002938674
C_33853,val,0,0.08487543187907927,4.4644944e-06
C_33864,val,0,0.20064479498074492,9.732622e-09
C_33865,val,0,0.017346397327823653,0.6461462
C_33870,val,0,0.19878246086682264,0.0004915541
C_33887,val,0,0.0049602404359596584,0.11996633
C_33912,val,0,0.0740008038629409,0.18853515
C_33915,val,0,0.1229190006530078,0.17313111
C_33918,val,0,0.33543407160076905,0.8206395
C_33919,val,0,0.49175813890786013,1.0649628e-05
C_33924,val,0,0.0022074224439209444,5.1034296e-16
C_33931,val,0,0.0032176430805128274,0.33008546
C_33942,val,0,0.003938342441811399,2.2508086e-05
C_33947,val,0,0.0029195211390308576,4.8810402e-06
C_33948,val,0,0.1595754856769918,0.5115338
C_33969,val,0,0.18619484356199825,0.005031459
C_33983,val,0,0.8167352613440638,0.8969113
C_33988,val,0,0.001317956604649201,0.0006320257
C_34006,val,0,0.1171874734819931,2.7398968e-07
C_34009,val,0,0.0013360555248038291,0.2542045
C_34014,val,0,0.06607580645293677,0.0009725967
C_34053,val,0,0.01942873532552521,4.4043144e-10
C_34054,val,0,0.0032316403123403923,4.355538e-06
C_34075,val,0,0.00016761108245866337,9.618775e-07
C_34080,val,0,0.1583653767593793,0.5347094
C_34102,val,0,0.00426198337790754,1.0468081e-08
C_34111,val,0,0.003151876159961144,5.28187e-06
C_34121,val,0,0.12093787405671975,0.00838123
C_34123,val,0,0.004961757560973315,0.00011430863
C_34126,val,0,0.07154416990999606,4.6452595e-14
C_34131,val,0,0.004947607766902245,2.6887506e-07
C_34139,val,0,0.005231516287636099,3.0301607e-08
C_34141,val,0,0.0025295366084251603,2.1420978e-11
C_34145,val,0,0.1179983826751704,5.757002e-13
C_34162,val,0,0.0029606414988464784,1.1540304e-16
C_34163,val,0,0.017282664186340564,0.24412447
C_34172,val,0,0.018939198994557815,0.51806486
C_34190,val,0,0.006044085794399124,0.060868926
C_34192,val,0,0.0027088098210557945,0.00044025903
C_34203,val,0,0.0029606414988464784,7.4212667e-06
C_34211,val,0,0.04649752960248342,8.1446604e-05
C_34212,val,0,0.002848490830566139,1.3837694e-20
C_34216,val,0,0.08426097923508144,0.013555396
C_34219,val,0,0.006723289167746983,3.0526848e-05
C_34223,val,0,0.0076258646405332545,3.2138625e-05
C_34229,val,0,0.03300248630116795,0.33915922
C_34237,val,0,0.3745585252169498,0.79510504
C_34253,val,0,0.059105121265694074,9.975012e-15
C_34257,val,0,0.0028076480234739683,4.2994685e-13
C_34258,val,0,0.0029606414988464784,1.1617576e-09
C_34263,val,0,0.30064131888271645,0.5485309
C_34287,val,0,0.05029386378430474,0.04522617
C_34293,val,0,0.148346635160893,0.81352425
C_34309,val,0,0.007363376829224513,0.18026152
C_34317,val,0,0.009464545527076965,4.831587e-07
C_34321,val,0,0.003557581943393071,0.0066411067
C_34325,val,0,0.0013859585974843667,0.019900797
C_34330,val,0,0.8142890341027398,2.6807993e-14
C_34334,val,0,0.03504226705823179,1.6976957e-08
C_34335,val,0,0.22630162622822173,0.6671241
C_34336,val,0,0.2522310376917609,9.117305e-05
C_34337,val,0,0.302986231022191,4.1982225e-06
C_34354,val,0,0.0027455818216597302,0.00043568228
C_34359,val,0,0.22859638751604958,0.0012524632
C_34367,val,0,0.012671552472258079,5.5318816e-07
C_34368,val,0,0.10577705339799086,0.0001068636
C_34373,val,0,0.011044090916996454,3.079641e-07
C_34376,val,0,0.0028076480234739683,3.0743772e-11
C_34383,val,0,0.0029195211390308576,8.8571596e-07
C_34388,val,0,0.01592986433282329,0.07957466
C_34411,val,0,0.0076258646405332545,3.0202042e-05
C_34415,val,0,0.541077211894599,4.303678e-06
C_34425,val,0,0.006161335641721446,3.0670242e-05
C_34426,val,0,0.3335629793168419,0.13474175
C_34430,val,0,0.3231618541871198,0.9127932
C_34432,val,0,0.004996484609660235,0.81139416
C_34439,val,0,0.037302747954696305,1.6332395e-09
C_34440,val,0,0.02496150870170683,2.3958262e-06
C_34448,val,0,0.007586289470296377,1.9436671e-05
C_34455,val,0,0.005917675340739698,9.088383e-05
C_34472,val,0,0.0075468048840892175,2.7189199e-11
C_34473,val,0,0.02897534633784588,0.025162088
C_34489,val,0,0.008698679445060456,2.826212e-06
C_34493,val,0,0.006212639930164462,2.6117537e-05
C_34497,val,0,0.014143721046270905,1.5689671e-13
C_34501,val,0,0.006953904240406827,1.555198e-05
C_34508,val,0,0.22938720383692024,0.0012268148
C_34515,val,0,0.0417116991010963,0.0034676986
C_34518,val,0,0.0011643586345908405,0.023731802
C_34521,val,0,0.007529133190965516,3.369472e-05
C_34522,val,0,0.006723289167746983,3.1025782e-05
C_34528,val,0,0.0025860348197966577,0.41776282
C_34532,val,0,0.003938342441811399,2.3268642e-05
C_34547,val,0,0.019442771867683402,8.4266905e-09
C_34553,val,0,0.004573852136997693,1.358946e-05
C_34563,val,0,0.00483810517859926,6.5147397e-06
C_34566,val,0,0.0035522118101037215,7.35578e-05
C_34581,val,0,0.8025535797520033,0.005784268
C_34582,val,0,0.0324716480262437,0.01413849
C_34590,val,0,0.018146229508100922,1.3796567e-11
C_34593,val,0,0.05467478792495358,0.71114707
C_34595,val,0,0.0047575560331132504,2.7132155e-05
C_34601,val,0,0.10722964224227521,0.71058327
C_34606,val,0,0.006000654364289777,1.2964384e-07
C_34608,val,0,0.10003567131054084,0.57584935
C_34621,val,0,0.0075468048840892175,1.0119389e-05
C_34624,val,0,0.0552324631375755,0.54847634
C_34635,val,0,0.07175096227700299,2.5755844e-06
C_34636,val,0,0.0029195211390308576,3.305646e-17
C_34649,val,0,0.001189845023371436,1.6722546e-09
C_34650,val,0,0.02262406915937162,9.424876e-12
C_34651,val,0,0.07910885084731566,0.39235005
C_34654,val,0,0.1328189972542584,9.686897e-09
C_34674,val,0,0.017210459095684347,8.788273e-11
C_34683,val,0,0.2795771755741241,0.92041194
C_34698,val,0,0.6195451919282107,0.5551279
C_34715,val,0,0.003938342441811399,2.350523e-05
C_34719,val,0,0.032420071654513834,0.055702202
C_34722,val,0,0.005205259044140542,5.9391925e-17
C_34756,val,0,0.0001327647734333786,4.205127e-06
C_34759,val,0,0.015659214361548882,0.0066989143
C_34761,val,0,0.01632970424805989,8.479972e-05
C_34766,val,0,0.015365032840291911,2.1549276e-05
C_34768,val,0,0.0024787699501850648,1.0199048e-10
C_34781,val,0,0.0033230257759461496,0.00021911402
C_34795,val,0,0.005231516287636099,7.985106e-14
C_34803,val,0,0.0028076480234739683,9.184225e-05
C_34804,val,0,0.006098567588649437,4.662156e-08
C_34834,val,0,0.04139223795507962,1.6219557e-12
C_34838,val,0,0.003016417353552346,5.3715253e-12
C_34858,val,0,0.01048918807793688,7.287144e-13
C_34866,val,0,0.050870538501496775,4.923279e-06
C_34867,val,0,0.13826666445007438,0.67624253
C_34871,val,0,0.002175751476759255,4.092445e-13
C_34883,val,0,0.004073972477023833,5.213235e-06
C_34920,val,0,0.044257551381359825,0.09160946
C_34929,val,0,0.05980511738977235,0.11636045
C_34931,val,0,0.23434758074221787,0.001574889
C_34934,val,0,0.30702600142812225,0.7524433
C_34940,val,0,0.01195568125839136,2.9751485e-05
C_34983,val,0,0.05258585652543366,0.0009367986
C_34987,val,0,0.042790851040872636,0.11740028
C_34999,val,0,0.348827032584815,2.5269937e-08
C_35001,val,0,0.16185767749661306,0.72097516
C_35005,val,0,0.010181852669847072,5.0536313e-05
C_35006,val,0,0.0102399486088739,1.2587719e-08
C_35012,val,0,0.28863879327589703,2.7578765e-16
C_35018,val,0,0.6641135498416643,3.3145504e-08
C_35020,val,0,0.020243229789893652,6.323783e-06
C_35032,val,0,0.07429288396188936,1.8251624e-12
C_35054,val,0,0.020969513425645587,0.00027994553
C_35066,val,0,0.0029195211390308576,4.944763e-05
C_35067,val,0,0.3186198243381445,0.014049393
C_35072,val,0,0.0027455818216597302,0.00010383074
C_35081,val,0,0.08788348427521965,4.7147605e-06
C_35082,val,0,0.06541644257401395,0.63895005
C_35084,val,0,0.10286285205935843,0.03640826
C_35098,val,0,0.0028076480234739683,1.9024064e-08
C_35121,val,0,0.001416006642433547,5.0671315e-07
C_35130,val,0,0.002848490830566139,1.9656502e-06
C_35139,val,0,0.037110759119551404,0.19075875
C_35140,val,0,0.011292461953361081,3.3404915e-05
C_35141,val,0,0.009275490054364255,3.6572234e-05
C_35150,val,0,0.0029195211390308576,6.5602003e-12
C_35164,val,0,0.025094082237947374,0.18626134
C_35166,val,0,0.10736142039992966,0.15084408
C_35171,val,0,0.002707440315387494,3.5320824e-13
C_35177,val,0,0.3465146232183221,6.498815e-08
C_35182,val,0,0.005252862380805042,2.1362914e-07
C_35184,val,0,0.000392762394709072,0.8987231
C_35188,val,0,0.07825020033028407,0.0021735013
C_35192,val,0,0.0018956885273840355,0.018702256
C_35200,val,0,0.33537843095691516,0.8178692
C_35201,val,0,0.006161335641721446,2.8013188e-05
C_35206,val,0,0.07022553976869893,2.182242e-09
C_35210,val,0,0.01704489040354048,2.2552432e-10
C_35217,val,0,0.10211090696716997,0.0004528873
C_35219,val,0,0.10483644130352558,4.227319e-12
C_35233,val,0,0.09211342226854506,0.78516406
C_35241,val,0,0.09978282509883903,0.7078731
C_35243,val,0,0.0027866014756222353,0.44413912
C_35261,val,0,0.35368124199556694,0.00082572084
C_35269,val,0,0.0007614196369855217,4.4559793e-16
C_35270,val,0,0.0033731555464207776,2.0660254e-05
C_35290,val,0,0.06796666421700875,2.1309912e-09
C_35301,val,0,0.0021990668121307493,0.010147874
C_35309,val,0,0.010876659109409914,7.947435e-05
C_35310,val,0,0.008969671790627758,0.00012318823
C_35314,val,0,0.001675056875162537,2.3110787e-09
C_35331,val,0,0.0008073316712288798,1.6692999e-05
C_35332,val,0,0.004641953384199901,5.4333854e-05
C_35333,val,0,0.006852217177204522,2.8268778e-05
C_35334,val,0,0.029224868590515003,0.022159634
C_35340,val,0,0.5469369621342589,3.1644555e-12
C_35341,val,0,0.5168789926463825,0.95948
C_35351,val,0,0.0011117642611669814,2.3187721e-07
C_35354,val,0,0.011309639842333429,5.5293475e-11
C_35355,val,0,0.014261812469242066,8.651895e-06
C_35393,val,0,0.017693210226799844,0.0044847727
C_35402,val,0,0.23810434948337944,1.2164454e-10
C_35403,val,0,0.025042293023634924,0.7325491
C_35404,val,0,0.0019684513959923864,2.2713897e-09
C_35407,val,0,0.014643655919819573,0.0045108334
C_35416,val,0,0.006161335641721446,2.676928e-05
C_35429,val,0,0.14532946589062484,7.795726e-11
C_35430,val,0,0.05419602981503197,0.003914673
C_35435,val,0,0.43839904543780644,0.21919739
C_35436,val,0,0.063502197487843,0.22151017
C_35449,val,0,0.1413207052830243,0.2227659
C_35457,val,0,0.3230660570968979,1.5979676e-08
C_35461,val,0,0.004197115565672536,3.44459e-07
C_35465,val,0,0.007312195763526873,2.8794186e-06
C_35471,val,0,0.0029195211390308576,7.5651114e-06
C_35484,val,0,0.08013811656211797,0.00062320806
C_35486,val,0,0.019822810815903646,1.2924026e-05
C_35487,val,0,0.009720658353414074,3.2911947e-05
C_35490,val,0,0.031590289999309414,0.0019861949
C_35494,val,0,0.0013340820830797077,0.0007073183
C_35497,val,0,0.007951917683870198,1.4435845e-17
C_35501,val,0,0.00994928579093541,1.1575203e-08
C_35518,val,0,0.5927481772886595,0.55159163
C_35520,val,0,0.07221932374767501,4.9512616e-10
C_35521,val,0,0.004421153019675485,3.8841538e-11
C_35523,val,0,0.02818854346535982,1.453089e-05
C_35524,val,0,0.002607584425789543,1.727251e-16
C_35532,val,0,0.004829043184469749,0.0011554814
C_35533,val,0,0.0170145898574877,0.0022158015
C_35536,val,0,0.005718100457589407,2.6556383e-05
C_35547,val,0,0.037131129292227005,0.4913506
C_35552,val,0,0.16346054869933385,0.816261
C_35555,val,0,0.052040802978541925,0.004361991
C_35560,val,0,0.09847865365324514,0.13447075
C_35568,val,0,0.004961757560973315,4.5261478e-07
C_35571,val,0,0.10895776881070815,0.59654045
C_35577,val,0,0.014101718121712351,0.000107577864
C_35588,val,0,0.003849092307393519,0.28608933
C_35590,val,0,0.8984179890922082,0.22448443
C_35614,val,0,0.07466763556327927,3.088868e-05
C_35620,val,0,0.02555899618622751,0.97812325
C_35625,val,0,0.014227721216596267,8.945182e-10
C_35630,val,0,0.10966288155713562,1.6833203e-06
C_35632,val,0,0.5143608836271817,2.1970181e-05
C_35642,val,0,0.08810737224174588,5.785474e-11
C_35648,val,0,0.23244914294930852,1.2447786e-08
C_35649,val,0,0.007529133190965516,3.3712586e-05
C_35665,val,0,0.0037131242114838868,0.25981468
C_35688,val,0,0.41787291857602366,0.71074355
C_35697,val,0,0.0028076480234739683,5.718794e-10
C_35701,val,0,0.16486607850650697,0.4591956
C_35713,val,0,0.0026957358541015463,0.00011331679
C_35717,val,0,0.025380623227649002,0.380665
C_35722,val,0,0.005917675340739698,2.440519e-10
C_35728,val,0,0.09495820661382015,0.43520445
C_35739,val,0,0.0019526104535852716,1.4834176e-14
C_35740,val,0,0.01003031248616984,0.07029615
C_35742,val,0,0.002500927930316408,2.9595576e-10
C_35750,val,0,0.03470582179805004,0.0004791727
C_35754,val,0,0.015487108739863894,8.069519e-09
C_35764,val,0,0.002551961369732428,1.9359527e-06
C_35772,val,0,0.016134372568398822,0.00030846923
C_35777,val,0,0.15274135400629793,1.508885e-08
C_35787,val,0,0.004539572719351029,1.3503905e-08
C_35791,val,0,0.07476275585505557,0.4034106
C_35793,val,0,0.0024945352816706555,1.1862148e-06
C_35796,val,0,0.06356142607822389,3.3911866e-07
C_35800,val,0,0.002784812822902772,7.7636e-15
C_35811,val,0,0.003938342441811399,1.9946761e-05
C_35813,val,0,0.005252862380805042,3.202804e-06
C_35816,val,0,0.3436322854487753,5.1634707e-08
C_35819,val,0,0.08678977295434936,3.815649e-05
C_35829,val,0,0.3032601488574723,0.0007660263
C_35830,val,0,0.0035522118101037215,5.935949e-11
C_35835,val,0,0.23496071597936663,8.7880925e-10
C_35838,val,0,0.7097663759514858,0.8472617
C_35840,val,0,0.004721484269352558,0.00048420316
C_35846,val,0,0.023007876465412816,0.002789296
C_35856,val,0,0.013051870180715127,7.2836876e-08
C_35860,val,0,0.002383043684418522,1.3483052e-05
C_35871,val,0,0.006212639930164462,3.094753e-05
C_35873,val,0,0.020908580209978142,6.638948e-05
C_35892,val,0,0.0033731555464207776,2.3580958e-05
C_35905,val,0,0.0029195211390308576,5.956504e-05
C_35931,val,0,0.010539771063756758,0.00062157796
C_35943,val,0,0.0070775945768137795,8.575313e-06
C_35944,val,0,0.004152692780641034,2.5576584e-05
C_35948,val,0,0.0026185933013157052,3.914468e-11
C_35957,val,0,0.29337723907838253,2.6246558e-09
C_35963,val,0,0.08511746734327182,3.8736025e-07
C_35977,val,0,0.0019913110877488624,1.3113022e-08
C_35980,val,0,0.01806826020087746,5.7680076e-08
C_35981,val,0,0.09088707000104673,0.8027602
C_35994,val,0,0.8487310752229023,0.15885733
C_36002,val,0,0.21670685225937328,0.71538776
C_36016,val,0,0.0766854933907608,0.5457101
C_36027,val,0,0.7922033734526092,1.4886822e-06
C_36033,val,0,0.8752585406180718,0.012335978
C_36059,val,0,0.010592247806491347,1.3504441e-06
C_36063,val,0,0.002707440315387494,2.5111726e-06
C_36066,val,0,0.0028076480234739683,8.938146e-12
C_36071,val,0,0.16975414404113273,0.25289178
C_36074,val,0,0.2978411272668541,0.56085974
C_36076,val,0,0.009325534261187478,0.013432248
C_36087,val,0,0.0037116939859852863,0.16513392
C_36095,val,0,0.017125585377896844,0.0002593572
C_36107,val,0,0.008438480630249311,2.0144919e-15
C_36109,val,0,0.2780354827633204,1.3990491e-06
C_36129,val,0,0.18114658820919968,3.181507e-10
C_36135,val,0,0.0017923393812080614,1.1194753e-18
C_36141,val,0,0.04607001435122567,9.667083e-07
C_36179,val,0,0.004961757560973315,3.0356039e-06
C_36180,val,0,0.011905794586500757,4.429971e-06
C_36184,val,0,0.0029606414988464784,0.00053810613
C_36188,val,0,0.008341024396297443,0.0002746785
C_36189,val,0,0.004527435455873443,0.3501814
C_36190,val,0,0.002551961369732428,1.3759051e-05
C_36199,val,0,0.004018428204119727,0.00027436807
C_36203,val,0,0.182551217902928,7.5501343e-06
C_36207,val,0,0.6049505766398893,3.3706416e-05
C_36209,val,0,0.2583795194970427,3.5743775e-10
C_36220,val,0,0.06757057902108718,6.597579e-09
C_36224,val,0,0.0634242274732397,0.3842874
C_36230,val,0,0.24321284255562334,0.94436526
C_36240,val,0,0.00039391037096498895,0.014708589
C_36241,val,0,0.3509449069730831,0.57479155
C_36242,val,0,0.04145313237695565,1.8263837e-07
C_36244,val,0,0.002848490830566139,1.4256321e-13
C_36249,val,0,8.929119095650547e-05,1.1079253e-06
C_36251,val,0,0.01829948475897025,0.11969073
C_36257,val,0,0.37609981851064134,8.893861e-20
C_36258,val,0,0.023617333378554702,0.37330967
C_36260,val,0,0.35958255976709214,3.7076005e-11
C_36264,val,0,0.0027455818216597302,6.534482e-05
C_36266,val,0,0.002848490830566139,1.30806075e-05
C_36278,val,0,0.14503267150260812,2.6366667e-10
C_36287,val,0,0.0029195211390308576,1.0440739e-05
C_36296,val,0,0.027460223129404437,0.55686074
C_36299,val,0,0.07629332152585576,0.8772173
C_36302,val,0,0.13208728190152913,0.0006721129
C_36303,val,0,0.23097704121013612,0.26247692
C_36305,val,0,0.01672044217544863,0.023860171
C_36320,val,0,0.0028076480234739683,9.2176084e-14
C_36324,val,0,0.004018428204119727,1.0773143e-10
C_36328,val,0,0.24381940713224967,0.022283152
C_36334,val,0,0.18791239089171807,0.00025720426
C_36337,val,0,0.002848490830566139,4.5754907e-11
C_36339,val,0,0.10963742945234503,0.0017903118
C_36341,val,0,0.008883622928191837,0.046707015
C_36344,val,0,0.0029806236110636137,1.2110917e-06
C_36348,val,0,0.0011052155964986264,0.008125401
C_36350,val,0,0.0010409197546942404,1.2799168e-06
C_36351,val,0,0.39598342398129593,0.003590858
C_36357,val,0,0.01224127689865416,0.04344272
C_36362,val,0,0.004152692780641034,2.117406e-05
C_36372,val,0,0.0129899681252612,4.8757226e-08
C_36378,val,0,0.010383727901698465,1.9600737e-05
C_36379,val,0,0.0022962578846993952,0.0012409638
C_36388,val,0,0.0073311731657455135,1.728592e-05
C_36397,val,0,0.016893392292879564,4.865875e-07
C_36400,val,0,0.03422400315534067,0.119449966
C_36412,val,0,0.4884011451553822,3.2733482e-16
C_36419,val,0,0.03797764533742573,3.0814014e-09
C_36429,val,0,0.4148060099032987,0.056554902
C_36443,val,0,0.014460521226015027,0.7304783
C_36444,val,0,0.031038595360933584,0.11460213
C_36446,val,0,0.11027402829972689,1.0758795e-09
C_36448,val,0,0.003069385358910066,7.315815e-05
C_36452,val,0,0.003894980824518903,0.1841986
C_36465,val,0,0.02882456623307756,0.05410936
C_36468,val,0,0.011779168071868271,1.8178132e-06
C_36484,val,0,0.004152692780641034,2.168296e-05
C_36497,val,0,0.0024214525164657752,3.1727785e-07
C_36508,val,0,0.03191883800830079,0.19833659
C_36511,val,0,0.018292887243174627,4.3143627e-06
C_36512,val,0,0.006161335641721446,2.9525932e-05
C_36523,val,0,0.0029195211390308576,9.239584e-05
C_36531,val,0,0.04918847129376435,0.36989823
C_36536,val,0,0.007353009212350164,5.8774695e-14
C_36540,val,0,0.0029195211390308576,6.5830674e-05
C_36545,val,0,0.03970830279903281,2.813327e-09
C_36557,val,0,0.018294463350546235,0.014119599
C_36564,val,0,0.005575228982739149,1.6698381e-05
C_36571,val,0,0.002625295547911211,4.999224e-09
C_36574,val,0,0.33532929368136855,8.654901e-17
C_36582,val,0,0.0029195211390308576,3.1804475e-06
C_36587,val,0,0.009907044908902733,0.012128108
C_36606,val,0,0.9115256743744812,0.8708908
C_36618,val,0,0.031067020620614724,5.208799e-10
C_36619,val,0,0.000722929862323573,0.0002736366
C_36623,val,0,0.01119856433634452,0.0065030926
C_36632,val,0,0.0021917504415823615,1.7177645e-14
C_36646,val,0,0.004199428468196761,0.00030513652
C_36651,val,0,0.0029195211390308576,1.7262115e-05
C_36653,val,0,0.014237435529726688,0.69249815
C_36655,val,0,0.0075468048840892175,5.099922e-06
C_36656,val,0,0.5455339985968052,6.935152e-16
C_36679,val,0,0.2881646524111187,9.911759e-12
C_36683,val,0,0.6002043428751869,0.8950944
C_36697,val,0,0.010922759347002368,0.00424201
C_36705,val,0,0.12547614523899558,0.0049603856
C_36710,val,0,0.0029195211390308576,8.500917e-09
C_36711,val,0,0.009939311331587576,4.5912483e-09
C_36725,val,0,0.009590859584067017,9.327357e-08
C_36745,val,0,0.22218794929155064,0.90667063
C_36765,val,0,0.010458591459081363,0.26238132
C_36768,val,0,0.20014707538821902,1.3555781e-11
C_36771,val,0,0.21047833761023566,0.04909155
C_36774,val,0,0.018463106226741823,0.00037500344
C_36776,val,0,0.17351221625286653,4.2146235e-07
C_36777,val,0,0.047472055640214415,3.4958102e-06
C_36779,val,0,0.029556434455192272,0.004796594
C_36786,val,0,0.021640972602789164,0.0040600062
C_36796,val,0,0.040103866952113924,0.28329906
C_36803,val,0,0.0058639997365340785,0.64661825
C_36823,val,0,0.46487908580780474,0.87622696
C_36828,val,0,0.41240975505607824,1.7348826e-07
C_36832,val,0,0.03205817553529094,0.00050243054
C_36834,val,0,0.004363226347195748,0.14399466
C_36837,val,0,0.22642166802293198,2.5543205e-11
C_36838,val,0,0.01145887133868082,4.873386e-09
C_36857,val,0,0.026026854526809622,2.0862362e-05
C_36861,val,0,0.001015189471736854,6.126231e-07
C_36886,val,0,0.0028076480234739683,0.0001421449
C_36900,val,0,0.07175031840134312,4.0477948e-07
C_36910,val,0,0.027052678897337076,1.1721905e-08
C_36913,val,0,0.0247696506988439,4.419674e-05
C_36923,val,0,0.00483810517859926,1.7136454e-06
C_36924,val,0,0.006060077050487991,2.2751343e-05
C_36932,val,0,0.002848490830566139,3.000745e-05
C_36934,val,0,0.13880140256013868,0.002174782
C_36949,val,0,0.10243404715246492,2.0287397e-11
C_36953,val,0,0.0049733861207032545,2.2557839e-07
C_36959,val,0,0.392080667010657,9.5050814e-07
C_36967,val,0,0.309453449538201,3.2197062e-05
C_36976,val,0,0.002641556144337113,0.0002199584
C_36977,val,0,0.0017163667924620116,3.712361e-23
C_36979,val,0,0.3625834595707622,0.13300088
C_36988,val,0,0.01494000030472877,4.3637887e-05
C_36989,val,0,0.012959272949637989,3.732235e-05
C_36992,val,0,0.059341355404399214,0.37294155
C_36993,val,0,0.006212639930164462,2.6595995e-05
C_36995,val,0,0.05269173087514553,0.0002210485
C_37000,val,0,0.27282189954659836,0.90046805
C_37007,val,0,0.01270683150748845,1.1876218e-06
C_37016,val,0,0.0474568699269541,0.030622236
C_37035,val,0,0.06574130141422775,4.991109e-07
C_37040,val,0,0.5431838914580699,0.66732603
C_37047,val,0,0.002826505104792314,0.5628609
C_37059,val,0,0.016518797766290762,0.0010522943
C_37080,val,0,0.015365032840291911,2.5440396e-09
C_37089,val,0,0.008951931879976692,0.07334707
C_37091,val,0,0.0029606414988464784,5.032466e-05
C_37092,val,0,0.9429785063476381,0.03586169
C_37094,val,0,0.03372780520293604,0.00048205457
C_37110,val,0,0.0030755851023005487,0.13830484
C_37116,val,0,0.1765903161201509,0.25507075
C_37120,val,0,0.04789765856374797,0.0019606415
C_37131,val,0,0.02897534633784588,5.0641478e-09
C_37132,val,0,0.029888391762713507,0.101145394
C_37135,val,0,0.002599120995738628,4.1547607e-16
C_37140,val,0,0.0037598819270042746,1.6145046e-05
C_37160,val,0,0.0019572986103319886,1.507159e-05
C_37178,val,0,0.030759051472174313,0.0014235332
C_37183,val,0,0.019442771867683402,1.1794618e-11
C_37188,val,0,0.48769002951604656,0.8779944
C_37190,val,0,0.030870905951577033,0.15327604
C_37192,val,0,0.0078100193368640155,6.541124e-15
C_37195,val,0,0.005306209115572235,4.0134702e-05
C_37197,val,0,0.006350825220039422,1.6384531e-06
C_37201,val,0,0.022572979235307888,1.1228295e-16
C_37205,val,0,0.004018428204119727,0.00013412234
C_37216,val,0,0.004671895183780836,2.856324e-06
C_37228,val,0,0.06572347185546511,0.0012715772
C_37229,val,0,0.8909998542882892,0.06615381
C_37231,val,0,0.009924483669626501,0.0001452811
C_37240,val,0,0.0029606414988464784,1.0921858e-14
C_37244,val,0,0.014260622442181695,3.9202262e-16
C_37246,val,0,0.0047575560331132504,2.5252448e-05
C_37247,val,0,0.002937987071706032,8.257436e-05
C_37250,val,0,0.018336157527692912,0.25377893
C_37264,val,0,0.3720547723134323,0.21653059
C_37267,val,0,0.0034831107412164144,2.573422e-05
C_37272,val,0,0.7661698860844411,0.9304527
C_37273,val,0,0.06067703262864787,0.04294942
C_37274,val,0,0.3882256182781251,0.5529257
C_37276,val,0,0.08625616007473486,0.002544103
C_37284,val,0,0.08062084200119896,2.7278794e-08
C_37285,val,0,0.024216718221229415,0.74449027
C_37293,val,0,0.36445842495641145,0.0007447436
C_37296,val,0,0.5490598529863722,0.0032137795
C_37305,val,0,0.003500328373648119,0.9681621
C_37316,val,0,0.062099851176895086,0.3886157
C_37318,val,0,0.16876829470517546,3.1577156e-07
C_37328,val,0,0.12392302445103688,4.2377588e-15
C_37331,val,0,0.010149970517708589,1.65386e-06
C_37340,val,0,0.6709249697362648,2.4543338e-12
C_37356,val,0,0.430317242548118,0.0064412937
C_37367,val,0,0.26976237483956084,0.9401739
C_37380,val,0,0.0028918359536165327,1.1290326e-05
C_37401,val,0,0.015900839182856466,8.3369184e-14
C_37404,val,0,0.06555524294696927,3.675355e-10
C_37411,val,0,0.02976712677195371,2.9780952e-11
C_37418,val,0,0.009523710236190173,3.3339905e-08
C_37420,val,0,0.01438335816811447,3.6290752e-05
C_37427,val,0,0.0028076480234739683,9.975491e-06
C_37432,val,0,0.029913873838068334,5.5869098e-08
C_37448,val,0,0.010591346032531819,2.432839e-05
C_37449,val,0,0.040225476071080395,0.35445407
C_37454,val,0,0.23827970885561645,8.5337507e-07
C_37466,val,0,0.3953701739515866,0.0024627894
C_37469,val,0,0.057815854673985576,1.3557306e-07
C_37477,val,0,0.048111082134209296,0.00065695547
C_37498,val,0,0.005216213556276695,5.089243e-14
C_37499,val,0,0.005972885611002528,0.80525047
C_37507,val,0,0.002848490830566139,1.1336627e-08
C_37508,val,0,0.16651794776380918,0.00035734993
C_37524,val,0,0.01841957839422536,0.16570304
C_37541,val,0,0.00937824520031985,1.0187046e-15
C_37542,val,0,0.04568049357565863,0.5717233
C_37546,val,0,0.015365032840291911,0.007241575
C_37547,val,0,0.0037598819270042746,1.6035927e-05
C_37549,val,0,0.30806452133942,0.7844382
C_37550,val,0,0.032264036856992695,4.6262193e-07
C_37553,val,0,0.002707440315387494,9.23287e-09
C_37558,val,0,0.0032316403123403923,6.3577885e-05
C_37563,val,0,0.004539572719351029,1.3228406e-15
C_37577,val,0,0.18739618342900066,3.0649522e-10
C_37584,val,0,0.01041204258562031,9.909384e-06
C_37588,val,0,0.029707273349863925,6.388366e-07
C_37596,val,0,0.00037014191220717876,2.8194294e-09
C_37598,val,0,0.11694758567508763,0.9965836
C_37600,val,0,0.09993153326019118,0.266496
C_37609,val,0,0.053207984424950595,1.5977343e-05
C_37622,val,0,0.0029606414988464784,3.962944e-08
C_37630,val,0,0.004197115565672536,1.0241544e-10
C_37642,val,0,0.2174578985456881,5.4232587e-06
C_37646,val,0,0.15686907515156534,1.3989437e-06
C_37652,val,0,0.0073792472716839655,2.858274e-05
C_37654,val,0,0.007111822084831549,4.3169516e-06
C_37665,val,0,0.019144655568346176,2.5290199e-06
C_37678,val,0,0.0012157365145610529,2.895948e-05
C_37685,val,0,0.008751004449267196,0.49454102
C_37686,val,0,0.8000329230096225,0.65073156
C_37706,val,0,0.0600568710301951,4.244286e-07
C_37714,val,0,0.01575962439202107,1.0056311e-07
C_37722,val,0,0.013146601658579149,0.35253292
C_37729,val,0,0.05295689174075746,0.7182087
C_37733,val,0,0.06553562697648424,1.648768e-08
C_37734,val,0,0.0015182588199789968,0.000109821995
C_37743,val,0,0.019130588968011165,2.9323937e-07
C_37751,val,0,0.003938342441811399,2.2928403e-05
C_37759,val,0,0.03521964092991789,2.072258e-09
C_37762,val,0,0.0027919845549368313,3.7167604e-12
C_37763,val,0,0.015171688494571262,0.0056035286
C_37767,val,0,0.002636638681172121,0.0041581746
C_37775,val,0,0.023627613786449755,0.5817162
C_37776,val,0,0.04691455178934283,1.5106868e-06
C_37781,val,0,0.6114202043804546,0.00074827677
C_37786,val,0,0.006529291844697328,0.00037904418
C_37787,val,0,0.0035547356477204435,3.2252687e-05
C_37793,val,0,0.0075468048840892175,6.3431354e-09
C_37794,val,0,0.013261424763570619,3.6896057e-05
C_37798,val,0,0.0008426302211788095,5.7246256e-16
C_37831,val,0,0.09583938103737788,0.7187848
C_37834,val,0,0.024390555925191862,0.00013169996
C_37841,val,0,0.10946904973300343,0.6541395
C_37851,val,0,0.0028076480234739683,1.2859325e-22
C_37853,val,0,0.002641556144337113,9.55684e-12
C_37860,val,0,0.021226398609392665,8.156971e-05
C_37864,val,0,0.0030816667675261796,0.0010569571
C_37872,val,0,0.013996148796087536,3.4808487e-05
C_37874,val,0,0.009383298429879802,1.3430364e-08
C_37878,val,0,0.002848490830566139,0.0002659877
C_37882,val,0,0.5620393570725758,1.1098648e-05
C_37883,val,0,0.0029606414988464784,1.8179693e-17
C_37895,val,0,0.0005281832183336371,1.016784e-09
C_37897,val,0,0.004018428204119727,2.2763849e-10
C_37944,val,0,0.004891382431729069,0.008390099
C_37955,val,0,0.0001995583518640944,0.0014002282
C_37958,val,0,0.06265142674519,0.001747497
C_37977,val,0,0.015365032840291911,1.670717e-10
C_37983,val,0,0.011676228333515072,1.7940395e-06
C_37990,val,0,0.4342370847011029,0.8953639
C_38015,val,0,0.0045029495035177735,0.03023905
C_38019,val,0,0.08372632115953393,0.00036916704
C_38023,val,0,0.11748934643515337,0.9474389
C_38028,val,0,0.00670163498553396,0.1603157
C_38032,val,0,0.07589718464875221,0.63244826
C_38047,val,0,0.621155304767691,7.4096192e-06
C_38048,val,0,0.004868435428076289,0.000386207
C_38055,val,0,0.011211805430662048,1.9853488e-08
C_38057,val,0,0.14913158284143052,0.5697123
C_38074,val,0,0.04948301387335595,5.518248e-09
C_38077,val,0,0.006371109619732295,0.00020360648
C_38081,val,0,0.024309579841470155,0.34404677
C_38082,val,0,0.020309054289854307,2.0175018e-12
C_38087,val,0,0.12214025827846846,0.38901457
C_38103,val,0,0.0027105441298461773,2.9721472e-08
C_38104,val,0,0.022498221308467167,0.0011729487
C_38119,val,0,0.002641556144337113,1.2467525e-09
C_38128,val,0,0.004021462632114407,2.7504074e-08
C_38134,val,0,0.0028076480234739683,4.7392705e-06
C_38143,val,0,0.07537610761699665,0.046556503
C_38146,val,0,0.015200407430947544,8.33378e-12
C_38147,val,0,0.1568669224625637,0.7604525
C_38160,val,0,0.03945661377210809,0.0021152985
C_38162,val,0,0.45947018907734366,2.1801802e-15
C_38170,val,0,0.0030135820031303327,0.00028604353
C_38171,val,0,0.009584848484139503,0.24934228
C_38175,val,0,0.9191588803523654,1.1775373e-08
C_38180,val,0,0.0029606414988464784,9.291272e-06
C_38184,val,0,0.02493617932899041,0.21847883
C_38187,val,0,0.0029606414988464784,1.0604272e-19
C_38198,val,0,0.003327280204071467,5.3003743e-16
C_38200,val,0,0.004018428204119727,1.9908352e-05
C_38219,val,0,0.002848490830566139,2.521145e-07
C_38233,val,0,0.039276278310792556,0.7018578
C_38235,val,0,0.002707440315387494,3.197595e-08
C_38236,val,0,0.19613803254117027,0.00024699117
C_38242,val,0,0.6963215028228841,0.013678376
C_38245,val,0,0.020111887142762,7.1297405e-16
C_38247,val,0,0.018031711883111146,0.028920274
C_38250,val,0,0.017358586913317937,0.6310306
C_38267,val,0,0.024988328353496486,1.9009903e-17
C_38276,val,0,0.005705209252294751,1.1120964e-15
C_38278,val,0,0.0034910218234935637,2.3587616e-05
C_38279,val,0,0.0028918359536165327,3.0423806e-07
C_38280,val,0,0.0029606414988464784,9.014124e-07
C_38291,val,0,0.004987695361767762,1.5827296e-05
C_38304,val,0,0.8254738897717623,0.93210423
C_38305,val,0,0.20779572240518643,1.5674774e-05
C_38308,val,0,0.03668681564310037,0.24484381
C_38316,val,0,0.34796904941956974,0.00018956537
C_38321,val,0,0.0011702735659051531,8.4759624e-05
C_38328,val,0,0.27413135568759905,0.9784097
C_38337,val,0,0.0026572608345703072,3.6566714e-10
C_38343,val,0,0.0030115493010444594,4.7274522e-08
C_38347,val,0,0.015659214361548882,6.0518073e-13
C_38352,val,0,0.0013843575701365325,2.9151499e-05
C_38355,val,0,0.011871113837324717,0.0022554009
C_38366,val,0,0.020496380645098396,0.17816526
C_38382,val,0,0.31447871302144664,0.29356644
C_38392,val,0,0.0029195211390308576,0.0012251006
C_38402,val,0,0.20488328195204833,0.011153571
C_38407,val,0,0.002848490830566139,2.0730279e-10
C_38410,val,0,0.004500284398208156,2.8650584e-05
C_38413,val,0,0.06849243936360845,2.2646587e-09
C_38416,val,0,0.14985411466602125,0.053756353
C_38431,val,0,0.0019572986103319886,4.800827e-12
C_38442,val,0,0.005205259044140542,1.4927773e-08
C_38459,val,0,0.012805225652733515,0.00027288654
C_38474,val,0,0.19668687489335973,1.1447206e-07
C_38476,val,0,0.6063619980245097,0.89815605
C_38478,val,0,0.1355921152638135,0.5198571
C_38481,val,0,0.659840236668121,0.853853
C_38485,val,0,0.046636904789659914,0.00028737172
C_38493,val,0,0.0035877861592544,0.196441
C_38494,val,0,0.009122038635962969,7.521915e-18
C_38508,val,0,0.025003832124785935,0.32290554
C_38511,val,0,0.0163234288794741,0.0003768794
C_38519,val,0,0.6695483384249439,0.86378455
C_38521,val,0,0.003236595051124768,2.1961621e-10
C_38523,val,0,0.043021418340070686,0.40914133
C_38525,val,0,0.0029195211390308576,0.00014482909
C_38527,val,0,0.14441677491897364,0.016206712
C_38532,val,0,0.0032765120392957633,3.725713e-05
C_38540,val,0,0.7476495410375154,0.9727768
C_38541,val,0,0.006246386815571617,6.3269563e-09
C_38549,val,0,0.1598236703289807,0.4601652
C_38550,val,0,0.018229759687114332,0.7747397
C_38553,val,0,0.0028076480234739683,0.000234657
C_38555,val,0,0.004949996190055369,2.2727683e-16
C_38556,val,0,0.09826335478037918,0.5893996
C_38578,val,0,0.01812744543719384,0.11801667
C_38580,val,0,0.015365032840291911,0.168011
C_38587,val,0,0.004292081852802875,0.21424147
C_38594,val,0,0.003938342441811399,1.8763894e-05
C_38595,val,0,0.003867106240836056,9.685487e-06
C_38602,val,0,0.008930044913226189,8.059978e-10
C_38611,val,0,0.0019572986103319886,8.537306e-11
C_38615,val,0,0.23739146167145683,4.1129202e-05
C_38625,val,0,0.38068847810315426,0.4118399
C_38629,val,0,0.019197471615324868,0.38331643
C_38630,val,0,0.0037598819270042746,2.0041525e-05
C_38637,val,0,0.007512159138916868,2.9811742e-06
C_38640,val,0,0.5765301824535303,0.0020586653
C_38641,val,0,0.08616824470857304,0.010021346
C_38650,val,0,0.005600039354648469,2.8949842e-05
C_38656,val,0,0.25300880163881373,4.2942334e-12
C_38657,val,0,0.04497105798544485,0.5959566
C_38662,val,0,0.041360878684338374,0.011612852
C_38672,val,0,0.8148242701028372,6.538521e-10
C_38673,val,0,0.025295003405016697,8.380203e-05
C_38696,val,0,0.027352627128912017,0.51834285
C_38703,val,0,0.30011098809804215,0.021990148
C_38705,val,0,0.02242690115857344,0.21415079
C_38711,val,0,0.005643992547487935,0.64583844
C_38719,val,0,0.031713682099454854,0.0008680091
C_38720,val,0,0.015251673418091218,1.2394885e-15
C_38722,val,0,0.041926865431306345,0.022117049
C_38731,val,0,0.6274622507600487,0.18512271
C_38744,val,0,0.01935357793947358,1.0074515e-14
C_38756,val,0,0.0029195211390308576,2.808322e-11
C_38761,val,0,0.024173528501958003,2.2017527e-14
C_38775,val,0,0.029459449738823362,0.0889185
C_38777,val,0,0.018012548714931652,0.032847065
C_38783,val,0,0.658604022537345,0.042932488
C_38789,val,0,0.004152692780641034,2.5083218e-05
C_38790,val,0,0.8429538737056678,0.9893106
C_38791,val,0,0.0035522118101037215,9.5530595e-06
C_38792,val,0,0.36950041239560893,0.033079892
C_38797,val,0,0.05660723578051256,1.6938497e-12
C_38799,val,0,0.009487681966245637,0.09074554
C_38816,val,0,0.005917675340739698,2.6981512e-08
C_38819,val,0,0.13612924047813443,7.626608e-05
C_38820,val,0,0.0018528347985991489,4.818327e-13
C_38822,val,0,0.0016759523252250139,1.7678366e-13
C_38825,val,0,0.19079855368143417,0.85990506
C_38828,val,0,0.3841587643744078,1.7634014e-13
C_38834,val,0,0.059572147100185456,0.20928276
C_38840,val,0,0.0035547356477204435,3.225127e-05
C_38849,val,0,0.08487259789908833,7.624711e-16
C_38854,val,0,0.009985514016234862,0.09488844
C_38869,val,0,0.002797488263110079,0.0047514304
C_38880,val,0,0.03149059878425648,9.688914e-08
C_38900,val,0,0.002707440315387494,1.7155874e-10
C_38906,val,0,0.0038912086059815203,1.7773431e-05
C_38909,val,0,0.13361916343677224,0.99921143
C_38914,val,0,0.026047269930569297,6.857487e-07
C_38932,val,0,0.5716220007228644,0.5078377
C_38942,val,0,0.034162618681837946,2.0667532e-15
C_38946,val,0,0.0075468048840892175,1.5701709e-09
C_38957,val,0,0.0006517409701068329,0.033430595
C_38965,val,0,0.13940397349313194,0.04282442
C_38970,val,0,0.2560641569459791,0.0068030027
C_38988,val,0,0.011658484199100391,2.3114816e-07
C_38990,val,0,0.12481121301857155,5.943548e-06
C_38993,val,0,0.39134761922283035,0.89095473
C_38998,val,0,0.014261812469242066,8.692263e-08
C_39015,val,0,0.11632977951913911,0.0015019373
C_39034,val,0,0.7184466624466261,0.0019316688
C_39036,val,0,0.0029195211390308576,8.0335685e-09
C_39039,val,0,0.008749224139224757,0.43179446
C_39041,val,0,0.02242846967884013,0.060732093
C_39043,val,0,0.34647847234268686,9.2112125e-05
C_39049,val,0,0.028876723893657592,7.363943e-11
C_39052,val,0,0.0037598819270042746,1.7835968e-05
C_39056,val,0,0.00640034494439798,2.85643e-10
C_39068,val,0,0.025944092533051327,0.0005453164
C_39069,val,0,0.001268357167490371,0.09585851
C_39073,val,0,0.004427433572673724,0.78749865
C_39080,val,0,0.06492061972866398,7.478677e-12
C_39081,val,0,0.013940356426357327,1.344191e-21
C_39091,val,0,0.10988347624521098,0.778545
C_39092,val,0,0.012332303126805362,2.052457e-12
C_39097,val,0,0.1157899923296244,1.1616489e-07
C_39103,val,0,0.004018428204119727,2.3588532e-06
C_39111,val,0,0.0029606414988464784,6.378299e-15
C_39116,val,0,0.009742882458866096,0.073261246
C_39130,val,0,0.6036380182098864,5.0852873e-09
C_39131,val,0,0.7497825383546857,0.7613079
C_39140,val,0,0.008006230498973059,0.007235281
C_39144,val,0,0.015352804112370716,7.261094e-19
C_39149,val,0,0.0026473269687546587,2.9515526e-10
C_39153,val,0,0.16210393436291778,5.0619237e-06
C_39157,val,0,0.03216800053917668,4.7192267e-12
C_39167,val,0,0.005090525092388578,2.429291e-16
C_39173,val,0,0.10054651863153471,0.39445713
C_39180,val,0,0.02414718496040667,8.48213e-09
C_39184,val,0,0.012805225652733515,3.5670356e-10
C_39187,val,0,0.01804397614330553,0.005357832
C_39193,val,0,0.10234695841025646,2.8993024e-06
C_39208,val,0,0.07617649003026514,0.04056909
C_39209,val,0,0.10799663907577209,6.005644e-19
C_39216,val,0,0.005889061595908037,0.6080938
C_39225,val,0,0.048102982575712765,0.12482759
C_39233,val,0,0.0032316403123403923,3.8595056e-07
C_39237,val,0,0.03599921250975145,0.00022500685
C_39250,val,0,0.0018128606186468767,6.543012e-10
C_39256,val,0,0.03332795075071266,0.2674687
C_39258,val,0,0.021213899222607427,6.226136e-12
C_39259,val,0,0.030716828649297426,0.012740935
C_39281,val,0,0.029014962258388136,0.0005834047
C_39282,val,0,0.018027474312257163,8.7396484e-07
C_39284,val,0,0.17485854523987088,0.00019444738
C_39285,val,0,0.0046382705736732616,0.0022095703
C_39289,val,0,0.0434826878913286,0.0013110752
C_39297,val,0,0.6483999389897039,0.001863016
C_39300,val,0,0.3254214273461943,4.6434664e-08
C_39305,val,0,0.015604819176273524,4.4750936e-07
C_39308,val,0,0.08628650761034096,0.7126071
C_39312,val,0,0.10187039197919588,9.503417e-12
C_39314,val,0,0.02335256186685269,7.665305e-09
C_39323,val,0,0.0035522118101037215,6.2485036e-05
C_39325,val,0,0.004152692780641034,2.2745202e-05
C_39326,val,0,0.9556884062053183,0.88726276
C_39330,val,0,0.07291430003725571,0.338626
C_39335,val,0,0.0016011639731795708,2.0148795e-08
C_39343,val,0,0.3027474761487831,6.887634e-11
C_39356,val,0,0.015365032840291911,7.2672547e-06
C_39359,val,0,0.010005176136200663,9.799189e-06
C_39363,val,0,0.04697989309152512,0.49231142
C_39366,val,0,0.004768461451970189,0.075897
C_39367,val,0,0.0029195211390308576,3.7579997e-05
C_39378,val,0,0.004197115565672536,4.3491065e-05
C_39379,val,0,0.005652263004605011,0.51804787
C_39389,val,0,0.15376574951715447,0.339909
C_39406,val,0,0.0035360240921981263,1.1831198e-09
C_39412,val,0,0.0029195211390308576,1.6260152e-10
C_39422,val,0,0.04005124052575465,0.31615907
C_39433,val,0,0.07310461141846893,0.0001763391
C_39439,val,0,0.0014646422787331895,0.06635421
C_39441,val,0,0.003036300364093802,1.5334336e-11
C_39448,val,0,0.0016487504019786754,2.6299076e-09
C_39454,val,0,0.0002357752519910465,1.2460535e-09
C_39455,val,0,0.010591346032531819,2.425477e-05
C_39459,val,0,0.00410007397863815,2.1638938e-05
C_39465,val,0,0.015535316380985988,0.20219463
C_39473,val,0,0.0049733861207032545,9.429188e-20
C_39475,val,0,0.0029606414988464784,4.8046228e-18
C_39481,val,0,0.8041504856849141,0.74827886
C_39486,val,0,0.016271635254940683,9.0439346e-07
C_39507,val,0,0.08141553836319844,0.78205836
C_39520,val,0,0.015659214361548882,2.9471124e-07
C_39530,val,0,0.002848490830566139,8.170572e-10
C_39538,val,0,0.010195015131975382,2.0950647e-06
C_39545,val,0,0.0029195211390308576,1.3860194e-05
C_39551,val,0,0.4874063915232916,9.441019e-11
C_39558,val,0,0.029540792775904108,0.048277132
C_39569,val,0,0.003932109168799606,6.2299274e-05
C_39571,val,0,0.07648726558097814,0.048249282
C_39574,val,0,0.023099170187316245,3.6885457e-09
C_39583,val,0,0.0018528347985991489,1.378058e-06
C_39604,val,0,0.0015648895813407534,0.0001329202
C_39613,val,0,0.009145848107276582,2.3030206e-10
C_39624,val,0,0.0420676254264741,3.0931572e-15
C_39625,val,0,0.05120687192421099,0.6932459
C_39633,val,0,0.0336309007666961,0.19808826
C_39638,val,0,0.005812676653568994,0.0022240872
C_39639,val,0,0.025266344028379007,0.23696004
C_39658,val,0,0.06466651275900026,0.0015597489
C_39663,val,0,0.1445988930180561,9.205776e-12
C_39676,val,0,0.0027810207476016576,1.4546608e-08
C_39682,val,0,0.0029606414988464784,1.4279974e-05
C_39685,val,0,0.12609547601270948,0.04413522
C_39707,val,0,0.5348040314128787,8.047449e-07
C_39709,val,0,0.00908747862527979,6.2303495e-17
C_39720,val,0,0.009331945252177662,0.20207575
C_39729,val,0,0.004500284398208156,2.8279348e-05
C_39730,val,0,0.0047575560331132504,2.6557142e-05
C_39732,val,0,0.002641556144337113,1.639355e-11
C_39742,val,0,0.3549720305411131,1.7094622e-07
C_39747,val,0,0.01645604308358087,0.08743105
C_39751,val,0,0.012805225652733515,1.9562753e-05
C_39764,val,0,0.03157182324972648,3.702808e-07
C_39770,val,0,0.024575746553558896,1.0173621e-09
C_39771,val,0,0.006212639930164462,3.094092e-05
C_39772,val,0,0.24356471019171047,0.6744215
C_39797,val,0,0.004197115565672536,2.8091517e-05
C_39798,val,0,0.056688629753246976,8.874216e-10
C_39799,val,0,0.006723289167746983,2.9251447e-05
C_39802,val,0,0.004152692780641034,2.5617252e-05
C_39816,val,0,0.0009548435947245779,1.2430572e-10
C_39826,val,0,0.004512305256640755,1.2548962e-11
C_39829,val,0,0.0029195211390308576,3.7009412e-13
C_39836,val,0,0.11566268877736491,2.0536193e-09
C_39837,val,0,0.0029642596590212194,0.00017349781
C_39845,val,0,0.004259997191467582,3.145268e-05
C_39851,val,0,0.02568753736401152,5.0350583e-05
C_39858,val,0,0.3002546329998959,8.307576e-07
C_39867,val,0,0.002848490830566139,4.0538398e-25
C_39881,val,0,0.006156524828061369,2.07797e-05
C_39884,val,0,0.0386248191346263,0.3841123
C_39890,val,0,0.09230808406323082,0.2105105
C_39908,val,0,0.024806637563941806,0.0037635933
C_39915,val,0,0.009261261388965936,8.4385654e-05
C_39917,val,0,0.0016897740008420823,1.4912491e-05
C_39922,val,0,0.18258554761783635,0.00015409352
C_39930,val,0,0.003938342441811399,1.9659028e-05
C_39936,val,0,0.27540992928420144,0.32901138
C_39938,val,0,0.0035522118101037215,1.7669673e-20
C_39946,val,0,0.021288534570269017,0.53034794
C_39947,val,0,0.3234466040541283,9.333386e-06
C_39955,val,0,0.028375960586559237,0.5967091
C_39964,val,0,0.0566575273378214,5.698362e-07
C_39975,val,0,0.029682716877649867,0.0082230605
C_39976,val,0,0.02312510574005367,3.5089897e-07
C_39996,val,0,0.05264870404716249,9.773849e-06
C_39997,val,0,0.021102708106705503,0.10666111
C_39998,val,0,0.12524046997792995,0.015164888
C_40001,val,0,0.02012246418253277,4.0422558e-05
C_40003,val,0,0.033532454900762954,4.4322427e-05
C_40004,val,0,0.22440618663152676,5.9678804e-08
C_40008,val,0,0.015365032840291911,0.0004499663
C_40011,val,0,0.012167916057714065,0.0035099587
C_40019,val,0,0.006057444836247177,7.660037e-18
C_40023,val,0,0.2672808316653655,9.817879e-10
C_40025,val,0,0.21559285490283808,0.3133894
C_40042,val,0,0.004961757560973315,1.1780252e-07
C_40050,val,0,0.6402636654345808,0.99819237
C_40055,val,0,0.8429748788507098,5.7265165e-08
C_40056,val,0,0.028497918424789766,0.0009207508
C_40057,val,0,0.0032316403123403923,7.31994e-08
C_40059,val,0,0.08351135049476985,1.4491242e-13
C_40065,val,0,0.3266751736933997,0.28099954
C_40071,val,0,0.017627924842677428,0.06401407
C_40072,val,0,0.016816809004738368,0.019100847
C_40081,val,0,0.0037598819270042746,1.9694458e-05
C_40085,val,0,0.03922001116633453,0.055258457
C_40094,val,0,0.014461559211416376,2.5808002e-05
C_40099,val,0,0.1227665327787732,2.0024145e-06
C_40102,val,0,0.06351307974042655,5.272702e-10
C_40111,val,0,0.0034910218234935637,2.6331689e-05
C_40120,val,0,0.08499770119477384,0.00024815698
C_40123,val,0,0.011719743710636589,0.41278052
C_40128,val,0,0.2731925633626134,1.7317926e-06
C_40135,val,0,0.08844455311658193,2.212651e-07
C_40139,val,0,0.05575701847304959,1.9101077e-07
C_40143,val,0,0.0027785329339570374,0.015930168
C_40149,val,0,0.0858715084975521,5.367703e-06
C_40152,val,0,0.0029606414988464784,8.164348e-12
C_40153,val,0,0.41420873838610117,6.419546e-06
C_40157,val,0,0.0011241628759733559,0.0034369521
C_40163,val,0,0.02047907636236759,0.08360963
C_40169,val,0,0.0076258646405332545,3.0738815e-05
C_40185,val,0,0.014439200781146456,0.35272145
C_40186,val,0,0.551362008304166,3.9827145e-07
C_40192,val,0,0.7243685113752288,0.85009515
C_40195,val,0,0.32424502096170904,4.90369e-09
C_40203,val,0,0.03124969828053726,0.4420192
C_40212,val,0,0.1821761599731197,7.3884614e-08
C_40258,val,0,0.0015824469389955074,0.81174964
C_40275,val,0,0.3767587205898187,5.7395697e-05
C_40289,val,0,0.004459709661457951,0.023526482
C_40304,val,0,0.0038050430783024146,0.56949866
C_40314,val,0,0.030027231498934572,0.00015624927
C_40318,val,0,0.03062711036781789,0.5160935
C_40320,val,0,0.12361859960158267,0.00029421283
C_40329,val,0,0.010881684975442913,2.283148e-05
C_40332,val,0,0.01572661076270301,4.67441e-11
C_40342,val,0,0.05268651873329258,0.00539249
C_40358,val,0,0.22186031043730695,0.14973907
C_40361,val,0,0.034760968900794775,2.8644979e-11
C_40363,val,0,0.18937278860025392,7.601244e-09
C_40382,val,0,0.19761291041525703,8.242326e-06
C_40383,val,0,0.14567621187733498,2.178347e-07
C_40390,val,0,0.06404945611239132,3.852379e-05
C_40392,val,0,0.02136016563054251,2.1813193e-08
C_40403,val,0,0.17327858990011985,1.2685231e-09
C_40420,val,0,0.13444592022290558,0.009970918
C_40422,val,0,0.5185406703048108,0.35418227
C_40430,val,0,0.003938342441811399,2.2069276e-05
C_40435,val,0,0.2522018552671535,0.720169
C_40436,val,0,0.02811114167030483,0.0014045265
C_40443,val,0,0.030822914299031286,0.008712344
C_40451,val,0,0.01324582465995387,1.4044859e-09
C_40471,val,0,0.12607974137702724,5.8022297e-06
C_40474,val,0,0.0032316403123403923,2.863522e-06
C_40475,val,0,0.016385277542027888,0.0089946315
C_40478,val,0,0.00383424999858564,0.0034136465
C_40482,val,0,0.049186777089001946,0.31820124
C_40485,val,0,0.0034545498496775747,9.383489e-05
C_40487,val,0,0.3431585742629908,1.3919596e-06
C_40491,val,0,0.27323073878202625,5.804593e-07
C_40493,val,0,0.004835235272210251,7.2988016e-09
C_40500,val,0,0.004535898041384482,0.6560865
C_40502,val,0,0.015659214361548882,0.0006597246
C_40506,val,0,0.1006138515734693,0.41173947
C_40507,val,0,0.002917688795639776,2.401625e-05
C_40510,val,0,0.04175177522036062,1.8539744e-09
C_40516,val,0,0.13931589710653916,0.856412
C_40524,val,0,0.23100325182152617,0.0026643632
C_40536,val,0,0.0022625032654746175,5.6769858e-21
C_40540,val,0,0.0009667809954960416,0.1671521
C_40546,val,0,0.0560662689032489,0.5241221
C_40565,val,0,0.004573852136997693,1.370792e-05
C_40569,val,0,0.008398637276803357,0.34289357
C_40576,val,0,0.07845593683447885,0.06242457
C_40592,val,0,0.6571608157169088,0.84250987
C_40593,val,0,0.0007591852827071631,3.1675245e-05
C_40596,val,0,0.03791102905752166,0.07706734
C_40601,val,0,0.01057382510851804,0.00061533024
C_40611,val,0,0.0037598819270042746,1.4263777e-05
C_40613,val,0,0.1376135030425152,0.73411876
C_40616,val,0,0.14469639739015203,8.929749e-15
C_40626,val,0,0.0353054675363599,0.0004822968
C_40629,val,0,0.0029195211390308576,2.5293495e-05
C_40633,val,0,0.7525260412454986,0.9655615
C_40647,val,0,0.412195881899247,0.83209676
C_40649,val,0,0.05752187351163868,0.014968956
C_40659,val,0,0.025379845526498898,1.3575459e-09
C_40664,val,0,0.004829043184469749,3.0313398e-08
C_40668,val,0,0.007633806536734982,0.003555694
C_40683,val,0,0.0032765120392957633,4.7756575e-06
C_40692,val,0,0.0029606414988464784,8.674765e-10
C_40694,val,0,0.007353009212350164,2.9699157e-05
C_40704,val,0,0.5070545855550446,0.022819208
C_40708,val,0,0.060734133641420995,6.6446366e-05
C_40710,val,0,0.03375445221248514,0.086710446
C_40711,val,0,0.025084618066079905,0.35614464
C_40714,val,0,0.013323997776095858,1.4322653e-14
C_40715,val,0,0.020666841695284217,0.49252284
C_40724,val,0,0.0028918359536165327,2.5694438e-11
C_40736,val,0,0.1715887683612674,0.0013559756
C_40740,val,0,0.7361383655470393,0.9473802
C_40744,val,0,0.0021917504415823615,0.00015324395
C_40752,val,0,0.04486547411068879,0.24574357
C_40759,val,0,0.5666993046794035,0.677614
C_40772,val,0,0.11918926102276621,2.2460996e-10
C_40775,val,0,0.0037598819270042746,2.0790842e-05
C_40777,val,0,0.002985325936835884,0.013064598
C_40782,val,0,0.028684121178765648,0.13232417
C_40787,val,0,0.33370330462826137,9.092589e-09
C_40791,val,0,0.07166120432858596,0.010023852
C_40798,val,0,0.0380717510804484,0.5536895
C_40804,val,0,0.16367355653001642,9.128054e-09
C_40808,val,0,0.05503404929083651,2.0535713e-06
C_40834,val,0,0.0029325675248436127,1.1054638e-16
C_40838,val,0,0.035002269017912625,0.119145274
C_40850,val,0,0.002167006891842111,3.2934755e-09
C_40855,val,0,0.36713967416977616,0.99387133
C_40856,val,0,0.03274190458034099,0.43169114
C_40862,val,0,0.03949235261427563,1.005534e-05
C_40864,val,0,0.38922087270511213,0.84682983
C_40876,val,0,0.15236005238409236,3.3126402e-09
C_40884,val,0,0.015590124221059628,9.817709e-06
C_40898,val,0,0.001015300054756051,0.6237668
C_40923,val,0,0.0029606414988464784,6.3961957e-06
C_40934,val,0,0.009404978566307188,3.4772256e-05
C_40938,val,0,0.0029195211390308576,4.3771483e-17
C_40939,val,0,0.14217112922334812,0.70201045
C_40950,val,0,0.10015341979667525,2.70974e-06
C_40960,val,0,0.002985325936835884,7.156496e-13
C_40963,val,0,0.3364400714463852,0.00014280337
C_40965,val,0,0.0028918359536165327,9.803952e-11
C_40969,val,0,0.0073311731657455135,1.7688919e-05
C_40971,val,0,0.00833903046719955,0.00020945967
C_40978,val,0,0.3181421032841466,0.91735
C_40979,val,0,0.012332303126805362,2.8153153e-07
C_40985,val,0,0.05952483225353321,0.23673593
C_40988,val,0,0.002175751476759255,4.751524e-05
C_40999,val,0,0.0421287029034744,1.4849542e-11
C_41000,val,0,0.0063655438417903,3.5837882e-05
C_41004,val,0,0.020940696578942958,0.0005719976
C_41011,val,0,0.44101686070988333,0.92665714
C_41028,val,0,0.22414787843195602,0.00013745265
C_41034,val,0,0.16080980290273864,0.0003141048
C_41037,val,0,0.2200452337887492,0.823909
C_41052,val,0,0.6636245654492388,0.3369751
C_41053,val,0,0.0032316403123403923,0.00024742767
C_41056,val,0,0.008321199622494562,3.965946e-05
C_41071,val,0,0.005216213556276695,2.6306494e-17
C_41075,val,0,0.054911398996272474,1.06223474e-08
C_41081,val,0,0.018294463350546235,4.081465e-15
C_41085,val,0,0.04436852929931683,4.2259758e-06
C_41087,val,0,0.028922826364459326,0.00014838275
C_41101,val,0,0.014039346169729499,1.0398191e-16
C_41104,val,0,0.4727740024375558,0.00083481736
C_41108,val,0,0.0029195211390308576,2.7853647e-13
C_41116,val,0,0.6321594542697602,3.4489161e-15
C_41118,val,0,0.0029195211390308576,6.474046e-08
C_41130,val,0,0.18005827093199062,0.00026998064
C_41133,val,0,0.3396926131142379,0.93563765
C_41135,val,0,0.23890258646836832,8.837461e-05
C_41138,val,0,0.05388682176238771,0.33997232
C_41147,val,0,0.7597448844997867,0.26643363
C_41159,val,0,0.14652364690175637,0.5351106
C_41173,val,0,0.054752392898237794,3.703931e-07
C_41175,val,0,0.09969092288609768,0.25252834
C_41180,val,0,0.05674233863236202,0.6952621
C_41183,val,0,0.0018763105876380283,5.6562877e-10
C_41195,val,0,0.006000654364289777,1.6036468e-08
C_41198,val,0,0.20809033962113227,0.5631871
C_41209,val,0,0.0867912212384105,0.049143557
C_41218,val,0,0.00951044065905313,0.0006075876
C_41219,val,0,0.002513908236948072,4.3436207e-06
C_41227,val,0,0.005216213556276695,7.7780817e-11
C_41228,val,0,0.1783444084801035,4.689026e-07
C_41230,val,0,0.002848490830566139,3.0758773e-08
C_41231,val,0,0.003499555466279567,0.0009699672
C_41232,val,0,0.36326037070197764,2.1918165e-08
C_41235,val,0,0.01804669559673917,7.829792e-05
C_41238,val,0,0.08327328831473592,0.48094827
C_41242,val,0,0.0434045867301311,2.168926e-09
C_41249,val,0,0.041012906560675154,0.08658042
C_41268,val,0,0.014261812469242066,3.847452e-05
C_41269,val,0,0.0066076456637993,0.84087884
C_41275,val,0,0.011422625129192709,3.2623087e-05
C_41281,val,0,0.0029195211390308576,1.6301958e-09
C_41291,val,0,0.007000547850370009,0.011854957
C_41292,val,0,0.5515300279649255,0.015109143
C_41296,val,0,0.04023542283083777,2.547476e-10
C_41302,val,0,0.029118322957059906,0.10769931
C_41310,val,0,0.45933144771246914,0.956941
C_41320,val,0,0.0032316403123403923,1.6074911e-05
C_41325,val,0,0.03621278106231344,0.45138335
C_41327,val,0,0.30818361883805134,2.0258743e-05
C_41331,val,0,0.009720658353414074,3.3963614e-05
C_41332,val,0,0.06757332500547338,0.37771165
C_41333,val,0,0.0029606414988464784,1.5104348e-07
C_41347,val,0,0.4188587152266234,0.00090643787
C_41348,val,0,0.3490156000298508,0.80912733
C_41349,val,0,0.004152692780641034,2.5954707e-05
C_41356,val,0,0.006156524828061369,1.8275636e-05
C_41357,val,0,0.0010101208732562737,3.3169123e-10
C_41358,val,0,0.5935636956522948,6.0780112e-05
C_41361,val,0,0.08473788977185777,0.008872484
C_41375,val,0,0.0028076480234739683,2.5211178e-10
C_41376,val,0,0.10672744283964992,0.0021240918
C_41384,val,0,0.03698027094764671,8.87786e-09
C_41387,val,0,0.0015168905751085293,5.7148736e-07
C_41401,val,0,0.6017512738968154,7.8355766e-10
C_41407,val,0,0.009122038635962969,3.8713896e-10
C_41408,val,0,0.05044950249829445,0.85113657
C_41411,val,0,0.06253889179831754,1.0602814e-06
C_41412,val,0,0.2992050621311337,0.73215485
C_41420,val,0,0.004018428204119727,6.532027e-05
C_41421,val,0,0.04350407777753579,0.19286582
C_41424,val,0,0.05852481525633781,2.2910053e-08
C_41426,val,0,0.60190023730441,0.0006662357
C_41434,val,0,0.0032316403123403923,0.00024161261
C_41437,val,0,0.3183033484430924,0.00036053165
C_41438,val,0,0.010722438960585156,2.0695918e-09
C_41447,val,0,0.024844830728109005,1.1622548e-19
C_41452,val,0,0.006879340216230851,2.8636035e-10
C_41459,val,0,0.8145832131337329,3.4224857e-05
C_41466,val,0,0.540483544358156,1.7686371e-08
C_41469,val,0,0.06616479878422485,0.53782964
C_41473,val,0,0.0272872145546373,2.024287e-11
C_41474,val,0,0.029913873838068334,1.3772422e-16
C_41475,val,0,0.06307789250036215,1.6862433e-22
C_41478,val,0,0.007353009212350164,3.0981353e-11
C_41479,val,0,0.0028076480234739683,1.1273474e-07
C_41493,val,0,0.005231516287636099,1.5208229e-13
C_41498,val,0,0.0067925095544435635,0.00022163583
C_41505,val,0,0.0029195211390308576,2.6555394e-05
C_41506,val,0,0.09737825534373244,0.8827292
C_41510,val,0,0.0037598819270042746,0.10234504
C_41523,val,0,0.020425698265175665,0.49772698
C_41531,val,0,0.015776909203169355,9.002011e-09
C_41533,val,0,0.043764310008626746,3.657118e-10
C_41542,val,0,0.9642694266266477,9.986427e-06
C_41550,val,0,0.014261812469242066,6.679312e-07
C_41561,val,0,0.09436592766998843,0.76945925
C_41563,val,0,0.010383727901698465,0.15907943
C_41565,val,0,0.6554398671318287,8.433064e-15
C_41566,val,0,0.21805424995130052,0.09717306
C_41573,val,0,0.5810631300859695,1.5175023e-06
C_41604,val,0,0.002040660102787295,1.28358e-07
C_41609,val,0,0.2854799269819826,2.7933148e-23
C_41623,val,0,0.0007103408094359743,1.556599e-18
C_41633,val,0,0.060951628884269256,0.06817964
C_41639,val,0,0.19322891632821163,0.2449968
C_41641,val,0,0.047693201576607044,0.8938183
C_41642,val,0,0.0029195211390308576,4.5620923e-06
C_41661,val,0,0.01072105826416712,7.599838e-09
C_41664,val,0,0.019431188303540875,1.0322463e-17
C_41665,val,0,0.055295025674079366,0.01820386
C_41676,val,0,0.027441393310328795,0.02143782
C_41678,val,0,0.018616478106993312,0.76418895
C_41683,val,0,0.0028076480234739683,2.0808863e-11
C_41686,val,0,0.029629480086762312,0.26183373
C_41687,val,0,0.0006881124203221031,8.129411e-17
C_41689,val,0,0.0022916805970382786,2.2789981e-08
C_41691,val,0,0.02765432859433166,4.4536196e-15
C_41701,val,0,0.015838603984677742,4.112924e-05
C_41703,val,0,0.002848490830566139,2.829138e-08
C_41719,val,0,0.07467804993539302,5.468492e-12
C_41729,val,0,0.06657063768717011,0.0021029606
C_41731,val,0,0.17247216290580394,0.11397088
C_41732,val,0,0.013094999270531541,2.3404886e-05
C_41742,val,0,0.3249601331557964,0.012586876
C_41744,val,0,0.35999719218605986,3.2087297e-10
C_41754,val,0,0.02242558998372508,0.119303435
C_41761,val,0,0.005917675340739698,2.870989e-12
C_41763,val,0,0.02366196578800877,1.9831816e-05
C_41768,val,0,0.38391416655467697,0.00044921823
C_41787,val,0,0.5155344014974313,0.8451775
C_41799,val,0,0.08519370952335707,0.0002953384
C_41824,val,0,0.0029325675248436127,2.8640595e-12
C_41828,val,0,0.0032316403123403923,2.4566192e-05
C_41829,val,0,0.0035551593519050906,6.81563e-07
C_41830,val,0,0.0028076480234739683,1.6746364e-08
C_41831,val,0,0.005205259044140542,3.0725107e-20
C_41835,val,0,0.015080828301305128,1.8057649e-06
C_41864,val,0,0.025982021548192437,4.4091555e-14
C_41865,val,0,0.02227905647104559,6.0616247e-05
C_41867,val,0,0.6062568509954077,8.317654e-10
C_41868,val,0,0.01247717498012454,3.2283733e-05
C_41871,val,0,0.0028076480234739683,1.9408462e-15
C_41875,val,0,0.0029195211390308576,0.00023418896
C_41882,val,0,0.0029606414988464784,3.3035627e-07
C_41899,val,0,0.0029195211390308576,3.730576e-15
C_41900,val,0,0.011423106020303754,0.4174921
C_41903,val,0,0.005216213556276695,4.1433934e-10
C_41912,val,0,0.0037598819270042746,1.602642e-05
C_41925,val,0,0.4480868964445843,0.6789342
C_41949,val,0,0.10115287471540586,3.5625227e-09
C_41961,val,0,0.005216213556276695,1.3150848e-11
C_41967,val,0,0.09502605101837222,0.7314798
C_41978,val,0,0.0018528347985991489,9.953224e-09
C_41995,val,0,0.003833388963324695,1.644755e-33
C_42001,val,0,0.02106705950028222,7.427048e-12
C_42015,val,0,0.03399291081219509,3.8226678e-14
C_42016,val,0,0.0417116991010963,0.017674705
C_42027,val,0,0.02428922303527165,1.0218236e-12
C_42032,val,0,0.0032316403123403923,1.026843e-08
C_42033,val,0,0.00012350942932599362,8.2305164e-08
C_42034,val,0,0.017771925770830595,0.003436495
C_42036,val,0,0.3819625385669465,0.9071481
C_42044,val,0,0.017778892265325006,1.3105939e-09
C_42054,val,0,0.1102608305090839,8.361697e-07
C_42069,val,0,0.0023368533592776184,0.012486901
C_42076,val,0,0.06687921141052074,0.15096502
C_42080,val,0,0.5334876379272516,0.3919827
C_42085,val,0,0.007312195763526873,1.1823571e-05
C_42092,val,0,0.005205259044140542,8.5008806e-10
C_42107,val,0,0.005175133665111255,2.2548816e-06
C_42115,val,0,0.08156425340753594,2.6833306e-11
C_42122,val,0,0.0028076480234739683,3.7267056e-12
C_42125,val,0,0.0028076480234739683,9.8416514e-14
C_42135,val,0,0.005584828732033663,4.232145e-05
C_42136,val,0,0.006523109824954148,5.9186976e-05
C_42142,val,0,0.0015049127553109145,2.2507656e-25
C_42145,val,0,0.004018428204119727,0.00052611664
C_42147,val,0,0.01673173421318389,0.6685314
C_42149,val,0,0.0029195211390308576,5.771579e-06
C_42168,val,0,0.0247696506988439,4.6114856e-05
C_42183,val,0,0.0008940269933915241,1.5217325e-06
C_42185,val,0,0.043894096253809196,0.6190669
C_42189,val,0,0.012676504343275845,4.3178107e-17
C_42193,val,0,0.426019046034834,1.08448575e-08
C_42197,val,0,0.04725000556067786,6.7832093e-06
C_42201,val,0,0.01636562975166504,1.629703e-07
C_42210,val,0,0.15760022610478547,0.9971566
C_42216,val,0,0.03420607954624922,3.489994e-06
C_42222,val,0,0.05461081572328636,0.0007757531
C_42224,val,0,0.14620607860918047,0.7324798
C_42226,val,0,0.034061926003761726,0.01866459
C_42227,val,0,0.07873373774631169,6.8250166e-08
C_42228,val,0,0.016820221556365932,0.75154734
C_42229,val,0,0.0029195211390308576,1.0038868e-08
C_42234,val,0,0.002848490830566139,4.707975e-10
C_42237,val,0,0.02767462815014378,2.2292852e-06
C_42239,val,0,0.0027455818216597302,4.49972e-05
C_42240,val,0,0.24154989611369054,2.944889e-10
C_42247,val,0,0.20844740259369435,0.08162566
C_42255,val,0,0.0029606414988464784,4.400366e-06
C_42268,val,0,0.2230311989108875,0.6195547
C_42270,val,0,0.019473362771682195,0.2126144
C_42277,val,0,0.3580028944378452,2.4478148e-05
C_42282,val,0,0.1154555057657332,9.8979346e-11
C_42289,val,0,0.00012615015268553718,4.433354e-08
C_42297,val,0,0.01324281755436407,0.0033787924
C_42301,val,0,0.002848490830566139,1.947436e-11
C_42302,val,0,0.05453068536156995,6.7111386e-11
C_42307,val,0,0.3572857594299785,0.041870054
C_42313,val,0,0.03429352384429546,0.08460317
C_42315,val,0,0.039801340366929255,0.9741166
C_42316,val,0,0.015733497978201505,0.14495215
C_42328,val,0,0.005718100457589407,3.1846983e-07
C_42346,val,0,0.01309578955064654,0.0061659846
C_42350,val,0,0.004018428204119727,4.660324e-12
C_42353,val,0,0.23679699046095265,1.504536e-06
C_42359,val,0,0.0038912086059815203,1.5651756e-05
C_42374,val,0,0.0018528347985991489,1.7586652e-17
C_42383,val,0,0.01857685951868114,1.2743284e-13
C_42385,val,0,0.02858793498128386,0.037839282
C_42389,val,0,0.019130710011454034,1.0077944e-20
C_42390,val,0,0.3455316330474341,9.311502e-05
C_42400,val,0,0.08055006490026778,4.1379808e-05
C_42408,val,0,0.002848490830566139,1.9493396e-10
C_42416,val,0,0.004364412824017996,5.5670386e-12
C_42420,val,0,0.005645675941425749,1.9722463e-06
C_42430,val,0,0.0034370727194079844,0.4240244
C_42441,val,0,0.0029195211390308576,1.2694669e-24
C_42445,val,0,0.01433075916275267,7.88796e-07
C_42446,val,0,0.0031269430463299577,1.5287684e-06
C_42460,val,0,0.012805225652733515,2.7355514e-05
C_42464,val,0,0.0032316403123403923,8.941607e-05
C_42466,val,0,0.005231516287636099,0.0006460148
C_42482,val,0,0.16266420543605548,3.038935e-06
C_42483,val,0,0.026162332344473634,8.8903526e-08
C_42484,val,0,0.022653675379302567,9.868538e-07
C_42486,val,0,0.03093538345705229,7.358337e-07
C_42492,val,0,0.0029195211390308576,5.128836e-05
C_42518,val,0,0.004641953384199901,3.324211e-05
C_42520,val,0,0.22441008121698883,5.036355e-06
C_42524,val,0,0.015707047148356044,2.3904124e-05
C_42530,val,0,0.24052698438734996,4.7478475e-06
C_42541,val,0,0.0029195211390308576,2.8855522e-28
C_42557,val,0,0.06776605284150292,0.6124948
C_42562,val,0,0.02790119410881294,7.5391307e-07
C_42570,val,0,0.22209460267308256,3.5407328e-07
C_42574,val,0,0.005216213556276695,7.7671665e-08
C_42584,val,0,0.569667528331379,0.94005847
C_42585,val,0,0.033654411524447946,0.71731687
C_42593,val,0,0.31522748823372787,0.019254833
C_42594,val,0,0.007463268634360629,1.8354019e-06
C_42611,val,0,0.09066670379872314,0.0065034535
C_42616,val,0,0.0016554615579057633,0.0012404404
C_42621,val,0,0.003915205791694556,1.4429222e-08
C_42624,val,0,0.02388107128498525,0.04513912
C_42625,val,0,0.0049733861207032545,3.863165e-10
C_42628,val,0,0.05922319194770563,6.4661236e-07
C_42630,val,0,0.022467702585326443,4.064877e-08
C_42642,val,0,0.5136295184880519,0.9214866
C_42644,val,0,0.004018428204119727,8.131367e-09
C_42658,val,0,0.014475942746830093,5.830241e-06
C_42665,val,0,0.0028076480234739683,3.9466204e-06
C_42678,val,0,0.003294322711544172,1.9948625e-14
C_42688,val,0,0.1669150251687625,5.825582e-18
C_42692,val,0,0.0035551593519050906,2.2131217e-13
C_42700,val,0,0.3067670623138002,1.9261944e-07
C_42701,val,0,0.004259997191467582,3.1437627e-05
C_42709,val,0,0.09824986042249167,7.9463665e-05
C_42716,val,0,0.0029606414988464784,9.307173e-15
C_42722,val,0,0.0217214959909329,0.3105068
C_42742,val,0,0.0013268470101781196,9.233014e-08
C_42747,val,0,0.05266041989431614,2.421368e-07
C_42753,val,0,0.021750977820682475,0.11608853
C_42758,val,0,0.09653629648969933,4.7679123e-06
C_42787,val,0,0.7042238340117111,2.5370486e-05
C_42788,val,0,0.004197115565672536,9.3075336e-10
C_42798,val,0,0.31448797757043545,6.852643e-07
C_42802,val,0,0.00961558065400458,5.246802e-06
C_42809,val,0,0.009145848107276582,7.933253e-09
C_42822,val,0,0.10030148596969404,0.00214074
C_42824,val,0,0.2334007667715155,0.9819276
C_42851,val,0,0.2685767259789757,4.6098194e-06
C_42852,val,0,0.024634062206570734,5.9376254e-11
C_42853,val,0,0.004519827023603169,5.594667e-05
C_42860,val,0,0.16862376983349384,0.2994894
C_42862,val,0,0.009157565692579262,0.0012070754
C_42866,val,0,0.008678674201475839,2.1038175e-26
C_42867,val,0,0.07013752266109957,8.2222745e-05
C_42868,val,0,0.007583365218116303,1.9976842e-06
C_42873,val,0,0.015104272907976715,1.02078095e-13
C_42888,val,0,0.0035522118101037215,0.00010309445
C_42890,val,0,0.024075679749781025,8.492065e-10
C_42896,val,0,0.4866416338667072,0.30538374
C_42899,val,0,0.5097311520520641,6.913014e-05
C_42901,val,0,0.09086182901629059,0.5686909
C_42903,val,0,0.42071996820771074,0.74655265
C_42916,val,0,0.001827724610037232,2.1330031e-21
C_42925,val,0,0.1136127268346623,0.6804678
C_42938,val,0,0.012142622948301289,9.118282e-15
C_42950,val,0,0.0029195211390308576,4.5406742e-10
C_42951,val,0,0.017132684511295345,0.007317082
C_42954,val,0,0.03284413872758871,0.013576798
C_42964,val,0,0.547642155477214,0.008908331
C_42968,val,0,0.05287336184411897,0.6094732
C_42972,val,0,0.04556315089254611,0.17166346
C_42976,val,0,0.16526088297856056,4.8238206e-07
C_42983,val,0,0.28925134007059444,0.5956144
C_42988,val,0,0.887382387507832,0.98382366
C_42989,val,0,0.0028918359536165327,0.0016939233
C_42991,val,0,0.007312195763526873,4.019917e-05
C_42999,val,0,0.026188261629044328,4.19103e-05
C_43003,val,0,0.009383298429879802,2.426212e-12
C_43005,val,0,0.008432478467874626,0.036970373
C_43013,val,0,0.0038912086059815203,1.898853e-05
C_43014,val,0,0.009618504211661829,2.8022769e-14
C_43017,val,0,0.13432998845273805,0.0001246341
C_43030,val,0,0.09012355711164947,0.4931883
C_43034,val,0,0.11456572489852712,6.334634e-05
C_43042,val,0,0.025493151490944707,5.7783032e-05
C_43045,val,0,0.13604063859085913,0.0020356928
C_43046,val,0,0.051073108115088965,1.606454e-08
C_43049,val,0,0.0037598819270042746,1.5971524e-05
C_43050,val,0,0.003236595051124768,2.1644679e-08
C_43058,val,0,0.004018428204119727,0.00060335535
C_43080,val,0,0.018992549870908426,1.6444716e-08
C_43085,val,0,0.0190660613541844,1.3590634e-10
C_43088,val,0,0.0006830033921582468,0.5699876
C_43090,val,0,0.001016304400369815,6.5605535e-11
C_43092,val,0,0.00012256856011441764,0.031288944
C_43104,val,0,0.01461632329489612,6.8029224e-12
C_43112,val,0,0.3953639195093852,0.90733856
C_43123,val,0,0.0022074224439209444,7.405281e-15
C_43139,val,0,0.0024680521049573307,0.0002732182
C_43142,val,0,0.092720585995772,0.0059580407
C_43150,val,0,0.005600346895865897,4.457844e-11
C_43151,val,0,0.05033807815843881,3.1663389e-16
C_43155,val,0,0.12858153381233128,0.030425122
C_43158,val,0,0.04414070158636107,0.5973882
C_43166,val,0,0.004197115565672536,1.4772501e-05
C_43174,val,0,0.0032765120392957633,7.0528625e-07
C_43176,val,0,0.005236600938531021,8.662197e-05
C_43181,val,0,0.005596023145521771,0.001895725
C_43182,val,0,0.023165873959656774,0.07442432
C_43191,val,0,0.006059037914824987,7.657885e-06
C_43198,val,0,0.24698898207861314,0.44651988
C_43211,val,0,0.077770410207132,0.6256701
C_43215,val,0,0.05753562284980068,0.30647165
C_43219,val,0,0.017357906012603112,1.3236212e-10
C_43228,val,0,0.016221963400172557,2.5530699e-05
C_43243,val,0,0.02652889559499511,1.0976989e-11
C_43245,val,0,0.017289906279367752,0.18858947
C_43252,val,0,0.33913639411087654,3.6021518e-06
C_43256,val,0,0.08735992664563441,0.11439691
C_43260,val,0,0.01421242254050241,7.50695e-11
C_43264,val,0,0.14397356484426024,0.44033602
C_43271,val,0,0.2138409515509316,0.3703649
C_43279,val,0,0.005231516287636099,1.721393e-13
C_43283,val,0,0.015529417468050154,0.24348609
C_43294,val,0,0.218238047737008,0.00042967597
C_43308,val,0,0.020111887142762,3.5192115e-06
C_43324,val,0,0.005718100457589407,5.002832e-08
C_43326,val,0,0.0021083271185317666,0.21387422
C_43327,val,0,0.5255042653674576,0.5150049
C_43334,val,0,0.04053223878357878,0.0013801404
C_43336,val,0,0.2009557018592349,9.355084e-06
C_43342,val,0,0.00354565051924005,2.8355274e-09
C_43357,val,0,0.01770976528318184,1.9086902e-12
C_43363,val,0,0.0037598819270042746,2.0106132e-05
C_43367,val,0,0.020647643099486898,0.8709746
C_43375,val,0,0.20357051132281664,0.53102684
C_43380,val,0,0.15839448743161252,1.0865453e-09
C_43381,val,0,0.36284019466623113,1.5898538e-15
C_43384,val,0,0.002848490830566139,4.1181028e-10
C_43391,val,0,0.037160472981266165,0.00016274433
C_43396,val,0,0.028150881841454166,0.28394926
C_43398,val,0,0.0029325675248436127,5.2575135e-08
C_43400,val,0,0.04271767834384911,0.18664253
C_43404,val,0,0.00383424999858564,1.4719507e-16
C_43406,val,0,0.029557513976941056,4.3023236e-05
C_43407,val,0,0.8278441071488302,3.980155e-08
C_43409,val,0,0.5563176064568702,0.91002226
C_43415,val,0,0.011210367672847232,0.38090837
C_43433,val,0,0.011647623751183884,3.5078017e-07
C_43439,val,0,0.3546595130998157,0.87699324
C_43443,val,0,0.014575246722590307,9.643598e-06
C_43454,val,0,0.019077100643401464,0.06492635
C_43468,val,0,0.1574537533541107,1.6297543e-09
C_43479,val,0,0.40968569872777566,0.93006295
C_43480,val,0,0.026433855768940404,9.316704e-09
C_43484,val,0,0.07390764784151557,0.3064734
C_43499,val,0,0.002560604684685645,1.2758747e-10
C_43500,val,0,0.0647707429813224,2.7073968e-10
C_43509,val,0,0.7418552045682074,0.00062995247
C_43515,val,0,0.3914229534714927,0.47945014
C_43516,val,0,0.002383043684418522,5.8863607e-05
C_43518,val,0,0.14019506203500084,0.7013853
C_43530,val,0,0.005024150698540034,0.3281613
C_43539,val,0,0.004197798595175563,0.00026188602
C_43542,val,0,0.06267044830612273,0.021658229
C_43563,val,0,0.0028076480234739683,4.9142765e-14
C_43565,val,0,0.0038912086059815203,1.9588775e-05
C_43567,val,0,0.11405754869663445,0.67438346
C_43571,val,0,0.003920714682922612,0.000101140635
C_43578,val,0,0.002454597954351204,9.916701e-05
C_43579,val,0,0.005205259044140542,2.495949e-07
C_43584,val,0,0.0023698992099406937,0.41640046
C_43611,val,0,0.04859341119520402,0.6416139
C_43613,val,0,0.007463268634360629,0.0241006
C_43617,val,0,0.01356051058978037,0.17381673
C_43621,val,0,0.0032316403123403923,0.00013630874
C_43624,val,0,0.0029195211390308576,1.1668406e-13
C_43626,val,0,0.010844697739947761,3.734154e-05
C_43628,val,0,0.43008512266130067,0.3475103
C_43629,val,0,0.3039680423979432,0.538758
C_43631,val,0,0.02517214703810637,0.09739774
C_43635,val,0,0.011486742324638642,2.8090925e-08
C_43636,val,0,0.19305115370912293,0.7343948
C_43637,val,0,0.5397191132142704,0.97590804
C_43641,val,0,0.003925846517711307,0.021453312
C_43645,val,0,0.0075468048840892175,0.0012094935
C_43658,val,0,0.02056884215133115,0.030356025
C_43664,val,0,0.0664945882696573,0.1905702
C_43670,val,0,0.36077339542042397,0.8553827
C_43671,val,0,0.004501663676451288,1.0582558e-14
C_43678,val,0,0.033721779716595485,0.02533462
C_43684,val,0,0.0029195211390308576,1.40363345e-05
C_43687,val,0,0.002313147909625171,4.866482e-10
C_43691,val,0,0.002938243849543856,7.675516e-09
C_43693,val,0,0.13450058925123992,0.61657566
C_43694,val,0,0.22531565234180229,0.7912479
C_43703,val,0,0.016313894172081504,3.771161e-05
C_43707,val,0,0.0035332463495365085,2.1186744e-13
C_43709,val,0,0.31169609594159187,8.047647e-09
C_43711,val,0,0.0033731555464207776,2.4126644e-05
C_43714,val,0,0.022360197124692595,1.7196405e-06
C_43725,val,0,0.07379228502936898,0.00034601038
C_43726,val,0,0.00458635372484107,0.000103282
C_43745,val,0,0.3084354086731225,5.098206e-12
C_43748,val,0,0.004573852136997693,1.3034199e-05
C_43752,val,0,0.5735695431569905,2.336371e-06
C_43770,val,0,0.022726123146494578,0.003689286
C_43778,val,0,0.013791542877093489,0.28100708
C_43785,val,0,0.020654957933251002,2.5713311e-15
C_43788,val,0,0.0029195211390308576,4.982943e-07
C_43791,val,0,0.0029195211390308576,1.69352e-16
C_43804,val,0,0.012805225652733515,4.272649e-08
C_43813,val,0,0.05433196028421043,1.1959831e-07
C_43817,val,0,0.005307822828798283,1.2778467e-07
C_43821,val,0,0.38407083700793365,0.9205092
C_43828,val,0,0.0028076480234739683,6.7145564e-05
C_43831,val,0,0.005283402883135323,0.019648334
C_43832,val,0,0.1842744592334843,0.8802513
C_43850,val,0,0.05213808736681195,0.00023884235
C_43854,val,0,0.0181081734230452,9.2579085e-06
C_43856,val,0,0.007617552511605115,1.6558814e-05
C_43861,val,0,0.025539274755095917,0.25406608
C_43866,val,0,0.46633120365199365,0.53540057
C_43867,val,0,0.09972400063545885,0.58439445
C_43870,val,0,0.01806826020087746,9.1555177e-07
C_43874,val,0,0.0038174908034769037,4.4023204e-07
C_43881,val,0,0.001507646122280378,0.25009164
C_43892,val,0,0.02566709654223135,0.00023345927
C_43893,val,0,0.12305537511828796,0.010620081
C_43894,val,0,0.08271239886379818,0.8508823
C_43897,val,0,0.0046970358761317995,2.7090247e-05
C_43934,val,0,0.1497319987438726,6.018089e-06
C_43937,val,0,0.003938342441811399,2.2252972e-05
C_43940,val,0,0.019533914547223273,3.3521492e-06
C_43942,val,0,0.021481718702754355,1.0463509e-06
C_43953,val,0,0.11952147674630605,1.7422135e-08
C_43959,val,0,0.6405276381552899,0.9085781
C_43962,val,0,0.009255943130803676,7.852015e-11
C_43979,val,0,0.007353009212350164,0.00054375076
C_43989,val,0,0.07423905593410225,0.0003742024
C_43990,val,0,0.08313331793088102,0.25607362
C_43998,val,0,0.004197115565672536,4.4266217e-06
C_44002,val,0,0.3408887858915942,0.5240889
C_44016,val,0,0.0033731555464207776,2.2033464e-05
C_44020,val,0,0.0033731555464207776,2.4204352e-05
C_44030,val,0,0.0028076480234739683,3.998503e-06
C_44034,val,0,0.10244373258034081,0.6804585
C_44039,val,0,0.19474047436026537,0.9002379
C_44049,val,0,0.023176835834736446,4.043717e-05
C_44054,val,0,0.04939330029406631,0.44365302
C_44059,val,0,0.022761425573047382,0.0008225192
C_44064,val,0,0.0029195211390308576,8.241889e-16
C_44066,val,0,0.13330581507902534,0.00041398784
C_44074,val,0,0.04228880027376208,0.008397629
C_44075,val,0,0.005610641491006029,3.0208063e-05
C_44077,val,0,0.011812635109127872,1.6596287e-07
C_44081,val,0,0.051530986510095605,7.7899836e-07
C_44086,val,0,0.5633470228558469,0.9936615
C_44095,val,0,0.5159147076015134,0.11472255
C_44120,val,0,0.002010448479895162,1.8999261e-06
C_44122,val,0,0.07921969356503826,9.05969e-06
C_44125,val,0,0.05295310155342215,1.9345407e-08
C_44127,val,0,0.2283898030252227,4.9041e-17
C_44130,val,0,0.014678684042934789,6.121731e-05
C_44153,val,0,0.02036749206889525,6.8171068e-12
C_44154,val,0,0.016366322517880134,0.00018534163
C_44158,val,0,0.005068387992822094,1.6399805e-05
C_44177,val,0,0.003236595051124768,2.597739e-11
C_44192,val,0,0.26639855391004763,0.43633348
C_44198,val,0,0.00011054100464265269,0.004713857
C_44207,val,0,0.015535316380985988,0.3555924
C_44213,val,0,0.016054753879872097,2.1396842e-07
C_44232,val,0,0.03568215345763967,2.6805296e-06
C_44236,val,0,0.0012983936664107396,0.05417544
C_44237,val,0,0.0005015861997110955,0.5321672
C_44249,val,0,0.0017345122688326435,0.07986959
C_44252,val,0,0.05021926123879137,8.647482e-12
C_44255,val,0,0.002641556144337113,3.8803604e-12
C_44260,val,0,0.002848490830566139,5.9719796e-06
C_44274,val,0,0.004914209282503045,0.040614333
C_44279,val,0,0.007463268634360629,3.590051e-10
C_44281,val,0,0.16512822473855818,0.026165254
C_44296,val,0,0.06053648947369977,0.6191542
C_44297,val,0,0.08197430096868338,0.023381522
C_44299,val,0,0.0037598819270042746,1.9815596e-05
C_44307,val,0,0.011440509476606473,0.124079846
C_44309,val,0,0.23059967984994237,0.472218
C_44317,val,0,0.005205259044140542,2.3748617e-05
C_44323,val,0,0.01961542194088129,0.0014392869
C_44335,val,0,0.009380272036567529,1.1030725e-05
C_44362,val,0,0.02838182963423346,0.11391146
C_44367,val,0,0.0028076480234739683,1.0440004e-12
C_44372,val,0,0.01021139137916478,3.3593205e-05
C_44376,val,0,0.015900839182856466,1.1793937e-06
C_44378,val,0,0.009720658353414074,3.3955093e-05
C_44383,val,0,0.010230376942413192,4.7954054e-06
C_44385,val,0,0.35656672074031076,4.1605535e-06
C_44388,val,0,0.026419643933533517,0.3307467
C_44392,val,0,0.018653588005371518,0.033432458
C_44408,val,0,0.46790094966657353,0.8734385
C_44418,val,0,0.07056329433727464,1.30049575e-05
C_44421,val,0,0.012236979744664716,0.01567841
C_44426,val,0,0.006767732434668053,3.38343e-05
C_44431,val,0,0.005917675340739698,0.00015557863
C_44434,val,0,0.09021438666086666,0.011586336
C_44437,val,0,0.002641556144337113,5.6181336e-12
C_44446,val,0,0.15020673815322677,3.0033894e-14
C_44451,val,0,0.7692211056032331,0.8591644
C_44460,val,0,0.5062161500211773,0.22988455
C_44465,val,0,0.11033319248292445,0.20196292
C_44474,val,0,0.08969431340302783,0.038589522
C_44477,val,0,0.08816156319094151,0.02377029
C_44482,val,0,0.0017279409352243436,5.331417e-10
C_44493,val,0,0.003145968998746205,3.3346092e-05
C_44495,val,0,0.02485166265544209,0.07020751
C_44496,val,0,0.0054113536500925985,2.6910517e-05
C_44501,val,0,0.015114959041356584,8.402664e-09
C_44503,val,0,0.0028076480234739683,5.0538127e-13
C_44512,val,0,0.007454242023887967,0.22614755
C_44513,val,0,0.005200302637151401,3.1557024e-09
C_44517,val,0,0.054599107250471554,0.05742602
C_44533,val,0,0.0032251200484468634,5.408876e-05
C_44555,val,0,0.0007351704780624519,3.6086423e-10
C_44557,val,0,0.022160072013127398,7.406479e-08
C_44561,val,0,0.0030755851023005487,0.13423751
C_44568,val,0,0.005205259044140542,6.9543204e-12
C_44574,val,0,0.012167916057714065,1.4456616e-10
C_44575,val,0,0.003714307860695948,0.009261238
C_44585,val,0,0.00483810517859926,0.028779807
C_44589,val,0,0.11105839552381416,0.8471698
C_44599,val,0,0.046596626610436086,0.021714918
C_44607,val,0,0.012471020523639895,1.5193443e-09
C_44610,val,0,0.35684609838420633,0.4812118
C_44628,val,0,0.24521421721751777,4.5061394e-13
C_44629,val,0,0.0035551593519050906,1.0215921e-15
C_44638,val,0,0.06717045195212733,1.1093971e-06
C_44662,val,0,0.10968096361934528,8.752738e-06
C_44666,val,0,0.07798622832917637,1.8615545e-12
C_44668,val,0,0.08839376439555119,0.70281124
C_44675,val,0,0.07138703272900887,0.45094103
C_44677,val,0,0.004573852136997693,1.3679581e-05
C_44684,val,0,0.12135044397670668,0.0001449634
C_44702,val,0,0.0028076480234739683,4.2158732e-10
C_44707,val,0,0.005216213556276695,5.2139934e-19
C_44713,val,0,0.02229728947790779,4.1409413e-07
C_44714,val,0,0.0030755851023005487,0.11574692
C_44716,val,0,0.003878728550058611,4.99111e-05
C_44722,val,0,0.004197115565672536,1.2787225e-14
C_44728,val,0,0.02687611470380714,9.412166e-05
C_44734,val,0,0.013383337867637991,1.3615857e-17
C_44744,val,0,0.0011207435037993093,0.013909663
C_44753,val,0,0.20256510293677335,2.3311722e-14
C_44763,val,0,0.2056062885966274,8.655522e-11
C_44767,val,0,0.0075468048840892175,9.382492e-08
C_44783,val,0,0.0029195211390308576,7.287029e-14
C_44785,val,0,0.004197115565672536,1.0028363e-06
C_44786,val,0,0.45261899890188756,5.3938977e-05
C_44791,val,0,0.005231516287636099,1.6082902e-12
C_44795,val,0,0.5739907960554189,0.00086455874
C_44799,val,0,0.32260741372533674,1.4062446e-16
C_44800,val,0,0.005549837876366985,4.5526116e-23
C_44801,val,0,0.004018428204119727,6.653412e-05
C_44811,val,0,0.06439270947206102,1.1484559e-11
C_44825,val,0,0.04119534052719771,0.0044490346
C_44832,val,0,0.0029606414988464784,2.7334058e-06
C_44838,val,0,0.017182010958306963,0.21009338
C_44849,val,0,0.05213808736681195,1.1495714e-11
C_44853,val,0,0.25342144437457986,0.57834715
C_44862,val,0,0.1319995242162715,0.8584605
C_44868,val,0,0.017335040295628882,0.14278857
C_44871,val,0,0.5013643323371016,3.4167502e-10
C_44876,val,0,0.0019562194975353444,1.5226472e-06
C_44879,val,0,0.003938342441811399,2.3757677e-05
C_44882,val,0,0.003183086751944975,0.298148
C_44885,val,0,0.001028331337653855,0.0022907709
C_44891,val,0,0.004623577147423107,4.1722045e-10
C_44913,val,0,0.0037278834727481804,6.325644e-08
C_44915,val,0,0.7140437899032073,0.020472609
C_44916,val,0,0.003557581943393071,1.7496377e-14
C_44917,val,0,0.0010602851981166468,0.83744717
C_44921,val,0,0.0028076480234739683,1.1070593e-08
C_44922,val,0,0.1465176734938281,4.44588e-06
C_44923,val,0,0.0028076480234739683,1.6674988e-17
C_44935,val,0,0.004573852136997693,1.3280755e-05
C_44936,val,0,0.02199631398696465,0.6875762
C_44940,val,0,0.01588759744645003,0.0015278049
C_44942,val,0,0.0029195211390308576,1.043036e-05
C_44945,val,0,0.002847600855704618,2.4581007e-08
C_44947,val,0,0.018678351251818395,0.0016182284
C_44948,val,0,0.017552067349956412,0.009107951
C_44950,val,0,0.028553611455272087,9.702765e-08
C_44951,val,0,0.0019913110877488624,6.8589836e-09
C_44952,val,0,0.03358289330719512,1.4827421e-17
C_44955,val,0,0.29896902409163223,2.8411251e-09
C_44962,val,0,0.5678742451980144,7.549488e-09
C_44963,val,0,0.37103934421970886,0.006457659
C_44970,val,0,0.010630188012125561,0.22163363
C_44971,val,0,0.2535207576919806,0.00021178032
C_44976,val,0,0.42833813870784,0.005624259
C_44980,val,0,0.0029325675248436127,6.856487e-05
C_44992,val,0,0.08857104632619256,1.7837841e-08
C_44995,val,0,0.055899436671137934,0.09604694
C_44996,val,0,0.23039847424108423,0.033762477
C_44997,val,0,0.010053681464746028,0.0019048189
C_45006,val,0,0.0032768169308819424,4.444469e-09
C_45025,val,0,0.07860796082408289,0.015509123
C_45026,val,0,0.006722722960004509,4.027776e-05
C_45038,val,0,0.08428292617740613,0.0002699688
C_45048,val,0,0.0028893507572880558,5.22896e-05
C_45054,val,0,0.025779278728788112,1.7114768e-07
C_45076,val,0,0.14892132106488906,0.16112521
C_45084,val,0,0.0010826347731782429,6.8545314e-18
C_45088,val,0,0.0049733861207032545,1.3953268e-10
C_45096,val,0,0.010876659109409914,1.1771016e-08
C_45099,val,0,0.004987576027806759,0.4360361
C_45102,val,0,0.0019229688154675131,0.020995699
C_45108,val,0,0.002971070285660814,0.00025775118
C_45111,val,0,0.003692922961050301,0.23824394
C_45113,val,0,0.10269154139544746,5.8332613e-08
C_45120,val,0,0.0038608465473138876,0.005995699
C_45135,val,0,0.08218858699813295,2.778063e-10
C_45137,val,0,0.530821966087902,1.8306491e-05
C_45138,val,0,0.010876659109409914,7.424693e-13
C_45141,val,0,0.08484643734079703,9.937294e-08
C_45145,val,0,0.02036570340347702,2.6461984e-14
C_45147,val,0,0.0027810207476016576,2.0885625e-13
C_45150,val,0,0.23492106639396826,5.8875732e-05
C_45162,val,0,0.01356477709538028,0.5749619
C_45163,val,0,0.3317981545984092,5.6806416e-06
C_45164,val,0,0.011678665613691231,1.1814944e-06
C_45166,val,0,0.0026587542683908644,2.3555614e-07
C_45167,val,0,0.06831555588645419,5.3980755e-05
C_45178,val,0,0.035911731905779974,2.1502457e-13
C_45184,val,0,0.04688773148930288,3.00767e-07
C_45187,val,0,0.004776856326079389,0.00020805837
C_45188,val,0,0.009397262912556678,0.021796916
C_45190,val,0,0.14743568025146978,0.0008822537
C_45192,val,0,0.024251950917172714,0.50777185
C_45200,val,0,0.04262069906113372,0.272925
C_45207,val,0,0.0018528347985991489,8.4821945e-09
C_45208,val,0,0.002723535633326907,9.431187e-08
C_45210,val,0,0.3923357738278266,6.567124e-08
C_45213,val,0,0.15578151493399703,0.472407
C_45221,val,0,0.0024586003083125712,1.7243934e-05
C_45229,val,0,0.0032316403123403923,5.8501024e-07
C_45238,val,0,0.7223879771967355,0.8536741
C_45247,val,0,0.06804713470962157,0.09706467
C_45267,val,0,0.0023878030193823178,2.218422e-09
C_45270,val,0,0.0029325675248436127,5.6378076e-09
C_45272,val,0,0.18002810680675213,0.0011716959
C_45282,val,0,0.025725878071574747,0.001991701
C_45284,val,0,0.00426198337790754,8.1736565e-14
C_45290,val,0,0.19014831650810723,0.58363074
C_45295,val,0,0.013030087819155623,1.7373096e-11
C_45296,val,0,0.018497295293374353,3.075676e-05
C_45315,val,0,0.07074952044735217,0.00044924606
C_45317,val,0,0.8616277772613379,0.8184942
C_45325,val,0,0.0027276595805391436,1.9692861e-06
C_45346,val,0,0.0047575560331132504,2.7873471e-05
C_45353,val,0,0.005524451380982106,0.5868601
C_45356,val,0,0.003294322711544172,2.2506035e-09
C_45362,val,0,0.024064886173316234,0.94965225
C_45370,val,0,0.0022625032654746175,7.3044557e-06
C_45372,val,0,0.015251673418091218,7.8139567e-07
C_45384,val,0,0.005216213556276695,0.00031773228
C_45387,val,0,0.07186607135678055,0.78696406
C_45394,val,0,0.0020694277259312817,1.3433103e-06
C_45399,val,0,0.08900559629728608,0.6094196
C_45402,val,0,0.014623666247144994,2.1373669e-08
C_45414,val,0,0.0037598819270042746,1.4221875e-05
C_45415,val,0,0.0091502092482084,0.0015530393
C_45416,val,0,0.3784324244748786,0.0013583099
C_45420,val,0,0.010976104491816028,5.1627553e-06
C_45428,val,0,0.023923543962098656,1.1347365e-06
C_45433,val,0,0.215406241466704,0.19757134
C_45437,val,0,0.001604127714216393,0.015248213
C_45444,val,0,0.008420953510319054,3.9014455e-07
C_45446,val,0,0.002848490830566139,3.8119763e-12
C_45447,val,0,0.006082127689912981,0.110677704
C_45457,val,0,0.06815728279023214,0.00871323
C_45463,val,0,0.10042850208870822,0.025258796
C_45467,val,0,0.0031204514160375597,0.069906466
C_45475,val,0,0.056146974131989616,0.00095788785
C_45484,val,0,0.005216213556276695,3.0568152e-09
C_45485,val,0,0.06646479718990567,3.721095e-23
C_45492,val,0,0.0028076480234739683,7.4587873e-13
C_45494,val,0,0.36599027857608524,0.78491795
C_45496,val,0,0.04913032496796011,0.72585565
C_45501,val,0,0.0012934314447886146,6.6370106e-08
C_45509,val,0,0.0032316403123403923,9.509482e-10
C_45517,val,0,0.003294322711544172,0.0021593093
C_45520,val,0,0.004018428204119727,0.00051648094
C_45522,val,0,0.023985028028599396,0.005800956
C_45532,val,0,0.014019136681417764,6.6208206e-10
C_45540,val,0,0.01052368381966272,0.1395468
C_45558,val,0,0.7798934860867965,0.7060491
C_45560,val,0,0.004413586225575882,0.31333822
C_45571,val,0,0.4264112837313761,4.6140095e-10
C_45573,val,0,0.004152692780641034,2.2787584e-05
C_45601,val,0,0.005017342781041877,4.3622267e-06
C_45606,val,0,0.0029606414988464784,9.555138e-06
C_45625,val,0,0.004197115565672536,7.998374e-07
C_45631,val,0,0.043908893999488906,0.68622804
C_45634,val,0,0.0027455818216597302,7.668592e-21
C_45635,val,0,0.01664988545178168,6.0291456e-09
C_45645,val,0,0.015888389211047946,0.47248563
C_45658,val,0,0.07398556687633719,0.91697586
C_45661,val,0,0.36581498868695134,0.2686847
C_45663,val,0,0.5790768653397901,8.414733e-11
C_45677,val,0,0.006802814484258352,2.2186585e-05
C_45681,val,0,0.06866031506637524,0.9207265
C_45688,val,0,0.6141560224398374,0.00076400145
C_45699,val,0,0.5663213430694485,1.6037138e-12
C_45717,val,0,0.020289453823535922,3.9682916e-05
C_45724,val,0,0.0360060420668328,0.15356843
C_45733,val,0,0.008315528846212065,0.02061645
C_45742,val,0,0.0064640105116825376,0.025959758
C_45759,val,0,0.6116899591160267,0.85804963
C_45762,val,0,0.04753206225171361,0.36047333
C_45767,val,0,0.6111267088283929,6.972423e-06
C_45784,val,0,0.0006859850735515496,2.4964658e-07
C_45792,val,0,0.0076258646405332545,2.9979308e-05
C_45798,val,0,0.0034545498496775747,3.2120847e-06
C_45805,val,0,0.017356692659131118,0.18443632
C_45809,val,0,0.07881834343049013,0.07410052
C_45816,val,0,0.013951064555735537,6.6304325e-05
C_45825,val,0,0.0014300514516285704,1.7282084e-14
C_45834,val,0,0.011112353264121374,1.4235605e-06
C_45843,val,0,0.05735406606700092,0.010978671
C_45848,val,0,0.27860145126347635,0.8579257
C_45856,val,0,0.07691875615814853,0.41051352
C_45866,val,0,0.2633656650297686,4.4246656e-10
C_45879,val,0,0.0005762854581633383,0.9428037
C_45885,val,0,0.12545580731472863,0.7553438
C_45888,val,0,0.003547958959299006,3.6668307e-06
C_45900,val,0,0.13718927141238443,0.99985063
C_45903,val,0,0.07321489444814672,0.88603604
C_45906,val,0,0.2320973388159606,0.9275643
C_45909,val,0,0.5647619512920872,0.92560756
C_45910,val,0,0.21723620427336787,4.0887753e-05
C_45911,val,0,0.04499550316894447,0.14040865
C_45912,val,0,0.055885533802199884,0.15450563
C_45913,val,0,0.7412118778178454,0.8215496
C_45916,val,0,0.0062101878626205816,0.00028698155
C_45920,val,0,0.019077786969640995,3.502147e-06
C_45926,val,0,0.07494001311553443,0.92214894
C_45930,val,0,0.15595181979644632,0.6471386
C_45931,val,0,0.0025198928971599042,9.983503e-06
C_45939,val,0,0.06040131622012168,2.3803427e-08
C_45942,val,0,0.0019572986103319886,2.571444e-06
C_45945,val,0,0.024611513444246506,8.843485e-09
C_45958,val,0,0.024942188407974422,0.29400894
C_45962,val,0,0.007463268634360629,2.8914636e-05
C_45968,val,0,0.0029606414988464784,1.1275249e-09
C_45980,val,0,0.004868804881348233,2.0953446e-06
C_45986,val,0,0.002723535633326907,2.2476839e-07
C_45988,val,0,0.5385125206304932,1.9955192e-12
C_45992,val,0,0.053166015541266556,0.0017249985
C_46386,val,1,0.997617770192864,0.9997209
C_46387,val,1,0.9953921000490957,0.9999523
C_46388,val,1,0.9965920905816466,1.0
C_46389,val,1,0.9977841600874122,1.0
C_46390,val,1,0.9980960759720084,1.0
C_46391,val,1,0.9987034547442468,0.99999833
C_46392,val,1,0.9979023861516305,0.99999976
C_46393,val,1,0.9953864837877169,0.99999976
C_46394,val,1,0.9980869371499441,0.9989072
C_46395,val,1,0.9978292689078622,0.9999825
C_46396,val,1,0.9959742063602054,0.999984
C_46397,val,1,0.9971394398012801,0.9999863
C_46398,val,1,0.9971128505830372,0.9999964
C_46399,val,1,0.997278063206066,0.99999666
C_46400,val,1,0.9958635735238887,0.9999982
C_46401,val,1,0.9966543396158742,0.9999939
C_46402,val,1,0.9983175151559338,0.9999913
C_46403,val,1,0.9978370864960601,0.99990416
C_46404,val,1,0.974927066522849,0.99998426
C_46405,val,1,0.9984308568239888,1.0
C_46406,val,1,0.9935022440570149,1.0
C_46407,val,1,0.9985417383670336,0.9999974
C_46408,val,1,0.997770855029542,0.9999783
C_46409,val,1,0.9966556757814726,0.99998164
C_46410,val,1,0.9969472501761398,0.99999666
C_46411,val,1,0.9949823040005378,0.99998724
C_46412,val,1,0.9979971613224435,0.99980384
C_46413,val,1,0.9981225840897026,1.0
C_46414,val,1,0.3359020029625965,0.84124285
C_46415,val,1,0.15058905743990897,0.7897849
C_46416,val,1,0.22344148069722644,0.6134097
C_46417,val,1,0.9016969077545978,0.9992398
C_46418,val,1,0.342627246453627,0.999987
C_46419,val,1,0.9480430311047707,0.99939156
C_46420,val,1,0.19938083684392252,0.8096729
C_46421,val,1,0.5322105478720653,0.9999995
C_46422,val,1,0.9249938716305754,0.8900596
C_46423,val,1,0.3391598424550289,0.8795428
C_46424,val,1,0.384272685620485,0.991161
C_46425,val,1,0.15362349749299536,0.9985455
C_46426,val,1,0.6082391759244202,0.9804207
C_46427,val,1,0.20324462280690261,0.6796604
C_46428,val,1,0.12094291942929311,0.72307044
C_46429,val,1,0.9691997821396624,0.99952424
C_46430,val,1,0.22018401452737163,0.6246495
C_46431,val,1,0.16455341001401633,0.43178114
C_46432,val,1,0.022977446885748473,0.74339056
C_46433,val,1,0.18180686525073525,0.823028
C_46434,val,1,0.16371657099253756,0.29440838
C_46435,val,1,0.3868257695753448,0.819334
C_46436,val,1,0.7604764245532686,0.95136106
C_46437,val,1,0.8537599286821479,0.9998481
C_46438,val,1,0.5156892412857853,0.9560188
C_46439,val,1,0.7805555671961614,0.955893
C_46440,val,1,0.327789081275112,0.81630826
C_46441,val,1,0.17767276817673092,0.89210975
C_46442,val,1,0.19004335490915036,0.9999796
C_46443,val,1,0.5358782117857345,0.96715933
C_46444,val,1,0.8362556061271545,0.999471
C_46445,val,1,0.10461474518720816,0.88800204
C_46446,val,1,0.7705264279110243,0.9989097
C_46447,val,1,0.8621934646385886,0.9999995
C_46448,val,1,0.18802053532074967,0.809982
C_46449,val,1,0.1473429098576965,0.98872584
C_46450,val,1,0.6280720469819578,0.92825735
C_46451,val,1,0.25836234651896,0.8766369
C_46452,val,1,0.6545982452579798,0.9709801
C_46453,val,1,0.0644380460704618,0.09020489
C_46454,val,1,0.8657216398257378,0.9999715
C_46455,val,1,0.40815597497876027,0.8739304
C_46456,val,1,0.3258169679746306,0.97888386
C_46457,val,1,0.5977739412067062,0.8162575
C_46458,val,1,0.5324053381986352,0.9999559
C_46459,val,1,0.9744611703379966,0.84543395
C_46460,val,1,0.6461741865975215,0.563051
C_46461,val,1,0.27091523462614353,0.7654267
C_46462,val,1,0.9302190443439952,0.99984443
C_46463,val,1,0.8660384575123036,0.79456604
C_46464,val,1,0.13587677711452809,0.9982443
C_46465,val,1,0.7439954238794849,0.9873318
C_46466,val,1,0.8550182926858125,0.86840445
C_46467,val,1,0.4413748280007456,0.9987931
C_46468,val,1,0.8920638611652748,0.89374447
C_46469,val,1,0.8562141220001848,0.9977093
C_46470,val,1,0.9339800040598619,0.9689577
C_46471,val,1,0.7513166666685993,0.9241981
C_46472,val,1,0.9208116140569458,0.9994593
C_46473,val,1,0.9200716621665428,0.91587466
C_46474,val,1,0.9448372602657751,0.99943846
C_46475,val,1,0.9680943273217536,0.93232924
C_46476,val,1,0.915141666667775,0.9946248
C_46477,val,1,0.9635004265528819,0.97642493
C_46478,val,1,0.977403620824796,0.95588154
C_46479,val,1,0.2356800910621243,0.8890153
C_46480,val,1,0.8538818410011648,0.9160444
C_46481,val,1,0.5622077041053296,0.95269346
C_46482,val,1,0.9841135518109502,0.97991633
C_46483,val,1,0.7358054086038559,0.92546904
C_46484,val,1,0.9590639234735979,0.9931938
C_46485,val,1,0.500235149255379,0.87827075
C_46486,val,1,0.9863842000797542,0.97180766
C_46487,val,1,0.14536337592503606,0.10812166
C_46488,val,1,0.8098930462400832,0.8791214
C_46489,val,1,0.29423403300801976,0.96311814
C_46490,val,1,0.3999792045174539,0.9399508
C_46491,val,1,0.7008967817497526,0.98777163
C_46492,val,1,0.3729209775734223,0.73139524
C_46493,val,1,0.8593514182963826,0.9931335
C_46494,val,1,0.41009509790876747,0.8436761
C_46495,val,1,0.2453288944761912,0.15437102
C_47178,val,1,0.9662957032955363,0.9779459
C_47179,val,1,0.30912022860592625,0.77573454
C_47180,val,1,0.8392072865212175,0.81284684
C_47181,val,1,0.9861292502783016,0.99999654
C_47182,val,1,0.9618973276127255,0.7942748
C_47183,val,1,0.49103950446271494,0.74964255
C_47184,val,1,0.7394704925468674,0.8479525
C_47185,val,1,0.41412910579118634,0.8062428
C_47186,val,1,0.9733164754977115,0.9721452
C_47187,val,1,0.9616138017459758,0.982518
C_47188,val,1,0.8625040810658027,0.81198543
C_47189,val,1,0.9456533198701611,0.94290125
C_47190,val,1,0.7803602439295613,0.89479995
C_47191,val,1,0.715555524954866,0.77873135
C_47192,val,1,0.9124749137616688,0.9731983
C_47193,val,1,0.7888431359058689,0.9552841
C_47194,val,1,0.8466455963969428,0.91845244
C_47195,val,1,0.8558631290517462,0.82508314
C_47196,val,1,0.7106050166117875,0.93129987
C_47197,val,1,0.7640540471148963,0.99416745
C_47198,val,1,0.9785110590142416,0.9905335
C_47199,val,1,0.7824707402557487,0.97944564
C_47200,val,1,0.3761841776406795,0.26570725
C_47201,val,1,0.8330675270811806,0.78421277
C_47202,val,1,0.7205588351755745,0.9461285
C_47203,val,1,0.909607851428608,0.98755103
C_47204,val,1,0.05668589931347432,0.046381354
C_47205,val,1,0.9103241833928165,0.9629407
C_47206,val,1,0.7640540471148963,0.99536055
C_47207,val,1,0.9505934851703759,0.9385097
C_47208,val,1,0.9580724365682527,0.9549071
C_47209,val,1,0.8852958295321105,0.8835814
C_47210,val,1,0.8984874142175502,0.8691394
C_47211,val,1,0.9729176765530806,0.9969579
C_47212,val,1,0.6060715235994926,0.42845115
C_47213,val,1,0.9453031755718542,0.7558477
C_47214,val,1,0.9519398330722139,0.9982439
C_47215,val,1,0.7837256406135394,0.6585929
C_47216,val,1,0.031024732104095277,0.06980776
C_47217,val,1,0.8451481527276353,0.6296517
C_47218,val,1,0.9050737186385842,0.8021866
C_47219,val,1,0.8601605042142604,0.8777923
C_47220,val,1,0.8034731306855493,0.9233965
C_47458,val,1,0.17338749674505094,0.6982545
C_47459,val,1,0.1438951335250883,0.023170639
C_47460,val,1,0.272941283215994,0.028738648
C_47461,val,1,0.05746466762930615,0.0059676273
C_47462,val,1,0.11757585390548934,0.23255329
C_47463,val,1,0.10594544304903322,0.8061406
C_47464,val,1,0.06233801679505295,0.0147977695
C_47465,val,1,0.4450873106148566,0.8682926
C_47466,val,1,0.07894878064830053,0.15256299
C_47467,val,1,0.7218137030729517,0.92686313
C_47468,val,1,0.007354203540159013,0.02373188
C_47469,val,1,0.005969429314095523,0.02563145
C_47470,val,1,0.09917637376351904,0.8901398
C_47471,val,1,0.1998259384641631,0.78133255
C_47472,val,1,0.08998533630411137,0.017780332
C_47473,val,1,0.6310375637553598,0.75732327
C_47474,val,1,0.06325370712899904,0.014687175
C_47475,val,1,0.6722915021467728,0.99766976
C_47476,val,1,0.5264836262134515,0.9942059
C_47927,val,1,0.8367949580174027,1.0
C_47928,val,1,0.7581773879899354,1.0
C_47929,val,1,0.2446870986730125,0.9999974
C_47930,val,1,0.022140622062332912,0.9999871
C_47931,val,1,0.9885660022281686,1.0
C_47932,val,1,0.2891313553054171,1.0
C_47933,val,1,0.3090601354361367,0.9999976
C_47934,val,1,0.8553443970385333,1.0
C_47935,val,1,0.21709549009474519,1.0
C_47936,val,1,0.2571213582402031,0.99999976
C_47937,val,1,0.821905192746746,0.99999976
C_47938,val,1,0.29531690804748767,1.0
C_47939,val,1,0.5993729994452676,0.99999964
C_47940,val,1,0.405538549273386,0.9999988
C_47941,val,1,0.77340654082102,1.0
C_47942,val,1,0.6495303431576543,1.0
C_47943,val,1,0.07444796002347104,0.9999857
C_47944,val,1,0.8906007957200115,1.0
C_47945,val,1,0.9876391891959556,1.0
C_47946,val,1,0.815977209805902,1.0
C_47947,val,1,0.5604167221419576,0.9999999
C_47948,val,1,0.3972333989821022,0.99999905
C_47949,val,1,0.628548950622763,0.9999976
C_47950,val,1,0.4444690194218074,1.0
C_47951,val,1,0.16776790957075782,0.9999963
C_47952,val,1,0.9149159674818873,1.0
C_47953,val,1,0.838436332123399,1.0
C_47954,val,1,0.923848151176619,0.9999999
C_47955,val,1,0.8855792211637891,0.9999994
C_47956,val,1,0.8149351449764604,0.9999988
C_47957,val,1,0.2446411932384083,0.999998
C_47958,val,1,0.744644518824005,1.0
C_47959,val,1,0.5751788061866708,0.99999964
C_47960,val,1,0.20941963273845549,0.99999833
C_47961,val,1,0.7008020082794085,0.9999999
C_47962,val,1,0.6597145450590777,0.99999917
C_47963,val,1,0.8036096008964724,0.9999994
C_47964,val,1,0.9857334319273812,1.0
C_47965,val,1,0.9585205231519859,0.9999995
C_47966,val,1,0.27505414211264123,0.99999976
C_47967,val,1,0.3983749013835003,1.0
C_48189,val,1,0.8743509410543494,0.9471364
C_48190,val,1,0.9639358011366332,0.7200349
C_48191,val,1,0.7345248711180719,0.9405453
C_48192,val,1,0.5533543616799994,0.82870495
C_48193,val,1,0.9039284516751678,0.8279888
C_48194,val,1,0.1690462758958955,0.47882056
C_48195,val,1,0.36504554546011575,0.71064687
C_48196,val,1,0.8968619582081824,0.9454314
C_48197,val,1,0.2505937833390607,0.24196212
C_48198,val,1,0.47029984789808255,0.34629092
C_48199,val,1,0.9775055864801592,0.3139055
C_48200,val,1,0.9658299762702615,0.9465093
C_48201,val,1,0.021596886036220724,0.219541
C_48202,val,1,0.8683120959386365,0.93552256
C_48203,val,1,0.22456618944629558,0.7803292
C_48204,val,1,0.3464228509780746,0.8882503
C_48205,val,1,0.7833752034849764,0.9843684
C_48206,val,1,0.9948908755252583,0.9654205
C_48207,val,1,0.1858890849952416,0.45572954
C_48208,val,1,0.964992422797644,0.9990088
C_48209,val,1,0.9734541959905633,0.9713813
C_48210,val,1,0.048521136034276546,0.21572793
C_48211,val,1,0.04003330274887966,0.008715314
C_48212,val,1,0.4152286642122172,0.46693665
C_48213,val,1,0.026174541879275797,0.8527476
C_48214,val,1,0.07522376236642483,0.37482026
C_48215,val,1,0.5085488097077039,0.6180097
C_48216,val,1,0.8511250932255772,0.9085364
C_48217,val,1,0.7128936057226987,0.56229013
C_48218,val,1,0.18258414666379982,0.01486191
C_48219,val,1,0.781791834429322,0.55463475
C_48220,val,1,0.2855298843556541,0.5166808
C_48285,val,1,0.9673088869727627,1.0
C_48286,val,1,0.940150496825446,1.0
C_48287,val,1,0.7297497827139904,1.0
C_48288,val,1,0.9600161829179984,1.0
C_48289,val,1,0.940150496825446,1.0
C_48290,val,1,0.9673088869727627,1.0
C_48291,val,1,0.9673088869727627,1.0
C_48292,val,1,0.9272549419201753,1.0
C_48293,val,1,0.8662036133804737,1.0
C_48294,val,1,0.8719382427849339,0.99685246
C_48295,val,1,0.9673088869727627,1.0
C_48296,val,1,0.9272549419201753,1.0
C_48297,val,1,0.9673088869727627,1.0
C_48298,val,1,0.8662036133804737,1.0
C_48299,val,1,0.8624156879692111,1.0
C_48300,val,1,0.9673088869727627,1.0
C_48301,val,1,0.9673088869727627,1.0
C_48302,val,1,0.7297497827139904,1.0
C_48303,val,1,0.8356980158247479,1.0
C_48304,val,1,0.940150496825446,1.0
C_48408,val,1,0.5383273655377062,0.8801251
C_48409,val,1,0.9470995079797716,0.93606275
C_48410,val,1,0.853197264206082,0.91212773
C_48411,val,1,0.850056775139382,0.93609035
C_48412,val,1,0.5698057323034419,0.7806933
C_48413,val,1,0.16628417411868793,0.86894524
C_48414,val,1,0.8314674490838219,0.9276152
C_48415,val,1,0.9766127130627349,0.9996804
C_48416,val,1,0.9426996485686687,0.9999939
C_48417,val,1,0.9169928803052948,0.96884894
C_48418,val,1,0.5012593845696377,0.9606705
C_48419,val,1,0.7704199379804685,0.9999999
C_48420,val,1,0.7644106049814462,0.97187275
C_48421,val,1,0.982743154086082,0.99893934
C_48422,val,1,0.24937324759980717,0.9830457
C_48423,val,1,0.968323075882931,0.8390296
C_48424,val,1,0.9868769238424221,0.98969495
C_48425,val,1,0.9481626832438773,0.9610863
C_48426,val,1,0.4932012603400804,0.99998665
C_48427,val,1,0.21541961983898208,0.70232004
C_48428,val,1,0.9365588261992992,0.6295
C_48429,val,1,0.5556474096177288,0.7787642
C_48430,val,1,0.9020101252958566,0.99996877
C_48431,val,1,0.9118811537928905,0.98112637
C_48432,val,1,0.9385164009103758,0.9919676
C_48433,val,1,0.4739086932062532,0.94994324
C_48434,val,1,0.8822268233869694,0.98452944
C_48435,val,1,0.6922718614737428,0.90210754
C_48436,val,1,0.9904301596197229,0.9316704
C_48437,val,1,0.9917196245790054,0.99291635
C_48438,val,1,0.9768214514917574,0.971951
C_48439,val,1,0.7663836877200025,0.95741284
C_48440,val,1,0.9130294065005812,0.9876436
C_48441,val,1,0.6955237650746724,0.9853397
C_48442,val,1,0.7484418491084238,0.99994826
C_48443,val,1,0.9122478055840794,0.9268995
C_48444,val,1,0.951817577477648,0.9895745
C_48445,val,1,0.7583004336421226,0.93517846
C_48446,val,1,0.8360985161532876,0.9990195
C_48447,val,1,0.8493278159716043,0.9751912
C_48448,val,1,0.9620698877071587,0.99999034
C_48449,val,1,0.5104566025381252,0.9998229
C_48450,val,1,0.21291098320835164,0.82999736
C_48451,val,1,0.42343738157661753,0.8849087
C_48452,val,1,0.8689452999805137,0.9904171
C_48453,val,1,0.47589643579527735,0.81050396
C_48454,val,1,0.29519047707718743,0.8964528
C_48694,val,1,0.5992662708384144,0.99999833
C_48695,val,1,0.5076627164330866,0.9999987
C_48696,val,1,0.9292390305881709,0.99999774
C_48697,val,1,0.7806057261965148,0.9999968
C_48698,val,1,0.6131109323173088,0.99999726
C_48699,val,1,0.8991775483133387,0.9999993
C_48700,val,1,0.87204580274865,0.9999995
C_48701,val,1,0.8481903975800517,0.99999774
C_48702,val,1,0.14153137131284205,0.99998903
C_48703,val,1,0.49648187970155533,0.99999964
C_48704,val,1,0.7325034777963083,0.99999845
C_48705,val,1,0.09696107560880235,0.99998486
C_48706,val,1,0.9088300839697712,0.9999988
C_48707,val,1,0.10438761796273051,0.9999987
C_48708,val,1,0.7560117862255216,0.99999654
C_48709,val,1,0.7076690208507614,0.9999982
C_48710,val,1,0.7701376016090659,0.9999981
C_48711,val,1,0.9981612530824729,0.9999654
C_48712,val,1,0.690727628177085,0.9999962
C_48713,val,1,0.23398295351864284,0.9999994
C_48714,val,1,0.85394712563231,0.9999993
C_48715,val,1,0.9798672401818749,0.99999976
C_48716,val,1,0.9219367138675304,0.9999989
C_48717,val,1,0.8329114915596455,0.9999999
C_48718,val,1,0.5752853567188916,0.9999963
C_48719,val,1,0.45941295249448283,0.99997854
C_48779,val,1,0.9855501683041196,0.99893814
C_48780,val,1,0.9797858077083568,0.93504244
C_48781,val,1,0.8989409820450736,0.93366486
C_48782,val,1,0.9504819166192805,0.91231555
C_48783,val,1,0.7456232517590168,0.90717477
C_48784,val,1,0.9215053823166629,0.85011554
C_48785,val,1,0.7140625658076516,0.25265765
C_48786,val,1,0.5770229561408262,0.2707171
C_48787,val,1,0.4142209033038241,0.040367693
C_48788,val,1,0.9004110169855907,0.9833682
C_48789,val,1,0.8171096957451928,0.87969965
C_48790,val,1,0.9263643481680296,0.95788217
C_48791,val,1,0.9020300753404814,0.7668782
C_48792,val,1,0.9784582792390629,0.9987544
C_48793,val,1,0.621512476674635,0.9720933
C_48794,val,1,0.7225171333475665,0.99381703
C_48795,val,1,0.4362722830826305,0.30205485
C_48796,val,1,0.5844715521373984,0.529448
C_48797,val,1,0.6316892140572469,0.65679175
C_48798,val,1,0.96272652185178,0.8904256
C_48799,val,1,0.9809592675417205,0.9129293
C_48800,val,1,0.9794421640629397,0.94451404
C_48801,val,1,0.898810414998688,0.8483771
C_48802,val,1,0.561281180294761,0.9822671
C_48803,val,1,0.7905788513133666,0.93079865
C_49074,val,1,0.300526483375972,0.9999999
C_49075,val,1,0.3546988410164597,1.0
C_49076,val,1,0.15039746652088162,0.99999964
C_49077,val,1,0.3469974314486642,1.0
C_49078,val,1,0.8140572326315098,1.0
C_49079,val,1,0.13321055366912135,0.99999964
C_49080,val,1,0.6756602202761325,0.99999976
C_49081,val,1,0.169754656072236,0.99999964
C_49082,val,1,0.21291106466438936,0.9999999
C_49083,val,1,0.845640242740749,0.9999337
C_49084,val,1,0.4450491490904631,1.0
C_49085,val,1,0.36682631191329085,0.9999999
C_49086,val,1,0.31301269111377716,0.9999999
C_49087,val,1,0.18830011629911272,1.0
C_49088,val,1,0.17648749583431916,0.9999994
C_49089,val,1,0.45565702574881006,1.0
C_49090,val,1,0.28611389536117543,0.9999999
C_49091,val,1,0.8815668374692557,1.0
C_49092,val,1,0.800853740544189,0.9999999
C_49093,val,1,0.24460457902374214,0.9999999
C_49094,val,1,0.6774492762665333,1.0
C_49095,val,1,0.28659430028314387,0.9999999
C_49096,val,1,0.17248442213801385,0.99999976
C_49097,val,1,0.8666090676787099,1.0
C_49098,val,1,0.2694139334144665,0.9999999
C_49099,val,1,0.20144175136089107,1.0
C_49100,val,1,0.17414718884840838,0.99999964
C_49101,val,1,0.8831779797548993,1.0
C_49102,val,1,0.17292997111775432,0.99999964
C_49103,val,1,0.3819463197551624,0.9999999
C_49134,val,1,0.2306165924692711,0.9999958
C_49135,val,1,0.19209265155414113,0.99999976
C_49136,val,1,0.9272626275666945,0.9999999
C_49137,val,1,0.6204302260485526,0.9999987
C_49138,val,1,0.18659532758461192,0.9999924
C_49139,val,1,0.8198612042474276,0.99999976
C_49140,val,1,0.3152758407786272,0.9999995
C_49141,val,1,0.5809841668976636,1.0
C_49142,val,1,0.40361155478662664,0.9999981
C_49143,val,1,0.9533619512540883,0.9999999
C_49144,val,1,0.4221921615968049,0.9999995
C_49145,val,1,0.8864832477070766,1.0
C_49146,val,1,0.9783806912521833,0.99999976
C_49147,val,1,0.8341427670211341,0.9999999
C_49148,val,1,0.725830257858347,0.99999964
C_49149,val,1,0.7372290814475302,0.99999905
C_49150,val,1,0.42509594162096714,0.9999995
C_49151,val,1,0.8502949957906782,0.99999976
C_49152,val,1,0.8621683178933218,0.9999999
C_49153,val,1,0.8293864796291115,0.99999976
C_49154,val,1,0.9679826895615876,1.0
C_49155,val,1,0.9564873877179657,0.99953973
C_49182,val,1,0.2568171254865308,0.8863515
C_49183,val,1,0.10758365697956813,0.9264813
C_49184,val,1,0.16153954205505944,0.79429376
C_49185,val,1,0.2198157305905681,0.880028
C_49186,val,1,0.050296704203429264,0.056271106
C_49187,val,1,0.9408460652049836,0.91232455
C_49188,val,1,0.8480998578023868,0.96954334
C_49189,val,1,0.06429671184632162,0.92025477
C_49190,val,1,0.8486969116562939,0.9852638
C_49191,val,1,0.9216598158802156,0.72948474
C_49192,val,1,0.7641649881585253,0.32772288
C_49193,val,1,0.810374592589464,0.899594
C_49194,val,1,0.9851108361490843,0.99552876
C_49195,val,1,0.20889678776041568,0.81869817
C_49196,val,1,0.7385171958763243,0.99537116
C_49197,val,1,0.9007474918702318,0.98243344
C_49198,val,1,0.08971730528361743,0.93894535
C_49199,val,1,0.4250454876572896,0.9917536
C_49200,val,1,0.8684106802927393,0.993922
C_49201,val,1,0.03695082707963165,0.19199076
C_49202,val,1,0.18064512857971687,0.9015449
C_49203,val,1,0.2092327984591227,0.9800994
C_49204,val,1,0.1684331799018826,0.7164165
C_49205,val,1,0.026927944295913237,0.21431634
C_49206,val,1,0.36856375700282995,0.99940884
C_49207,val,1,0.6870003622675332,0.9753891
C_49208,val,1,0.3617561669504459,0.95567375
C_49209,val,1,0.12817359366740722,0.9892603
C_49210,val,1,0.2006565926645843,0.8530985
C_49211,val,1,0.6812388504999671,0.9295361
C_49212,val,1,0.1825214952044647,0.9999577
C_49213,val,1,0.154538743566616,0.94819206
C_49264,val,1,0.9983982575161862,1.0
C_49265,val,1,0.9983982575161862,1.0
C_49266,val,1,0.9981390120163288,1.0
C_49267,val,1,0.6822694203243596,1.0
C_49268,val,1,0.9983982575161862,1.0
C_49269,val,1,0.9828294795521532,1.0
C_49270,val,1,0.9983982575161862,1.0
C_49271,val,1,0.9983982575161862,1.0
C_49272,val,1,0.9851897795169702,1.0
C_49273,val,1,0.9983982575161862,1.0
C_49274,val,1,0.9983982575161862,1.0
C_49275,val,1,0.9981390120163288,1.0
C_49276,val,1,0.9983982575161862,1.0
C_49277,val,1,0.9983982575161862,1.0
C_49278,val,1,0.9983982575161862,1.0
C_49279,val,1,0.9983982575161862,1.0
C_49280,val,1,0.9981390120163288,1.0
C_49281,val,1,0.9983982575161862,1.0
C_49282,val,1,0.9983982575161862,1.0
C_49283,val,1,0.9981390120163288,1.0
C_49284,val,1,0.9981390120163288,1.0
C_49285,val,1,0.9998419996700665,0.9999999
C_49286,val,1,0.6822694203243596,1.0
C_49287,val,1,0.9981390120163288,1.0
C_49288,val,1,0.9981390120163288,1.0
C_49289,val,1,0.9828294795521532,1.0
C_49290,val,1,0.9828294795521532,1.0
C_49291,val,1,0.9983982575161862,1.0
C_49292,val,1,0.9828294795521532,1.0
C_49293,val,1,0.9983982575161862,1.0
C_49294,val,1,0.9983982575161862,1.0
C_49295,val,1,0.9851897795169702,1.0
C_49296,val,1,0.9851897795169702,1.0
C_49297,val,1,0.9851897795169702,1.0
C_49298,val,1,0.2032201507662839,0.9999995
C_49299,val,1,0.9915171081699188,1.0
C_49300,val,1,0.22982648759796065,1.0
C_49301,val,1,0.9532941053433746,1.0
C_49302,val,1,0.8806246701142242,1.0
C_49303,val,1,0.8510667217685325,1.0
C_49304,val,1,0.8847003468930171,1.0
C_49305,val,1,0.8999998203495715,0.9999894
C_49306,val,1,0.18533779011543178,1.0
C_49307,val,1,0.866689418901576,1.0
C_49308,val,1,0.94305666977586,1.0
C_49309,val,1,0.7934444645748818,1.0
C_49310,val,1,0.31126302543115064,1.0
C_49311,val,1,0.6722339437825654,0.9999999
C_49312,val,1,0.8799080427179802,0.9999999
C_49313,val,1,0.9546455824191382,1.0
C_49314,val,1,0.959605421490146,0.9999999
C_49315,val,1,0.9097109049371094,1.0
C_49316,val,1,0.4710248866358375,1.0
C_49317,val,1,0.9814801717276187,1.0
C_49318,val,1,0.4114867100958874,1.0
C_49319,val,1,0.47905574742018353,0.9999999
C_49320,val,1,0.9889092927050323,1.0
C_49321,val,1,0.24464982560221252,1.0
C_49322,val,1,0.3605886918285632,1.0
C_49323,val,1,0.38979283838237244,1.0
C_49324,val,1,0.9579628590429219,1.0
C_49325,val,1,0.9958830553272541,1.0
C_49326,val,1,0.5997830291452142,1.0
C_49327,val,1,0.9612574666070156,1.0
C_49328,val,1,0.402747769649449,1.0
C_49329,val,1,0.598323223642191,0.9999999
C_49330,val,1,0.92662627393898,1.0
C_49331,val,1,0.6779529929663338,1.0
C_49332,val,1,0.3913787609256067,1.0
C_49333,val,1,0.9633061522645983,1.0
C_49334,val,1,0.9596005284123247,1.0
C_49335,val,1,0.9950274174014128,1.0
C_00010,test,0,0.04274841083912052,3.6761027e-15
C_00013,test,0,0.018884985532837975,9.599855e-10
C_00014,test,0,0.004095614071346495,7.4059813e-06
C_00019,test,0,0.0013553701888610662,0.00029142422
C_00026,test,0,0.0030940688581918107,0.019200409
C_00031,test,0,0.004095614071346495,8.781644e-17
C_00032,test,0,0.01695128734170372,1.0773812e-19
C_00039,test,0,0.0274856880111534,0.0022250959
C_00040,test,0,0.13572455967823355,1.94737e-10
C_00042,test,0,0.04089049060724528,0.026963826
C_00045,test,0,0.004860492721545511,0.055674493
C_00055,test,0,0.029148101905059367,0.022238854
C_00058,test,0,0.003798424579853514,4.6598423e-09
C_00059,test,0,0.0015813724754773048,8.272727e-05
C_00061,test,0,0.005456591659880597,1.1263721e-05
C_00067,test,0,0.1718334232153472,3.9397535e-12
C_00069,test,0,0.003798424579853514,4.5791287e-12
C_00071,test,0,0.18099816125273477,5.0348596e-09
C_00074,test,0,0.004539572719351029,6.2865394e-05
C_00076,test,0,0.17528068810009514,0.1209643
C_00085,test,0,0.04292651101126237,0.00048458227
C_00095,test,0,0.26313218047839,0.0064573754
C_00109,test,0,0.05266111071806716,4.4119153e-10
C_00112,test,0,0.0014099926814814367,0.001158659
C_00114,test,0,0.012310169324749478,1.5069972e-13
C_00122,test,0,0.001698027319341586,1.6344035e-07
C_00129,test,0,0.0032012097447809734,0.00101102
C_00136,test,0,0.004539572719351029,3.7541963e-11
C_00142,test,0,0.4211573181386765,4.3324286e-17
C_00150,test,0,0.07811748411486936,0.20468567
C_00155,test,0,0.0031747674155223624,9.529809e-08
C_00157,test,0,0.11070622091283035,0.034259364
C_00163,test,0,0.06381414534451137,0.06398984
C_00180,test,0,0.009462432137673461,4.1417832e-13
C_00182,test,0,0.012112348397324208,0.0008785559
C_00189,test,0,0.005843519463314208,9.522524e-06
C_00195,test,0,0.2053155996371252,6.735276e-05
C_00203,test,0,0.07106636555119591,0.09330939
C_00220,test,0,0.012611091614506055,0.04649719
C_00223,test,0,0.005843519463314208,9.582167e-06
C_00225,test,0,0.16561296854087312,0.028775817
C_00229,test,0,0.004095614071346495,4.7661917e-05
C_00234,test,0,0.004539572719351029,2.7746295e-19
C_00237,test,0,0.1827621690246135,0.01996971
C_00240,test,0,0.09885252469060546,0.00012555056
C_00241,test,0,0.0016563387106360563,0.8602686
C_00244,test,0,0.003798424579853514,4.2303756e-16
C_00247,test,0,0.004539572719351029,3.3940635e-13
C_00251,test,0,0.075962564332961,5.0089213e-09
C_00253,test,0,0.26780115495627743,8.9885575e-17
C_00279,test,0,0.020151178536267002,0.5035969
C_00283,test,0,0.04285959025363045,6.9350466e-07
C_00288,test,0,0.0052181259810482996,0.00078661845
C_00294,test,0,0.11484646272943819,2.4666514e-17
C_00314,test,0,0.09307030933163346,0.68928176
C_00316,test,0,0.0691583788666596,5.5734303e-21
C_00327,test,0,0.07191042600623271,7.100491e-05
C_00338,test,0,0.006687416522928712,0.057533704
C_00342,test,0,0.004095614071346495,2.5861147e-16
C_00347,test,0,0.05362681042229158,3.1466789e-06
C_00357,test,0,0.042792701668399276,4.612282e-06
C_00361,test,0,0.017062823673289776,2.9701835e-06
C_00362,test,0,0.1392294336097874,9.4328686e-14
C_00379,test,0,0.001554372901624399,9.323856e-19
C_00384,test,0,0.0747378416701585,3.9320103e-10
C_00391,test,0,0.006315619841491228,5.720791e-06
C_00399,test,0,0.025225347453676578,2.542668e-08
C_00430,test,0,0.005843519463314208,9.8573555e-06
C_00465,test,0,0.026174541879275797,7.732392e-14
C_00470,test,0,0.004561929463950255,1.1738309e-05
C_00477,test,0,0.05918229754936103,0.0017510935
C_00501,test,0,0.005456591659880597,1.0949028e-05
C_00502,test,0,0.003956664606479628,6.150685e-05
C_00519,test,0,0.08722913612625738,8.913801e-08
C_00520,test,0,0.06323575056107233,5.158469e-12
C_00529,test,0,0.005822341762801977,4.1326618e-09
C_00530,test,0,0.004539572719351029,2.5153959e-06
C_00534,test,0,0.05089144318848376,0.050076026
C_00537,test,0,0.013899525415865357,2.3851734e-12
C_00543,test,0,0.004203808641850425,1.2062736e-05
C_00545,test,0,0.004539572719351029,9.164587e-08
C_00556,test,0,0.004095614071346495,2.8765694e-08
C_00560,test,0,0.06323733468411875,0.1335903
C_00565,test,0,0.005843519463314208,9.658553e-06
C_00570,test,0,0.02984453405418194,0.05193649
C_00572,test,0,0.0018683259024725955,2.6558086e-08
C_00573,test,0,0.021475529364010176,5.83194e-05
C_00575,test,0,0.041201899004858565,0.051076118
C_00579,test,0,0.10476131506724051,0.029877724
C_00590,test,0,0.20538624824949256,4.2477275e-08
C_00600,test,0,0.02680680942051768,0.037515864
C_00610,test,0,0.0017541413596003255,7.413985e-08
C_00616,test,0,0.004539572719351029,4.1118906e-08
C_00620,test,0,0.004539572719351029,1.4112155e-16
C_00621,test,0,0.005272713602179786,1.0329548e-05
C_00626,test,0,0.004539572719351029,4.4290144e-07
C_00634,test,0,0.15294025030561204,0.012897711
C_00636,test,0,0.05726982192470324,2.4684851e-11
C_00640,test,0,0.004095614071346495,7.970056e-22
C_00648,test,0,0.004539572719351029,1.9529939e-14
C_00651,test,0,0.09992214122747131,0.24222033
C_00657,test,0,0.12246949838413032,2.1682682e-09
C_00658,test,0,0.3948255508198574,2.8093183e-07
C_00659,test,0,0.040370743169578324,0.00056741247
C_00663,test,0,0.045222204884807306,0.03040714
C_00666,test,0,0.022161482016645168,0.056290254
C_00671,test,0,0.05932735474540478,0.115797795
C_00674,test,0,0.06707966570650616,0.17640167
C_00681,test,0,0.04631140410824546,9.963886e-05
C_00682,test,0,0.004539572719351029,4.2439828e-05
C_00690,test,0,0.004539572719351029,9.755495e-10
C_00696,test,0,0.11033626346921553,7.669226e-16
C_00705,test,0,0.004095614071346495,1.1018612e-06
C_00708,test,0,0.08770977343707184,0.0014968015
C_00709,test,0,0.004095614071346495,2.949459e-14
C_00733,test,0,0.005272713602179786,9.951073e-06
C_00739,test,0,0.004539572719351029,1.2640034e-14
C_00740,test,0,0.004539572719351029,3.94868e-06
C_00752,test,0,0.11580708253385898,5.3652946e-07
C_00758,test,0,0.015432575542765616,2.3767628e-12
C_00765,test,0,0.027390226466812648,2.1971062e-05
C_00772,test,0,0.001538292738238706,7.5029186e-17
C_00776,test,0,0.007900848927325212,0.0583409
C_00798,test,0,0.03938588856494722,4.5175544e-05
C_00802,test,0,0.03458287710442409,1.508208e-09
C_00809,test,0,0.015983783882284015,0.0010415209
C_00813,test,0,0.03255265259815707,1.1972749e-11
C_00816,test,0,0.0016585058121064188,0.0069887056
C_00822,test,0,0.004539572719351029,2.2853715e-07
C_00823,test,0,0.8723253902862216,0.08961051
C_00826,test,0,0.10678046627207585,0.056719616
C_00827,test,0,0.03608776450990584,4.764589e-10
C_00839,test,0,0.09315168511521317,1.2687963e-05
C_00852,test,0,0.004561929463950255,1.1766271e-05
C_00872,test,0,0.009969271600648023,2.2093896e-09
C_00882,test,0,0.011463682749813495,0.32706615
C_00892,test,0,0.02229080566213868,3.5529384e-18
C_00893,test,0,0.004698634765149174,9.8603844e-14
C_00896,test,0,0.05152244619831734,0.26350564
C_00947,test,0,0.14914206781005346,0.8654633
C_00952,test,0,0.093432413385863,0.00073131063
C_00956,test,0,0.23652624724372723,7.5193063e-10
C_00990,test,0,0.012499087037466465,0.0025557228
C_00992,test,0,0.06651076302258672,1.6883842e-10
C_00996,test,0,0.19969508395062613,0.00014713404
C_00997,test,0,0.004095614071346495,1.8768178e-07
C_01018,test,0,0.03505086534014959,0.0018279029
C_01019,test,0,0.03799681621752226,2.7608472e-05
C_01023,test,0,0.0017000103928493683,1.0767031e-06
C_01028,test,0,0.004539572719351029,1.367405e-17
C_01033,test,0,0.004539572719351029,8.9526056e-14
C_01041,test,0,0.04556397889914291,3.68228e-14
C_01049,test,0,0.028852042574160273,0.009789348
C_01052,test,0,0.0037750696165450848,5.3457432e-14
C_01055,test,0,0.060282331369587966,0.24123083
C_01057,test,0,0.10737499986455934,0.014781873
C_01066,test,0,0.004095614071346495,3.8556855e-14
C_01075,test,0,0.02798541119845841,0.09945749
C_01076,test,0,0.1914908224192296,0.9161105
C_01081,test,0,0.016594099282972972,9.1234944e-07
C_01090,test,0,0.004539572719351029,3.9991664e-06
C_01094,test,0,0.004095614071346495,6.876899e-07
C_01097,test,0,0.005207618181073586,2.4931827e-05
C_01143,test,0,0.18742339814069095,6.2359315e-05
C_01148,test,0,0.013899525415865357,0.0007131429
C_01151,test,0,0.026977837312146185,0.2506308
C_01163,test,0,0.004539572719351029,1.0226443e-16
C_01168,test,0,0.05215073948573839,1.0425071e-10
C_01170,test,0,0.004539572719351029,5.5657133e-06
C_01174,test,0,0.18841327216347797,4.7377338e-08
C_01176,test,0,0.029059977022608968,1.5018396e-11
C_01178,test,0,0.013396731510331675,9.073412e-06
C_01180,test,0,0.0181560672489943,5.0349332e-14
C_01184,test,0,0.11685101829120217,0.8477868
C_01186,test,0,0.004539572719351029,1.5417789e-09
C_01189,test,0,0.2072054423638004,0.039467346
C_01191,test,0,0.09450997881877356,0.0015383917
C_01201,test,0,0.19636130298571475,0.07333115
C_01202,test,0,0.004095614071346495,4.085572e-06
C_01208,test,0,0.044854167159285925,9.794365e-22
C_01212,test,0,0.01771501248884845,4.4280465e-12
C_01223,test,0,0.004095614071346495,6.395074e-11
C_01227,test,0,0.03971449927763942,0.120414905
C_01243,test,0,0.00399820499092396,1.1018359e-14
C_01245,test,0,0.005843519463314208,9.473676e-06
C_01252,test,0,0.041174876396735755,0.05805603
C_01259,test,0,0.005272713602179786,0.05960156
C_01267,test,0,0.014432579466743136,1.9366212e-06
C_01273,test,0,0.11399614207811834,0.009384044
C_01276,test,0,0.005843519463314208,9.655762e-06
C_01277,test,0,0.004918361126349882,0.0052259453
C_01281,test,0,0.004539572719351029,1.0221579e-05
C_01286,test,0,0.013151377724608936,9.211159e-14
C_01288,test,0,0.004095614071346495,2.9277807e-09
C_01291,test,0,0.028368247431091134,1.6671953e-15
C_01307,test,0,0.02413628535063943,0.070234165
C_01309,test,0,0.07672977556690888,0.04199758
C_01313,test,0,0.003798424579853514,7.923418e-18
C_01328,test,0,0.01712913047253574,1.1327796e-10
C_01334,test,0,0.004539572719351029,1.8509905e-11
C_01335,test,0,0.3706125244919166,2.6762784e-10
C_01336,test,0,0.016594099282972972,3.3435565e-15
C_01337,test,0,0.004539572719351029,1.2550722e-09
C_01342,test,0,0.0027770186314993554,2.4716872e-05
C_01347,test,0,0.025630204905507818,8.74366e-06
C_01348,test,0,0.01787446189712349,2.0408523e-07
C_01357,test,0,0.05548283215189149,1.4754315e-07
C_01368,test,0,0.02446846913522237,1.1906604e-13
C_01369,test,0,0.023040863238845664,3.483442e-10
C_01377,test,0,0.004539572719351029,2.9565888e-05
C_01378,test,0,0.01845691875472641,7.3223064e-14
C_01388,test,0,0.010947940367278046,5.354515e-08
C_01392,test,0,0.01579611756748036,4.6953364e-06
C_01393,test,0,0.07053085553770232,1.7442467e-10
C_01409,test,0,0.1578447368772385,4.6771293e-06
C_01410,test,0,0.15646191905590287,0.068121724
C_01413,test,0,0.05250329388684143,5.2567335e-05
C_01414,test,0,0.02446846913522237,4.932099e-14
C_01426,test,0,0.05354044040473919,0.6285923
C_01440,test,0,0.07140274045923228,0.06264222
C_01442,test,0,0.004031426454623072,3.2289073e-19
C_01444,test,0,0.058187366176107556,0.11809932
C_01446,test,0,0.004031426454623072,2.6854079e-12
C_01451,test,0,0.003798424579853514,2.920228e-05
C_01452,test,0,0.004539572719351029,3.2562052e-06
C_01467,test,0,0.20787939420045842,1.1802743e-11
C_01474,test,0,0.004184427701149658,3.0480372e-08
C_01479,test,0,0.0788172052391351,0.61595625
C_01482,test,0,0.03935795908217259,6.9750954e-06
C_01484,test,0,0.19841146401358956,3.6195516e-07
C_01493,test,0,0.06994080874651923,0.10896052
C_01499,test,0,0.029943115104168288,2.8852275e-05
C_01503,test,0,0.011636757862067597,7.546422e-09
C_01506,test,0,0.3083899570278039,0.0915918
C_01509,test,0,0.004539572719351029,3.922482e-06
C_01537,test,0,0.022192262444548617,0.003380983
C_01538,test,0,0.10950350016106236,1.9808342e-06
C_01539,test,0,0.004539572719351029,9.989236e-11
C_01551,test,0,0.004539572719351029,6.4291314e-08
C_01570,test,0,0.050553704666953046,2.2045382e-05
C_01572,test,0,0.015838652791523057,2.2250664e-09
C_01574,test,0,0.004539572719351029,1.5907976e-07
C_01577,test,0,0.004539572719351029,2.0012521e-08
C_01587,test,0,0.05978879677211202,0.2942451
C_01591,test,0,0.005843519463314208,9.605148e-06
C_01608,test,0,0.012744458409529948,0.00055798434
C_01611,test,0,0.03904748079411009,2.5050635e-11
C_01612,test,0,0.004095614071346495,4.0092125e-09
C_01616,test,0,0.07379668500671364,1.6521826e-06
C_01618,test,0,0.004539572719351029,1.1648001e-23
C_01631,test,0,0.0015642311216472302,2.8380557e-08
C_01636,test,0,0.04216008348475453,3.7603756e-10
C_01637,test,0,0.004539572719351029,1.4779956e-21
C_01638,test,0,0.005843519463314208,9.525276e-06
C_01641,test,0,0.07407357994322354,1.0913754e-11
C_01654,test,0,0.0031747674155223624,1.6234857e-05
C_01659,test,0,0.2357708589367675,3.4299606e-13
C_01661,test,0,0.004095614071346495,2.2281278e-17
C_01672,test,0,0.04453688128035955,1.3715378e-06
C_01678,test,0,0.004539572719351029,3.4480461e-16
C_01684,test,0,0.0021788189884116996,1.0052357e-08
C_01685,test,0,0.10082166490361037,0.0005499342
C_01706,test,0,0.017187413805277427,2.8901725e-10
C_01707,test,0,0.06439847780044847,4.1976594e-10
C_01713,test,0,0.049300221261162104,1.0522313e-07
C_01714,test,0,0.2797344670195226,0.06139535
C_01729,test,0,0.26842273379107173,0.98939663
C_01730,test,0,0.004561929463950255,0.1316394
C_01733,test,0,0.004539572719351029,1.2001701e-10
C_01734,test,0,0.004366680581624166,2.69281e-06
C_01735,test,0,0.0446998050159567,1.6350539e-16
C_01740,test,0,0.004539572719351029,2.7222812e-27
C_01741,test,0,0.03696859503594342,2.9911915e-09
C_01755,test,0,0.24945137249792376,0.006171217
C_01756,test,0,0.015199133768913027,1.2026754e-09
C_01760,test,0,0.20243274793787994,5.5582006e-12
C_01765,test,0,0.12189737463486448,2.8520824e-05
C_01767,test,0,0.008446584533723987,5.5478923e-13
C_01771,test,0,0.004031426454623072,2.853549e-14
C_01772,test,0,0.09330927982389134,0.11199313
C_01783,test,0,0.003798424579853514,3.9643518e-11
C_01807,test,0,0.004284751253124256,4.7540926e-11
C_01808,test,0,0.019810304577701634,6.7326878e-12
C_01811,test,0,0.004095614071346495,3.1954087e-06
C_01815,test,0,0.004539572719351029,1.3446611e-06
C_01816,test,0,0.005272713602179786,0.06452788
C_01817,test,0,0.003798424579853514,6.798619e-11
C_01825,test,0,0.06825801449039189,7.671911e-14
C_01835,test,0,0.012174542277057622,3.191045e-12
C_01839,test,0,0.07981674891085375,6.3374214e-06
C_01846,test,0,0.20354699954335895,0.70648354
C_01847,test,0,0.08531642853771147,0.008603826
C_01849,test,0,0.05668929770311691,0.040175773
C_01850,test,0,0.0906198458563224,3.7019112e-07
C_01851,test,0,0.013899525415865357,3.4417604e-05
C_01862,test,0,0.0001949938210888595,0.00094131776
C_01864,test,0,0.09918866223606947,0.32494253
C_01875,test,0,0.004095614071346495,7.0934548e-06
C_01877,test,0,0.014389570165117526,6.4168095e-15
C_01884,test,0,0.003956664606479628,7.310662e-12
C_01891,test,0,0.00681977021620255,0.2510021
C_01893,test,0,0.0327598315232917,0.09740218
C_01898,test,0,0.005843519463314208,9.5722025e-06
C_01909,test,0,0.08610349243406473,8.069993e-05
C_01912,test,0,0.14810658231199866,9.152899e-20
C_01920,test,0,0.008485538215247937,5.202238e-13
C_01923,test,0,0.16440522110035247,0.809248
C_01925,test,0,0.019115542885106612,0.00014695498
C_01926,test,0,0.06885530898758827,0.06975465
C_01940,test,0,0.2530605526814666,0.012098921
C_01949,test,0,0.012304229925180847,2.0415015e-12
C_01961,test,0,0.005272713602179786,1.03661505e-05
C_01964,test,0,0.16343984593923036,0.00033378977
C_01968,test,0,0.0441868713087722,0.28406402
C_01970,test,0,0.003798424579853514,6.8233297e-18
C_01973,test,0,0.058095737232987964,1.6023653e-16
C_01977,test,0,0.30365664509426143,0.8207725
C_01982,test,0,0.10851137012370927,5.327709e-06
C_01984,test,0,0.005272713602179786,1.0503977e-05
C_01988,test,0,0.12007027327367839,5.9263765e-08
C_01992,test,0,0.01918374858857386,0.10584915
C_01994,test,0,0.04703822132058529,5.690477e-08
C_02004,test,0,0.005843519463314208,9.482714e-06
C_02012,test,0,0.004539572719351029,7.0726373e-06
C_02021,test,0,0.009775645626258664,2.3731006e-10
C_02031,test,0,0.22988349952194248,0.8808838
C_02055,test,0,0.015548801127366797,0.00022630401
C_02066,test,0,0.03140143643706007,2.2517173e-07
C_02068,test,0,0.20597336136476407,1.07033826e-10
C_02071,test,0,0.0024141843229461162,0.015413657
C_02080,test,0,0.014944106726880964,1.287849e-05
C_02081,test,0,0.0029673586549812925,5.787057e-13
C_02082,test,0,0.004095614071346495,1.4096622e-10
C_02085,test,0,0.005272713602179786,1.00693505e-05
C_02088,test,0,0.04556397889914291,1.033805e-09
C_02089,test,0,0.015103106289769627,3.053188e-11
C_02090,test,0,0.4393481412508824,2.7061904e-20
C_02091,test,0,0.13823560060049453,4.0086304e-17
C_02099,test,0,0.03791901243154239,0.0740244
C_02101,test,0,0.0397855694053659,0.12775442
C_02102,test,0,0.15609639461293867,0.3944227
C_02108,test,0,0.004539572719351029,7.507077e-06
C_02121,test,0,0.004095614071346495,0.00010684731
C_02126,test,0,0.03583704822099858,1.8003416e-06
C_02133,test,0,0.011458311130871635,0.6604489
C_02142,test,0,0.044907796582265624,2.2103442e-05
C_02161,test,0,0.003798424579853514,1.7393833e-17
C_02164,test,0,0.0032012097447809734,0.0042003524
C_02170,test,0,0.004539572719351029,4.6181885e-06
C_02173,test,0,0.003798424579853514,2.7264562e-14
C_02177,test,0,0.0026158254556220206,0.0030753482
C_02186,test,0,0.004095614071346495,4.1240944e-09
C_02187,test,0,0.02444320274832338,1.1396976e-17
C_02202,test,0,0.014212360503520904,6.6013928e-09
C_02209,test,0,0.005272713602179786,1.0044624e-05
C_02214,test,0,0.006492368871211359,0.08155493
C_02218,test,0,0.005843519463314208,9.7550665e-06
C_02243,test,0,0.005272713602179786,0.06621912
C_02258,test,0,0.1195085775050531,4.6347397e-09
C_02259,test,0,0.0735211389883507,0.12366979
C_02262,test,0,0.0032037976527800596,4.1479875e-10
C_02265,test,0,0.005207618181073586,5.559341e-10
C_02273,test,0,0.004095614071346495,1.9955973e-10
C_02284,test,0,0.04556397889914291,1.424998e-14
C_02289,test,0,0.0031747674155223624,1.166796e-17
C_02292,test,0,0.08834687104401888,0.4819347
C_02310,test,0,0.0014014253422969425,1.2599537e-08
C_02319,test,0,0.01497514687138442,2.1087066e-11
C_02321,test,0,0.004539572719351029,5.813554e-09
C_02325,test,0,0.004095614071346495,5.8487483e-05
C_02333,test,0,0.005843519463314208,9.777149e-06
C_02341,test,0,0.15072466122650754,1.0954182e-09
C_02351,test,0,0.01546461434908346,1.0909145e-09
C_02376,test,0,0.035899668249856194,3.798325e-08
C_02383,test,0,0.004539572719351029,1.4095972e-06
C_02387,test,0,0.004539572719351029,7.959169e-17
C_02407,test,0,0.4734491553486417,0.75361013
C_02409,test,0,0.005272713602179786,1.0573253e-05
C_02410,test,0,0.04746440383696663,0.004162914
C_02427,test,0,0.0041723710837549425,7.2031364e-10
C_02428,test,0,0.019115542885106612,3.105224e-10
C_02434,test,0,0.015432575542765616,0.00024448443
C_02437,test,0,0.0884619659946727,0.27526614
C_02439,test,0,0.0664151042695975,0.20562026
C_02445,test,0,0.028852042574160273,4.000445e-08
C_02449,test,0,0.004539572719351029,4.089875e-05
C_02452,test,0,0.06587494839392095,0.058888588
C_02457,test,0,0.003753824815231827,4.8645015e-06
C_02461,test,0,0.004723204696522405,1.3168735e-06
C_02464,test,0,0.003650064240287503,0.008870182
C_02473,test,0,0.003798424579853514,4.254502e-05
C_02485,test,0,0.08455318013705186,1.3672071e-09
C_02486,test,0,0.16692905201151936,1.6651343e-17
C_02520,test,0,0.3616351729789957,0.000108067485
C_02527,test,0,0.023264600610058746,0.047576405
C_02529,test,0,0.03433893930291586,4.399657e-05
C_02531,test,0,0.022111173939349575,0.0025683942
C_02543,test,0,0.017122649815259485,5.3340132e-09
C_02554,test,0,0.04981853680067964,3.1974472e-09
C_02569,test,0,0.07810443195364047,2.6809267e-18
C_02571,test,0,0.02199604775042482,0.10641909
C_02573,test,0,0.16233620457836143,1.4250167e-05
C_02584,test,0,0.004609033111202636,0.0007806326
C_02600,test,0,0.20696392042562278,5.562602e-12
C_02626,test,0,0.08475659359465793,0.097882554
C_02633,test,0,0.01546461434908346,1.7579965e-11
C_02639,test,0,0.004539572719351029,2.2361313e-10
C_02661,test,0,0.02300118492721237,0.047459394
C_02666,test,0,0.005843519463314208,9.810353e-06
C_02667,test,0,0.005272713602179786,1.04086375e-05
C_02668,test,0,0.0031069249617811504,0.0004603092
C_02682,test,0,0.028530044826666753,0.048480835
C_02685,test,0,0.26884170239816496,2.4204361e-18
C_02698,test,0,0.08587946288715045,0.10490373
C_02706,test,0,0.022442847537767156,1.0090001e-13
C_02721,test,0,0.27173428540506156,2.676149e-07
C_02738,test,0,0.34440812461401743,5.7437308e-05
C_02745,test,0,0.005843519463314208,9.542025e-06
C_02748,test,0,0.005843519463314208,9.464952e-06
C_02762,test,0,0.060282331369587966,0.20812725
C_02763,test,0,0.004539572719351029,1.2043678e-08
C_02770,test,0,0.015060623355378382,8.639544e-10
C_02779,test,0,0.004095614071346495,0.0001339986
C_02780,test,0,0.17849080511388216,0.17467718
C_02788,test,0,0.012423376718775279,2.2997415e-10
C_02793,test,0,0.004222768256914866,4.973039e-14
C_02803,test,0,0.05668929770311691,0.052007772
C_02815,test,0,0.22276919977853196,0.08809814
C_02817,test,0,0.0044684584764136765,1.4641668e-08
C_02823,test,0,0.004918361126349882,0.0016628164
C_02829,test,0,0.018334671389364753,7.3370593e-06
C_02831,test,0,0.004095614071346495,1.34976015e-11
C_02832,test,0,0.20081534580261332,0.3329839
C_02833,test,0,0.057827932268962816,0.09196766
C_02841,test,0,0.010833069679481252,0.0007178625
C_02853,test,0,0.043923242871460426,2.0836912e-14
C_02859,test,0,0.12222450242295409,0.00072461856
C_02870,test,0,0.05948375215089545,1.1815216e-08
C_02882,test,0,0.009079881042157317,0.033907194
C_02894,test,0,0.04876224085080384,3.548258e-11
C_02909,test,0,0.004095614071346495,6.3693043e-22
C_02913,test,0,0.015983783882284015,1.7979197e-05
C_02926,test,0,0.0031747674155223624,1.994781e-08
C_02946,test,0,0.013952261448845437,0.09055987
C_02948,test,0,0.037421662069625945,5.1960114e-06
C_02950,test,0,0.011636757862067597,0.014023147
C_02978,test,0,0.04274841083912052,0.014403683
C_02980,test,0,0.01562091205415264,0.04026228
C_02981,test,0,0.003798424579853514,7.0804366e-05
C_02983,test,0,0.003798424579853514,2.235228e-13
C_02984,test,0,0.051467775351009624,0.000892099
C_02995,test,0,0.003798424579853514,1.3311191e-08
C_03007,test,0,0.005207618181073586,2.151632e-05
C_03008,test,0,0.004539572719351029,5.0929265e-09
C_03022,test,0,0.0033228017437224627,9.049356e-08
C_03052,test,0,0.017646177320900604,1.9636696e-05
C_03062,test,0,0.048094168346289295,0.30074024
C_03071,test,0,0.004095614071346495,7.817909e-08
C_03097,test,0,0.22037014631517973,5.762213e-06
C_03106,test,0,0.004095614071346495,7.659768e-07
C_03108,test,0,0.003798424579853514,9.648721e-10
C_03111,test,0,0.004095614071346495,3.085884e-16
C_03115,test,0,0.09824175554545735,0.00019588994
C_03120,test,0,0.0031747674155223624,1.5085742e-08
C_03123,test,0,0.01497514687138442,1.3269807e-10
C_03134,test,0,0.020134150994614086,0.011178141
C_03135,test,0,0.0413182058874432,0.25073487
C_03136,test,0,0.026814843241207996,0.03252879
C_03143,test,0,0.28499542814556633,1.8728234e-07
C_03148,test,0,0.004539572719351029,3.014128e-13
C_03150,test,0,0.1732267717504859,1.9465307e-10
C_03157,test,0,0.0447571239990416,0.00080531585
C_03171,test,0,0.2442785947780452,5.4580163e-13
C_03180,test,0,0.003798424579853514,1.1396811e-08
C_03184,test,0,0.057393537422782887,1.8987233e-08
C_03189,test,0,0.0015706663534418264,0.00010829639
C_03194,test,0,0.07142339786359314,0.013594063
C_03199,test,0,0.1163501500370163,0.3414835
C_03220,test,0,0.0031747674155223624,6.4276773e-18
C_03221,test,0,0.035462098875362544,0.26647246
C_03225,test,0,0.036994473440978955,1.1218049e-11
C_03242,test,0,0.018512693416941367,0.00021346581
C_03247,test,0,0.26509392379700464,0.57449126
C_03264,test,0,0.018608177195840753,8.617696e-12
C_03273,test,0,0.005843519463314208,9.705265e-06
C_03276,test,0,0.003798424579853514,2.399389e-14
C_03280,test,0,0.015948829714375813,0.0002519094
C_03284,test,0,0.005456591659880597,1.0867658e-05
C_03301,test,0,0.005843519463314208,0.050565436
C_03303,test,0,0.060126869761992635,0.2271108
C_03313,test,0,0.01871083976748632,7.896027e-09
C_03317,test,0,0.20964135465088934,0.00020601328
C_03321,test,0,0.032116371355353446,4.8384574e-10
C_03325,test,0,0.004413320107961467,0.0021707541
C_03326,test,0,0.026258241431154107,2.8693128e-05
C_03328,test,0,0.15109501669279024,7.8309154e-10
C_03338,test,0,0.13888119783551592,1.0095581e-06
C_03340,test,0,0.1505888462349082,0.022719959
C_03343,test,0,0.04681240565519067,1.4498107e-08
C_03344,test,0,0.004095614071346495,4.3978503e-14
C_03346,test,0,0.003798424579853514,7.605889e-23
C_03349,test,0,0.0068973822815959224,0.00013341659
C_03355,test,0,0.20505883570786976,2.6927226e-19
C_03358,test,0,0.04388023486847039,1.3113236e-17
C_03370,test,0,0.0014225129139213682,0.19906485
C_03372,test,0,0.005272713602179786,1.053794e-05
C_03377,test,0,0.004095614071346495,0.0017151035
C_03383,test,0,0.004031426454623072,2.7744651e-08
C_03385,test,0,0.04671901168132795,1.6442651e-06
C_03391,test,0,0.03113381114861507,0.03933261
C_03397,test,0,0.022192262444548617,1.4599281e-08
C_03401,test,0,0.04422079801135407,1.11186964e-07
C_03408,test,0,0.001404534539158775,8.6825996e-05
C_03421,test,0,0.0034685322711380823,0.005056099
C_03422,test,0,0.10434248869992328,0.00043163396
C_03424,test,0,0.011636757862067597,8.0948024e-20
C_03429,test,0,0.043886011686374876,7.499475e-12
C_03434,test,0,0.004095614071346495,2.0293676e-25
C_03448,test,0,0.10039717013932212,8.7270506e-05
C_03458,test,0,0.0360136236867289,0.026485007
C_03459,test,0,0.04751962250754342,0.00018437502
C_03476,test,0,0.1475226335151999,0.081884764
C_03494,test,0,0.038280533353722765,0.08499591
C_03510,test,0,0.05600392557442411,0.13460371
C_03512,test,0,0.01794234098733985,5.6893227e-13
C_03513,test,0,0.005456591659880597,1.084306e-05
C_03514,test,0,0.11020482906344936,2.255415e-14
C_03516,test,0,0.03011723388483468,7.586231e-11
C_03517,test,0,0.002320742798500507,1.1073152e-07
C_03525,test,0,0.08369316461619405,0.0005065929
C_03526,test,0,0.012273385744372598,7.269635e-07
C_03527,test,0,0.025938263919894927,2.4478553e-07
C_03530,test,0,0.09087567982096525,7.724012e-16
C_03535,test,0,0.035601729283037696,1.3164212e-09
C_03548,test,0,0.017187413805277427,2.0570053e-10
C_03551,test,0,0.004539572719351029,1.08979714e-10
C_03554,test,0,0.023929742780120417,6.2165815e-09
C_03561,test,0,0.00026174036928324396,6.80475e-24
C_03578,test,0,0.0038209807829804186,2.0475547e-07
C_03588,test,0,0.03320465189923493,6.995975e-07
C_03591,test,0,0.003798424579853514,7.4805376e-18
C_03592,test,0,0.018145864175674986,0.0002821207
C_03597,test,0,0.03514480362587868,0.26958928
C_03600,test,0,0.005272713602179786,1.03643815e-05
C_03603,test,0,0.1205276098232779,2.0656655e-07
C_03607,test,0,0.005062752996157152,0.08628928
C_03615,test,0,0.004539572719351029,2.701442e-23
C_03633,test,0,0.04677161229943659,0.0014373959
C_03634,test,0,0.06099998931998982,0.18339173
C_03647,test,0,0.08389234111821695,0.00018076591
C_03649,test,0,0.043817051979786595,1.853703e-12
C_03653,test,0,0.1384985490290278,0.060224224
C_03654,test,0,0.10058577665837073,0.44551018
C_03660,test,0,0.012030063695080149,3.5448652e-06
C_03669,test,0,0.012486224711791163,8.913722e-06
C_03670,test,0,0.012174542277057622,8.352562e-11
C_03672,test,0,0.005598029143860322,0.044628654
C_03680,test,0,0.006258737559454999,0.23700936
C_03684,test,0,0.004539572719351029,1.6856417e-11
C_03728,test,0,0.004031426454623072,3.1943994e-09
C_03751,test,0,0.0031747674155223624,9.926318e-10
C_03773,test,0,0.004095614071346495,8.785444e-06
C_03775,test,0,0.004095614071346495,0.0028315792
C_03776,test,0,0.1199395586325683,2.6600535e-05
C_03794,test,0,0.004095614071346495,1.1606482e-16
C_03795,test,0,0.24144881146951716,0.13148993
C_03808,test,0,0.0225582778007066,3.424359e-09
C_03814,test,0,0.004918361126349882,3.3377869e-13
C_03815,test,0,0.04681240565519067,1.9198227e-08
C_03817,test,0,0.023695647780204835,1.749101e-06
C_03819,test,0,0.005843519463314208,9.623816e-06
C_03824,test,0,0.04049546969833127,0.05868706
C_03830,test,0,0.022145394522362673,2.580244e-05
C_03836,test,0,0.19009105543047633,0.11856876
C_03848,test,0,0.017021914928546978,1.4808666e-08
C_03851,test,0,0.006702162346729103,0.100490555
C_03857,test,0,0.044723137102490984,0.15343817
C_03865,test,0,0.004708120411904852,0.0001393323
C_03866,test,0,0.031257702990238494,0.033229735
C_03871,test,0,0.19358829236732664,0.0006833076
C_03881,test,0,0.004539572719351029,1.6173165e-11
C_03906,test,0,0.004539572719351029,2.0275704e-12
C_03919,test,0,0.020151178536267002,1.857561e-08
C_03931,test,0,0.003798424579853514,1.1106423e-15
C_03937,test,0,0.004095614071346495,8.628336e-16
C_03939,test,0,0.003994837670731811,1.5274647e-14
C_03942,test,0,0.027477892851279193,0.004329126
C_03949,test,0,0.1065871002760633,9.980527e-08
C_03957,test,0,0.004539572719351029,1.2765323e-05
C_03962,test,0,0.18243001141272588,0.03584576
C_03966,test,0,0.003798424579853514,5.099465e-14
C_03978,test,0,0.05668929770311691,0.05884508
C_03984,test,0,0.01872879822013618,1.7457093e-12
C_03989,test,0,0.01871083976748632,1.8288746e-11
C_03990,test,0,0.049535735633873895,5.50679e-07
C_03993,test,0,0.050385823724679556,0.19037141
C_04002,test,0,0.004095614071346495,1.2557462e-05
C_04012,test,0,0.05777192036358155,2.6454734e-09
C_04036,test,0,0.003798424579853514,7.512199e-13
C_04039,test,0,0.004539572719351029,5.0665116e-14
C_04042,test,0,0.005843519463314208,9.565121e-06
C_04050,test,0,0.04556397889914291,1.091377e-08
C_04061,test,0,0.1832576222305766,7.119433e-18
C_04063,test,0,0.09583544318701272,0.085229896
C_04069,test,0,0.0037750696165450848,0.6906411
C_04071,test,0,0.048942136835989476,8.061589e-11
C_04093,test,0,0.16867870169746482,9.3740904e-11
C_04102,test,0,0.04613911345836097,0.000485141
C_04108,test,0,0.012304229925180847,0.00014867749
C_04115,test,0,0.004539572719351029,1.2350333e-07
C_04117,test,0,0.006315619841491228,4.2758987e-17
C_04118,test,0,0.005272713602179786,1.0135731e-05
C_04122,test,0,0.043834869979233436,8.025919e-05
C_04123,test,0,0.021765651662753814,0.0011730202
C_04136,test,0,0.020151178536267002,2.6115128e-09
C_04137,test,0,0.004095614071346495,0.00044085077
C_04140,test,0,0.004095614071346495,1.0161825e-05
C_04143,test,0,0.05944122054428577,0.00020252357
C_04146,test,0,0.14926554261302016,0.0026656485
C_04152,test,0,0.004561929463950255,0.13786395
C_04167,test,0,0.12073751183759417,0.00017810652
C_04168,test,0,0.004095614071346495,1.360984e-16
C_04169,test,0,0.004561929463950255,1.19778515e-05
C_04181,test,0,0.16029837464824234,0.12728988
C_04187,test,0,0.06753150610078683,0.045603532
C_04196,test,0,0.02549042077145506,0.08752767
C_04198,test,0,0.004539572719351029,4.7960502e-06
C_04202,test,0,0.7221749311938385,0.001703409
C_04220,test,0,0.02132032591602563,0.09916489
C_04225,test,0,0.047062262982094004,1.974851e-06
C_04228,test,0,0.004095614071346495,2.045816e-09
C_04234,test,0,0.36407797640104367,0.70841473
C_04238,test,0,0.18867441804546606,2.4060825e-12
C_04250,test,0,0.027686892671686284,0.0921552
C_04251,test,0,0.004095614071346495,1.4439084e-07
C_04252,test,0,0.004111257178309892,0.0002987985
C_04256,test,0,0.004539572719351029,5.0305936e-18
C_04264,test,0,0.21604932435082683,0.25571916
C_04278,test,0,0.006963773970671066,2.9046068e-14
C_04282,test,0,0.004095614071346495,1.8767098e-05
C_04283,test,0,0.025164689680343195,6.366234e-05
C_04293,test,0,0.004539572719351029,5.2327163e-05
C_04300,test,0,0.004095614071346495,5.1848584e-11
C_04306,test,0,0.01753353052470096,3.60877e-07
C_04337,test,0,0.07059319983799026,7.079303e-09
C_04339,test,0,0.005272713602179786,1.0385764e-05
C_04354,test,0,0.005456591659880597,1.0833552e-05
C_04360,test,0,0.08531642853771147,0.00012935905
C_04364,test,0,0.13770414652758892,0.45599687
C_04368,test,0,0.15989993405154482,0.19713582
C_04375,test,0,0.004539572719351029,3.9192233e-05
C_04382,test,0,0.0020820069436104354,0.0023867222
C_04388,test,0,0.10713816863459683,2.2038366e-06
C_04394,test,0,0.01497514687138442,8.7784097e-10
C_04396,test,0,0.04094403437548341,0.006669023
C_04400,test,0,0.002834636311807917,1.227321e-08
C_04407,test,0,0.004539572719351029,7.08464e-06
C_04411,test,0,0.12162938109671337,0.32243398
C_04423,test,0,0.026695454719855124,1.1311831e-08
C_04425,test,0,0.13494084119911187,0.120041184
C_04431,test,0,0.16263759296816274,2.3648316e-14
C_04441,test,0,0.024618271763843534,0.0005640728
C_04458,test,0,0.11532546102362817,0.0018354793
C_04462,test,0,0.005843519463314208,9.477361e-06
C_04463,test,0,0.062183181551492925,1.1863282e-05
C_04464,test,0,0.4719714988597685,2.016201e-05
C_04465,test,0,0.03848373598821392,7.4577115e-19
C_04468,test,0,0.005843519463314208,9.505603e-06
C_04469,test,0,0.0033228017437224627,2.2136345e-07
C_04484,test,0,0.006687416522928712,0.05995886
C_04493,test,0,0.09903799208481716,3.0181437e-13
C_04506,test,0,0.005272713602179786,1.0307536e-05
C_04510,test,0,0.004095614071346495,1.0206646e-06
C_04514,test,0,0.005843519463314208,9.51284e-06
C_04517,test,0,0.04301434127875513,5.339967e-17
C_04518,test,0,0.04000118166009817,0.019151617
C_04527,test,0,0.1706499488792808,1.1786293e-08
C_04534,test,0,0.029148101905059367,1.874776e-05
C_04549,test,0,0.04556397889914291,1.8610649e-08
C_04552,test,0,0.15270853670916576,8.2776635e-13
C_04559,test,0,0.004095614071346495,6.3961783e-09
C_04565,test,0,0.004095614071346495,2.214832e-13
C_04569,test,0,0.004708120411904852,0.020740766
C_04571,test,0,0.16202107597753973,0.061682355
C_04583,test,0,0.043923242871460426,1.15823684e-10
C_04585,test,0,0.011273197966655754,5.079853e-15
C_04588,test,0,0.11127311270371137,1.2439922e-07
C_04597,test,0,0.003994510633132472,2.7699125e-08
C_04607,test,0,0.07379601952314374,4.1739468e-18
C_04608,test,0,0.01887394822627576,0.030897878
C_04610,test,0,0.25342783029143645,0.50944406
C_04613,test,0,0.016056713036807085,4.1445207e-07
C_04617,test,0,0.05401384166054478,0.00015653887
C_04654,test,0,0.09022963625896868,0.23463282
C_04660,test,0,0.004539572719351029,6.4112766e-16
C_04663,test,0,0.28400343919356896,5.1051396e-10
C_04672,test,0,0.01497514687138442,0.000276522
C_04675,test,0,0.004095614071346495,0.0010871337
C_04682,test,0,0.18675125287721348,0.7451551
C_04693,test,0,0.029993565287701557,0.02599175
C_04702,test,0,0.002736750861051865,2.88746e-11
C_04706,test,0,0.004031426454623072,8.221197e-08
C_04707,test,0,0.003995321946316342,7.729857e-06
C_04714,test,0,0.10516430784620556,0.30613676
C_04715,test,0,0.047574385337998244,0.00027167553
C_04719,test,0,0.00895778222082515,1.24297385e-05
C_04725,test,0,0.004539572719351029,0.0002986635
C_04733,test,0,0.01546461434908346,0.30454233
C_04739,test,0,0.004539572719351029,2.5715252e-09
C_04749,test,0,0.027054228666099897,0.0032553927
C_04761,test,0,0.1769001260739583,4.444746e-05
C_04770,test,0,0.17373146388296515,0.19006333
C_04772,test,0,0.005843519463314208,9.869745e-06
C_04781,test,0,0.005456591659880597,1.0984149e-05
C_04783,test,0,0.1935181460958807,8.0705775e-10
C_04792,test,0,0.004539572719351029,5.6421792e-15
C_04794,test,0,0.004539572719351029,1.1330064e-06
C_04795,test,0,0.1330765730355224,3.069827e-05
C_04796,test,0,0.16382254826632195,0.21594827
C_04803,test,0,0.021082982083700706,1.7238854e-07
C_04813,test,0,0.08057918698861531,0.013851658
C_04818,test,0,0.005843519463314208,9.691992e-06
C_04828,test,0,0.003650064240287503,2.4964636e-05
C_04832,test,0,0.0563645009916926,0.13150245
C_04834,test,0,0.06835969791642896,0.27474698
C_04835,test,0,0.11433578774760694,5.078156e-07
C_04837,test,0,0.03548934658024255,0.061112847
C_04854,test,0,0.04310510324356264,1.488433e-08
C_04857,test,0,0.05005478131864893,0.17180124
C_04868,test,0,0.06849761688675665,0.12271766
C_04870,test,0,0.059086765402573994,9.024579e-05
C_04875,test,0,0.0019249893634184034,0.54030305
C_04883,test,0,0.03867299516628561,1.351365e-07
C_04896,test,0,0.01965515301465375,0.11729876
C_04922,test,0,0.19326683934254663,0.036025193
C_04929,test,0,0.41921525125128856,9.6671684e-08
C_04930,test,0,0.004539572719351029,5.263498e-10
C_04938,test,0,0.04750148504959225,0.12184298
C_04939,test,0,0.003798424579853514,7.9023187e-07
C_04958,test,0,0.22985270407743527,0.004875686
C_04960,test,0,0.02622524214091307,0.0001252133
C_04978,test,0,0.018512693416941367,3.122608e-06
C_04983,test,0,0.21453167162039127,0.1730961
C_05006,test,0,0.016056713036807085,0.00013282114
C_05027,test,0,0.19702912058994193,0.00096148223
C_05033,test,0,0.28744539641857564,1.52916e-08
C_05043,test,0,0.14504725966002885,0.6307131
C_05045,test,0,0.001553200729766509,0.001100579
C_05057,test,0,0.044457838194315875,0.0028647764
C_05067,test,0,0.05600392557442411,0.08196232
C_05080,test,0,0.004095614071346495,5.8071123e-06
C_05085,test,0,0.005843519463314208,9.757392e-06
C_05090,test,0,0.22753754057276854,0.3454356
C_05093,test,0,0.004095614071346495,3.442478e-21
C_05108,test,0,0.12850427541105297,0.21343073
C_05126,test,0,0.004918361126349882,0.061984282
C_05129,test,0,0.004031426454623072,1.9307576e-09
C_05134,test,0,0.003798424579853514,6.4234155e-17
C_05137,test,0,0.11107481887949253,3.977005e-05
C_05140,test,0,0.005843519463314208,9.746836e-06
C_05146,test,0,0.05548283215189149,1.9776241e-15
C_05150,test,0,0.004539572719351029,7.883613e-20
C_05151,test,0,0.003798424579853514,4.539786e-12
C_05154,test,0,0.12673522214616212,6.6846142e-12
C_05166,test,0,0.004095614071346495,0.062353868
C_05171,test,0,0.0063488488474469215,5.429755e-16
C_05174,test,0,0.14825268705487077,7.0086804e-11
C_05179,test,0,0.058862843489905683,0.02592632
C_05182,test,0,0.022192262444548617,0.0053112125
C_05189,test,0,0.004539572719351029,5.027431e-17
C_05193,test,0,0.08765192334585356,0.108969234
C_05204,test,0,0.01845691875472641,1.3636832e-13
C_05209,test,0,0.018884985532837975,0.0120770605
C_05215,test,0,0.003798424579853514,6.7354335e-09
C_05249,test,0,0.005272713602179786,1.0454439e-05
C_05253,test,0,0.0030755742787161454,2.0973216e-16
C_05261,test,0,0.10572923092017608,8.82039e-09
C_05264,test,0,0.0026003376105508246,0.0015132811
C_05275,test,0,0.058858362687408954,3.913705e-08
C_05283,test,0,0.010578480355182943,0.03573183
C_05290,test,0,0.004539572719351029,2.703259e-06
C_05296,test,0,0.0012181769985215214,0.00096887327
C_05301,test,0,0.004184427701149658,2.8521353e-17
C_05312,test,0,0.13002953293671562,0.20908454
C_05317,test,0,0.004539572719351029,2.1671323e-08
C_05336,test,0,0.0020977204315349766,1.8146015e-10
C_05348,test,0,0.045666626300031356,1.8079212e-05
C_05353,test,0,0.004031426454623072,8.442718e-08
C_05365,test,0,0.06624274459446902,0.12534258
C_05370,test,0,0.06923668431461977,0.056755304
C_05385,test,0,0.06407874443840496,3.2520166e-08
C_05386,test,0,0.15041664257149773,0.011665501
C_05396,test,0,0.03363545529145028,0.039311968
C_05402,test,0,0.12808425523346756,0.021655247
C_05404,test,0,0.005456591659880597,1.1472312e-05
C_05410,test,0,0.1535157086410827,1.7369569e-09
C_05421,test,0,0.004539572719351029,7.008476e-07
C_05426,test,0,0.05624846490423443,0.048658516
C_05436,test,0,0.005456591659880597,1.0964849e-05
C_05447,test,0,0.10579942674169311,0.02223068
C_05454,test,0,0.005843519463314208,9.782363e-06
C_05466,test,0,0.035174406131596433,3.1848965e-24
C_05473,test,0,0.09294685373866383,0.017229475
C_05476,test,0,0.004698634765149174,2.8344316e-19
C_05489,test,0,0.054247915013595056,0.00028844664
C_05496,test,0,0.14048653082890053,0.016299596
C_05497,test,0,0.04594855438638427,2.4025616e-05
C_05498,test,0,0.043638823047535795,0.0029977842
C_05506,test,0,0.09524002165407695,0.0830614
C_05510,test,0,0.019810304577701634,5.029089e-10
C_05515,test,0,0.07407357994322354,1.2417876e-09
C_05516,test,0,0.004860492721545511,0.06327276
C_05518,test,0,0.004540014405314986,0.11425913
C_05532,test,0,0.05886876280348067,0.08510368
C_05533,test,0,0.23831174105154995,5.105003e-10
C_05535,test,0,0.0359169443182527,0.09031664
C_05538,test,0,0.003798424579853514,1.6142499e-15
C_05539,test,0,0.004095614071346495,5.1045004e-06
C_05541,test,0,0.005843519463314208,9.531247e-06
C_05544,test,0,0.004539572719351029,7.5132234e-11
C_05558,test,0,0.3191796552106132,0.7109284
C_05560,test,0,0.01871083976748632,8.369305e-06
C_05566,test,0,0.1878780827293171,0.724742
C_05567,test,0,0.004539572719351029,8.8332006e-13
C_05571,test,0,0.004539572719351029,4.9679314e-13
C_05577,test,0,0.005843519463314208,9.6835565e-06
C_05581,test,0,0.0660740442011078,1.309693e-07
C_05597,test,0,0.004539572719351029,6.3818475e-09
C_05598,test,0,0.075962564332961,7.102618e-17
C_05600,test,0,0.004539572719351029,6.493276e-08
C_05601,test,0,0.013151377724608936,0.0001497854
C_05604,test,0,0.004095614071346495,1.8044471e-05
C_05606,test,0,0.01871083976748632,6.5387336e-05
C_05609,test,0,0.0017394404481816648,0.00052355084
C_05611,test,0,0.0004323073544643934,2.308173e-07
C_05615,test,0,0.02482827822336825,7.678842e-07
C_05618,test,0,0.004095614071346495,1.1013727e-08
C_05645,test,0,0.10377162833711685,2.2712084e-05
C_05649,test,0,0.37959465633001255,0.56211716
C_05655,test,0,0.0330873724010214,4.3685504e-06
C_05661,test,0,0.07639411103387451,6.1684514e-06
C_05664,test,0,0.004357879835925994,1.54419e-08
C_05676,test,0,0.8871726744776998,1.6307187e-16
C_05680,test,0,0.005272713602179786,1.0568536e-05
C_05686,test,0,0.005030067881610482,0.09848759
C_05692,test,0,0.028657392576064464,0.004317116
C_05694,test,0,0.020264807582115022,1.8884865e-09
C_05697,test,0,0.1426977042731495,9.735055e-07
C_05700,test,0,0.04874976507398143,0.079127364
C_05701,test,0,0.013157220294648624,1.6713377e-11
C_05710,test,0,0.047153851891562036,2.4331348e-20
C_05715,test,0,0.004095614071346495,6.38409e-08
C_05717,test,0,0.05740753384501388,2.2502398e-05
C_05718,test,0,0.04260622974655322,0.042138435
C_05720,test,0,0.03140832206767046,0.020232392
C_05742,test,0,0.024868930394639572,0.000114318114
C_05751,test,0,0.004539572719351029,3.4271322e-15
C_05762,test,0,0.012878669448373046,4.78971e-10
C_05765,test,0,0.13339149369620892,0.0014116658
C_05775,test,0,0.005272713602179786,1.02168915e-05
C_05780,test,0,0.13051511153874065,1.2633448e-07
C_05785,test,0,0.00776403466005643,8.340939e-06
C_05789,test,0,0.004095614071346495,3.9635544e-09
C_05808,test,0,0.014836806180196505,4.3554362e-05
C_05812,test,0,0.0021921134890788654,0.006640251
C_05813,test,0,0.004631719873938708,3.4091875e-06
C_05817,test,0,0.016898926634873853,0.037486684
C_05829,test,0,0.058095737232987964,1.8098304e-07
C_05838,test,0,0.10494408807244796,5.074632e-07
C_05850,test,0,0.014980398375082075,2.1294218e-10
C_05860,test,0,0.09514453370007697,3.9140937e-07
C_05861,test,0,0.018512693416941367,5.4352407e-05
C_05866,test,0,0.21310443805312337,0.2977467
C_05869,test,0,0.04292651101126237,2.6764646e-23
C_05882,test,0,0.005272713602179786,1.0203687e-05
C_05886,test,0,0.005456591659880597,1.1079813e-05
C_05888,test,0,0.02123818368970585,0.00027381824
C_05892,test,0,0.022192262444548617,0.0017677861
C_05897,test,0,0.04616673558817859,0.059549216
C_05903,test,0,0.056901805308576484,0.02524672
C_05905,test,0,0.008420953510319054,6.9559614e-13
C_05911,test,0,0.15115924378284593,2.0345946e-05
C_05914,test,0,0.016056713036807085,1.4144771e-07
C_05921,test,0,0.07129752508650637,0.001413013
C_05924,test,0,0.015835921855219107,0.12437845
C_05928,test,0,0.19227754978205494,2.0524993e-09
C_05932,test,0,0.020151178536267002,1.7462527e-06
C_05934,test,0,0.02855532206337588,2.7323402e-13
C_05937,test,0,0.005456591659880597,0.089754
C_05945,test,0,0.003798424579853514,9.570447e-08
C_05948,test,0,0.15653475616670748,1.1949681e-05
C_05952,test,0,0.0062075713251074135,4.0683442e-08
C_05954,test,0,0.007143457444468414,8.7219405e-06
C_05958,test,0,0.004539572719351029,5.254619e-06
C_05971,test,0,0.005843519463314208,9.6536e-06
C_05975,test,0,0.07773516961725276,0.97569376
C_05976,test,0,0.04606624917299842,0.0033293194
C_05983,test,0,0.003798424579853514,3.2724043e-13
C_05991,test,0,0.0324366133474618,0.0055971844
C_05992,test,0,0.004095614071346495,6.1299223e-09
C_05999,test,0,0.005305884929470372,3.8095539e-13
C_06000,test,0,0.11157005775298379,1.3275534e-13
C_06006,test,0,0.004918361126349882,3.3253925e-15
C_06010,test,0,0.023712116460944982,8.452627e-12
C_06012,test,0,0.03837092385016287,5.76113e-10
C_06019,test,0,0.049038662220411346,1.7001932e-09
C_06033,test,0,0.04870632890267534,8.690619e-20
C_06057,test,0,0.0033635872956961684,1.5882815e-18
C_06062,test,0,0.20652837234692697,6.831128e-11
C_06066,test,0,0.014432579466743136,0.00015636133
C_06068,test,0,0.004184427701149658,2.7651934e-08
C_06080,test,0,0.005272713602179786,0.06160123
C_06089,test,0,0.0526041584526015,3.6564796e-12
C_06102,test,0,0.05668589931347432,0.052958976
C_06105,test,0,0.1318591130088439,7.352435e-05
C_06107,test,0,0.08151934348885924,0.4861078
C_06108,test,0,0.021227507922681143,6.2541634e-09
C_06111,test,0,0.004539572719351029,6.0161307e-09
C_06121,test,0,0.047745278524585114,2.4739553e-09
C_06130,test,0,0.20984368072462417,1.1551823e-12
C_06134,test,0,0.12126615343115822,0.0837304
C_06136,test,0,0.057542348594733096,0.06961095
C_06138,test,0,0.016059161461551737,0.029186714
C_06148,test,0,0.004266181809157552,5.5591572e-05
C_06150,test,0,0.005456591659880597,1.1432065e-05
C_06160,test,0,0.008582911879062292,0.032144148
C_06164,test,0,0.10313488480453505,2.8104438e-07
C_06174,test,0,0.20120023614669613,0.6866099
C_06184,test,0,0.026814843241207996,0.02429327
C_06202,test,0,0.15101451116742695,0.76821715
C_06203,test,0,0.033576216026266474,1.1814798e-06
C_06204,test,0,0.005843519463314208,9.469358e-06
C_06215,test,0,0.015796881479963228,0.0119214915
C_06224,test,0,0.003798424579853514,2.8862897e-07
C_06230,test,0,0.004539572719351029,5.0524786e-11
C_06236,test,0,0.005456591659880597,1.1247609e-05
C_06244,test,0,0.0044684584764136765,0.00035739475
C_06246,test,0,0.005305884929470372,5.273309e-06
C_06266,test,0,0.004095614071346495,5.1880133e-15
C_06267,test,0,0.0039365043285685694,3.9393484e-08
C_06268,test,0,0.22420012062231637,0.59728223
C_06275,test,0,0.004095614071346495,3.5412502e-09
C_06285,test,0,0.002460796260052263,0.0024211039
C_06291,test,0,0.05908031466262914,0.0051171123
C_06296,test,0,0.00776403466005643,8.345379e-06
C_06298,test,0,0.004539572719351029,1.2668464e-06
C_06302,test,0,0.0030755742787161454,8.443429e-15
C_06306,test,0,0.01871083976748632,1.8534774e-07
C_06307,test,0,0.07866226129533484,0.054789532
C_06310,test,0,0.022161482016645168,0.06030405
C_06331,test,0,0.19326358481843098,9.540585e-10
C_06347,test,0,0.004095614071346495,2.3301752e-07
C_06358,test,0,0.004369877937045779,8.535218e-12
C_06366,test,0,0.07984217313847065,0.24702245
C_06373,test,0,0.005843519463314208,9.473594e-06
C_06375,test,0,0.021482113515055877,0.06505582
C_06383,test,0,0.005843519463314208,0.047466364
C_06390,test,0,0.00020805798808229347,7.025807e-06
C_06397,test,0,0.2535229299866931,0.07789843
C_06420,test,0,0.006466138958731032,1.3452026e-12
C_06421,test,0,0.004095614071346495,5.381051e-16
C_06423,test,0,0.1163501500370163,0.3400996
C_06424,test,0,0.004095614071346495,6.0184075e-15
C_06436,test,0,0.019115542885106612,2.0934363e-09
C_06449,test,0,0.004539572719351029,1.4443821e-11
C_06450,test,0,0.14868897307501322,0.6457758
C_06465,test,0,0.0029027561602434264,1.9532202e-07
C_06469,test,0,0.23433142451912725,0.0003592832
C_06476,test,0,0.35499561332089397,0.63297695
C_06480,test,0,0.9434637261454341,0.11184181
C_06483,test,0,0.012284892885957154,0.029499982
C_06493,test,0,0.005272713602179786,1.0195984e-05
C_06497,test,0,0.03332804036679283,0.02598218
C_06503,test,0,0.005990976781836614,6.3834486e-05
C_06510,test,0,0.18239260260760204,0.00050169235
C_06511,test,0,0.0068973822815959224,1.6679882e-10
C_06515,test,0,0.005843519463314208,9.664109e-06
C_06534,test,0,0.0079446219770326,1.0351769e-08
C_06536,test,0,0.015292289149424676,2.2605642e-08
C_06548,test,0,0.04869290633359376,0.015282269
C_06549,test,0,0.05076427114124855,0.0056634056
C_06550,test,0,0.01871083976748632,3.546788e-08
C_06551,test,0,0.295104119653651,0.030883025
C_06560,test,0,0.005843519463314208,9.729868e-06
C_06570,test,0,0.004095614071346495,2.8276492e-19
C_06580,test,0,0.003798424579853514,1.6620986e-12
C_06587,test,0,0.004539572719351029,3.6289587e-12
C_06589,test,0,0.004560591045704436,8.925865e-05
C_06590,test,0,0.2748520589186795,3.603885e-05
C_06591,test,0,0.004539572719351029,9.16872e-07
C_06606,test,0,0.004095614071346495,8.5154645e-15
C_06615,test,0,0.1384515812472109,0.17191626
C_06620,test,0,0.05629209317072733,0.36810187
C_06623,test,0,0.004539572719351029,2.1047797e-12
C_06628,test,0,0.3546176040698661,0.4720143
C_06630,test,0,0.003642702501556624,6.3828947e-09
C_06631,test,0,0.0397855694053659,0.0002922141
C_06641,test,0,0.1240154231198656,0.06096688
C_06644,test,0,0.005843519463314208,9.467128e-06
C_06662,test,0,0.004095614071346495,0.014764264
C_06667,test,0,0.005843519463314208,9.499749e-06
C_06672,test,0,0.025743130004816997,2.8753956e-08
C_06673,test,0,0.035899668249856194,0.004927163
C_06674,test,0,0.004698634765149174,0.0047827293
C_06675,test,0,0.24151413716384787,8.483916e-15
C_06714,test,0,0.7871451935937258,0.75436324
C_06727,test,0,0.005272713602179786,1.0348223e-05
C_06758,test,0,0.24359565805368905,3.50516e-07
C_06779,test,0,0.035888353763302884,0.0847725
C_06803,test,0,0.004095614071346495,3.0333684e-09
C_06814,test,0,0.013475887216385584,1.6883721e-09
C_06826,test,0,0.005843519463314208,9.679375e-06
C_06835,test,0,0.04746440383696663,0.0054490347
C_06848,test,0,0.03458524282517227,0.09189712
C_06857,test,0,0.0033228017437224627,3.0343292e-20
C_06866,test,0,0.05235877408590867,0.00024014436
C_06870,test,0,0.10772054693111764,2.2851265e-12
C_06872,test,0,0.02110695513398903,0.04884885
C_06883,test,0,0.005456591659880597,1.1048359e-05
C_06890,test,0,0.12841028373136606,0.014423335
C_06894,test,0,0.26689427909215513,0.0010370732
C_06897,test,0,0.026742600826237653,0.006025832
C_06900,test,0,0.12316765019238271,0.044678655
C_06906,test,0,0.045601589866932205,0.7337631
C_06918,test,0,0.02516575569290797,0.037722606
C_06927,test,0,0.0052181259810482996,3.7399943e-07
C_06932,test,0,0.004539572719351029,3.518054e-11
C_06936,test,0,0.16865872716769456,0.0102513
C_06946,test,0,0.004095614071346495,1.5214192e-06
C_06949,test,0,0.11386873752010784,0.034875076
C_06953,test,0,0.04190175344031075,0.0437319
C_06958,test,0,0.05753853612615665,0.19770986
C_06964,test,0,0.12861175191279509,4.5063112e-13
C_06969,test,0,0.004095614071346495,3.8701044e-14
C_06974,test,0,0.08664487154612956,3.6393076e-12
C_06984,test,0,0.003798424579853514,1.1089126e-08
C_06985,test,0,0.0057896444759458566,0.040733125
C_07003,test,0,0.004539572719351029,5.894135e-12
C_07013,test,0,0.013061942503881208,1.7054116e-10
C_07014,test,0,0.004031426454623072,3.8993035e-15
C_07027,test,0,0.0037750696165450848,0.020394431
C_07034,test,0,0.018899603105269638,0.09189364
C_07036,test,0,0.024028181368802918,0.83877707
C_07038,test,0,0.05258395673348047,5.6612917e-05
C_07039,test,0,0.6798376268798112,0.6491313
C_07040,test,0,0.03787434998470907,1.565102e-10
C_07054,test,0,0.05243762285462191,0.00018208982
C_07055,test,0,0.004095614071346495,2.807957e-05
C_07056,test,0,0.004357879835925994,0.00050125713
C_07067,test,0,0.002301987133424259,0.002468179
C_07069,test,0,0.005843519463314208,9.560133e-06
C_07076,test,0,0.004698634765149174,0.007171458
C_07080,test,0,0.062183181551492925,1.1217337e-12
C_07085,test,0,0.004095614071346495,1.6259244e-07
C_07090,test,0,0.006060186056877356,0.12050223
C_07106,test,0,0.07347975196677234,3.670286e-16
C_07112,test,0,0.010865980860254249,4.6936924e-07
C_07127,test,0,0.15110736479881054,1.868183e-05
C_07130,test,0,0.0021945304202896946,0.0339694
C_07134,test,0,0.03841819879060551,9.110989e-13
C_07137,test,0,0.04756276359489628,0.7942945
C_07141,test,0,0.041779400034566094,0.2537429
C_07151,test,0,0.0348960258858457,9.799465e-11
C_07155,test,0,0.03688105657095351,0.0026460523
C_07161,test,0,0.003798424579853514,7.2374957e-07
C_07162,test,0,0.001809867607155883,4.105472e-12
C_07176,test,0,0.004095614071346495,1.620382e-08
C_07178,test,0,0.2098805715160007,0.2544958
C_07182,test,0,0.19938221696263436,2.3368648e-07
C_07188,test,0,0.0033468268858024464,6.3167124e-11
C_07194,test,0,0.03306068337011367,0.011119025
C_07196,test,0,0.007527989490623293,0.00022927354
C_07203,test,0,0.052126734357176394,0.0021227924
C_07206,test,0,0.13776445446640742,0.079868026
C_07213,test,0,0.024025214416821553,0.07479969
C_07217,test,0,0.04038751468334205,0.02099812
C_07218,test,0,0.001126337677368562,8.436745e-12
C_07224,test,0,0.005456591659880597,1.0960521e-05
C_07227,test,0,0.04556397889914291,4.8573137e-09
C_07230,test,0,0.0014067961128314938,0.0050792894
C_07234,test,0,0.03652479727550902,6.276081e-16
C_07235,test,0,0.0001852520016367368,0.00069227937
C_07237,test,0,0.42280091209817283,0.10015944
C_07246,test,0,0.02108911001595837,0.0014372995
C_07257,test,0,0.15239768676856305,1.8482981e-06
C_07261,test,0,0.004095614071346495,4.2802185e-07
C_07267,test,0,0.10559406848076547,0.19685449
C_07268,test,0,0.03113381114861507,0.032082435
C_07271,test,0,0.004095614071346495,5.428384e-10
C_07273,test,0,0.14752631898492444,0.24124593
C_07278,test,0,0.0026606819732496127,0.0004709117
C_07279,test,0,0.104409609549304,0.60116875
C_07291,test,0,0.15196235865305524,0.028152335
C_07300,test,0,0.005272713602179786,1.0258278e-05
C_07303,test,0,0.047211027910197115,1.6797964e-12
C_07305,test,0,0.004031426454623072,6.811179e-07
C_07307,test,0,0.05659351854077091,8.681443e-12
C_07310,test,0,0.004095614071346495,3.542667e-10
C_07321,test,0,0.005990976781836614,4.1927215e-06
C_07341,test,0,0.00459538539217421,2.0426042e-23
C_07345,test,0,0.030039955236480575,6.3720136e-06
C_07359,test,0,0.17373146388296515,0.31865954
C_07361,test,0,0.0030755742787161454,0.00010036024
C_07363,test,0,0.09688549144924057,2.9450166e-07
C_07365,test,0,0.004095614071346495,6.0211933e-09
C_07367,test,0,0.04833932840690011,0.14663598
C_07376,test,0,0.005843519463314208,9.845574e-06
C_07386,test,0,0.02220993086340813,0.10924509
C_07388,test,0,0.031282785968500315,1.4045837e-07
C_07391,test,0,0.002218341204241669,2.0907658e-10
C_07394,test,0,0.03508164564678022,0.14477077
C_07395,test,0,0.19095279448652472,1.1260677e-07
C_07404,test,0,0.2491079187211666,1.1227122e-19
C_07421,test,0,0.07074894171439751,0.33151868
C_07427,test,0,0.00776403466005643,8.343222e-06
C_07433,test,0,0.04742690972495888,0.04576635
C_07434,test,0,0.004539572719351029,1.6449005e-09
C_07436,test,0,0.005000034726964258,3.5486423e-08
C_07450,test,0,0.11783370121580496,0.06375258
C_07451,test,0,0.1492149675545294,0.002696416
C_07452,test,0,0.044849237979454865,0.16134743
C_07460,test,0,0.004095614071346495,1.5134458e-05
C_07467,test,0,0.0028201359063014524,3.799079e-07
C_07472,test,0,0.004095614071346495,1.7216853e-09
C_07474,test,0,0.07690621303714636,1.6068791e-06
C_07478,test,0,0.190239786512907,6.108846e-08
C_07481,test,0,0.004539572719351029,1.5875648e-06
C_07484,test,0,0.004550017963769062,0.002678484
C_07488,test,0,0.004539572719351029,4.4811445e-14
C_07490,test,0,0.007143457444468414,8.675551e-06
C_07494,test,0,0.004539572719351029,4.5326374e-06
C_07496,test,0,0.041796089604410974,2.5325866e-07
C_07499,test,0,0.2064234586770009,2.5204603e-09
C_07501,test,0,0.004931714004554972,0.0028671068
C_07503,test,0,0.15378357169120344,3.4125014e-07
C_07517,test,0,0.005272713602179786,1.0564001e-05
C_07518,test,0,0.05990945828809806,0.07219559
C_07519,test,0,0.015432575542765616,0.0011580278
C_07540,test,0,0.004095614071346495,1.5778325e-07
C_07546,test,0,0.018512693416941367,5.955326e-16
C_07548,test,0,0.015548801127366797,0.0057404917
C_07551,test,0,0.179903080581266,1.8726658e-08
C_07554,test,0,0.07103209433105628,0.0014477884
C_07561,test,0,0.004539572719351029,4.4967808e-13
C_07562,test,0,0.005272713602179786,9.909422e-06
C_07567,test,0,0.015838652791523057,0.0018783852
C_07569,test,0,0.017021914928546978,1.4030552e-14
C_07571,test,0,0.0025074864408510438,2.2827463e-21
C_07586,test,0,0.03054068207088786,0.02474609
C_07588,test,0,0.00776403466005643,8.29607e-06
C_07590,test,0,0.022192262444548617,0.0017738197
C_07597,test,0,0.004095614071346495,4.972039e-07
C_07605,test,0,0.12166632980920364,1.2930695e-05
C_07609,test,0,0.0022266366867173403,1.0803051e-08
C_07616,test,0,0.05391684095598545,0.017615825
C_07621,test,0,0.005272713602179786,1.0177119e-05
C_07622,test,0,0.028796375594265476,2.8128083e-05
C_07623,test,0,0.09935070261547481,0.00016397923
C_07625,test,0,0.04564809927470194,0.00010773494
C_07636,test,0,0.16776790957075782,6.384586e-13
C_07637,test,0,0.005272713602179786,0.07182281
C_07639,test,0,0.08239564113154126,0.105402425
C_07644,test,0,0.06550082599436564,1.4667653e-17
C_07645,test,0,0.004031426454623072,2.7359873e-08
C_07647,test,0,0.0043143337138431,0.0038191082
C_07648,test,0,0.04132332145418824,2.0793796e-06
C_07658,test,0,0.004095614071346495,1.2909076e-09
C_07659,test,0,0.005843519463314208,9.620816e-06
C_07663,test,0,0.004095614071346495,0.000103306025
C_07664,test,0,0.005843519463314208,9.555948e-06
C_07671,test,0,0.5483357437240733,4.4048374e-09
C_07679,test,0,0.1744545653285138,0.0055516018
C_07680,test,0,0.04681240565519067,5.2128266e-09
C_07683,test,0,0.03287869721706216,0.03183351
C_07688,test,0,0.04577449677902472,1.36423605e-05
C_07706,test,0,0.004539572719351029,9.638234e-18
C_07709,test,0,0.011609661476901293,1.1863364e-07
C_07722,test,0,0.02855532206337588,1.6893616e-12
C_07735,test,0,0.10635125327871,3.945315e-06
C_07737,test,0,0.0024614487739770606,1.9889993e-07
C_07740,test,0,0.011382087252353948,0.0031630099
C_07743,test,0,0.06923668431461977,0.080833815
C_07752,test,0,0.004539572719351029,0.00017632567
C_07758,test,0,0.04563474666172953,9.712393e-05
C_07761,test,0,0.004539572719351029,3.3602367e-11
C_07770,test,0,0.04776979272954742,0.12335135
C_07772,test,0,0.04007309925735119,0.0002729511
C_07780,test,0,0.05619941985210871,2.019474e-05
C_07784,test,0,0.0704911643704341,0.09973984
C_07786,test,0,0.035477265133157514,0.0061325943
C_07787,test,0,0.09476551945557452,6.9792255e-11
C_07793,test,0,0.16403630175935863,0.04551251
C_07795,test,0,0.05136994055542104,0.00019891743
C_07797,test,0,0.03851183251446341,0.00028284892
C_07798,test,0,0.004539572719351029,2.3799862e-10
C_07812,test,0,0.004429337641074376,0.0051672114
C_07821,test,0,0.015487930330439647,0.13576755
C_07825,test,0,0.005843519463314208,9.560178e-06
C_07826,test,0,0.004095614071346495,9.344054e-17
C_07828,test,0,0.004539572719351029,4.7656046e-11
C_07833,test,0,0.12456133131821157,0.0010972619
C_07835,test,0,0.005843519463314208,9.884316e-06
C_07851,test,0,0.0044684584764136765,7.5170997e-06
C_07856,test,0,0.0033228017437224627,3.1013616e-12
C_07857,test,0,0.004539572719351029,1.3576907e-05
C_07880,test,0,0.01871083976748632,0.011309328
C_07890,test,0,0.0906198458563224,8.82354e-08
C_07903,test,0,0.004526497471765104,0.0009216488
C_07910,test,0,0.03537610410579455,1.7588181e-11
C_07919,test,0,0.004095614071346495,1.4554948e-10
C_07922,test,0,0.004526497471765104,2.1470914e-08
C_07925,test,0,0.005674636007227919,0.042018037
C_07926,test,0,0.19835204975760065,0.5107373
C_07930,test,0,0.0405677838942353,6.8057933e-15
C_07935,test,0,0.017131782062905956,0.039365906
C_07937,test,0,0.004095614071346495,1.4982597e-23
C_07958,test,0,0.003798424579853514,1.8682277e-08
C_07971,test,0,0.04739888781421134,0.06892165
C_07977,test,0,0.15013900943492464,0.007935906
C_07998,test,0,0.03711085511141364,6.126584e-15
C_08002,test,0,0.014890439803657896,0.018738214
C_08007,test,0,0.0002698956495161714,2.078992e-09
C_08011,test,0,0.05570611927650049,0.2171018
C_08014,test,0,0.01954340150056318,0.11067271
C_08019,test,0,0.019798095179179697,0.08217353
C_08031,test,0,0.0225582778007066,5.7247653e-13
C_08034,test,0,0.004095614071346495,3.1014485e-17
C_08047,test,0,0.0033228017437224627,7.6813625e-12
C_08054,test,0,0.004539572719351029,1.2510378e-05
C_08063,test,0,0.19494727236049766,3.3272294e-13
C_08064,test,0,0.004539572719351029,7.370428e-05
C_08067,test,0,0.005843519463314208,0.051182114
C_08080,test,0,0.002165946548810579,1.9691774e-08
C_08083,test,0,0.007042010628773401,0.07573042
C_08086,test,0,0.05230267538984715,0.00023322745
C_08096,test,0,0.1413414101479922,0.61268485
C_08104,test,0,0.04876224085080384,0.039132565
C_08125,test,0,0.004698634765149174,1.6011703e-09
C_08127,test,0,0.004095614071346495,2.2127301e-16
C_08129,test,0,0.1398670060204588,3.252329e-14
C_08132,test,0,0.044457838194315875,0.00021782544
C_08146,test,0,0.0013442841899788459,0.04590364
C_08148,test,0,0.022452212119707205,3.847279e-06
C_08154,test,0,0.004095614071346495,3.5063945e-09
C_08166,test,0,0.0033228017437224627,6.278159e-14
C_08170,test,0,0.286807251145313,0.39632356
C_08181,test,0,0.004095614071346495,3.9012502e-05
C_08186,test,0,0.004095614071346495,1.2078372e-15
C_08190,test,0,0.004031426454623072,2.470401e-23
C_08195,test,0,0.046885017163860745,2.7312787e-12
C_08200,test,0,0.004095614071346495,6.2536575e-18
C_08201,test,0,0.005843519463314208,9.692232e-06
C_08206,test,0,0.004698634765149174,6.104231e-09
C_08220,test,0,0.0031154970968036845,0.17476171
C_08226,test,0,0.014687978430999653,1.6671304e-09
C_08233,test,0,0.004539572719351029,9.7376066e-11
C_08252,test,0,0.004095614071346495,1.147124e-05
C_08257,test,0,0.01723606735096056,1.7885299e-08
C_08259,test,0,0.004095614071346495,1.3910248e-21
C_08261,test,0,0.14820668698794678,3.2405478e-05
C_08268,test,0,0.17211201931819162,2.6488617e-20
C_08282,test,0,0.004095614071346495,3.8196812e-17
C_08283,test,0,0.025140684073877952,0.062731065
C_08303,test,0,0.0031747674155223624,1.686561e-19
C_08321,test,0,0.004095614071346495,1.3731048e-10
C_08322,test,0,0.06923668431461977,0.09564183
C_08328,test,0,0.005843519463314208,9.775629e-06
C_08338,test,0,0.0505692046073436,0.093981065
C_08341,test,0,0.004095614071346495,1.7570759e-06
C_08351,test,0,0.004860492721545511,0.05821496
C_08352,test,0,0.022192262444548617,0.0018946371
C_08358,test,0,0.004095614071346495,1.0725506e-08
C_08360,test,0,0.03508164564678022,0.1356792
C_08372,test,0,0.21703791361063118,3.824412e-21
C_08393,test,0,0.020151178536267002,2.0199707e-15
C_08402,test,0,0.17009992042305558,2.6821074e-15
C_08403,test,0,0.3439971657733608,0.6962694
C_08408,test,0,0.01588523464523796,0.027563432
C_08410,test,0,0.0031747674155223624,7.377306e-09
C_08413,test,0,0.004095614071346495,2.0503718e-08
C_08417,test,0,0.24176485719397267,7.9841877e-19
C_08430,test,0,0.003798424579853514,4.088804e-08
C_08432,test,0,0.06381414534451137,9.4703064e-05
C_08434,test,0,0.04950244060683652,2.4662304e-15
C_08440,test,0,0.1393031733522825,3.727754e-14
C_08461,test,0,0.03113381114861507,0.028440354
C_08464,test,0,0.004184427701149658,0.10620244
C_08467,test,0,0.06964475701248524,1.2182389e-16
C_08471,test,0,0.004095614071346495,4.2712448e-13
C_08473,test,0,0.06442094742596696,0.0018618859
C_08481,test,0,0.0588209858864601,0.00015553249
C_08483,test,0,0.23106080069198937,0.16144213
C_08491,test,0,0.07971085425769955,0.27045614
C_08492,test,0,0.2087459258963187,0.0020504938
C_08497,test,0,0.004539572719351029,2.8730301e-21
C_08500,test,0,0.21604882234457617,3.9941763e-24
C_08505,test,0,0.003798424579853514,2.3687218e-07
C_08528,test,0,0.004095614071346495,1.6733e-14
C_08530,test,0,0.04166910367925369,2.3631136e-18
C_08536,test,0,0.1395226239531059,0.42346895
C_08537,test,0,0.01871083976748632,0.006139229
C_08543,test,0,0.1084746897052797,8.61642e-18
C_08548,test,0,0.1269672385658015,0.07141721
C_08552,test,0,0.007042010628773401,0.09571789
C_08562,test,0,0.07299591918767424,0.09054458
C_08564,test,0,0.018884985532837975,5.417157e-08
C_08568,test,0,0.42365059802137955,0.48706925
C_08572,test,0,0.3515600620971009,0.21927452
C_08576,test,0,0.06893469387818352,0.97284466
C_08579,test,0,0.03841819879060551,4.113051e-12
C_08584,test,0,0.004561929463950255,1.1731717e-05
C_08587,test,0,0.004095614071346495,1.3550293e-27
C_08594,test,0,0.022192262444548617,0.00011640062
C_08597,test,0,0.004095614071346495,7.814553e-07
C_08604,test,0,0.004539572719351029,2.0077595e-19
C_08612,test,0,0.005272713602179786,1.0219727e-05
C_08615,test,0,0.12987731208005862,3.0061186e-17
C_08636,test,0,0.012842666807099983,0.00015144877
C_08642,test,0,0.026249813045774627,0.06998842
C_08646,test,0,0.01147313913563756,0.0662338
C_08647,test,0,0.049176609960262074,2.2538152e-06
C_08648,test,0,0.042319144974615225,3.7236958e-05
C_08669,test,0,0.04871374386561051,5.9440695e-06
C_08673,test,0,0.008420953510319054,1.4078108e-05
C_08678,test,0,0.026814843241207996,0.055924438
C_08682,test,0,0.1828701616866209,0.21854366
C_08685,test,0,0.1764656430836758,0.96007
C_08687,test,0,0.0827491569155757,4.427215e-10
C_08696,test,0,0.004095614071346495,9.1654515e-18
C_08702,test,0,0.04518142006876296,6.5179756e-10
C_08717,test,0,0.0047403142882064455,0.00010985791
C_08735,test,0,0.04366196455157682,0.36580646
C_08736,test,0,0.10992913831927449,0.38955027
C_08748,test,0,0.005843519463314208,9.494097e-06
C_08770,test,0,0.024392467505693603,4.8314813e-08
C_08774,test,0,0.1895317417515013,3.738332e-08
C_08779,test,0,0.009371555907295957,0.070908755
C_08783,test,0,0.004814986330083575,0.00012371669
C_08784,test,0,0.021994158095404105,0.07890384
C_08786,test,0,0.07582437812479305,3.8791415e-11
C_08787,test,0,0.005272713602179786,1.0401284e-05
C_08788,test,0,0.004539572719351029,1.8043136e-21
C_08793,test,0,0.06787940215593362,8.274586e-09
C_08794,test,0,0.1849146048020941,0.010619474
C_08795,test,0,0.009969271600648023,3.309637e-11
C_08801,test,0,0.20897461399850317,3.046509e-19
C_08803,test,0,0.004095614071346495,7.126427e-15
C_08825,test,0,0.1511746338713242,0.0005915079
C_08827,test,0,0.09885252469060546,5.865178e-20
C_08828,test,0,0.14906007054184497,4.3953474e-12
C_08832,test,0,0.004095614071346495,0.00013786112
C_08876,test,0,0.06545400603847114,0.011454438
C_08877,test,0,0.020151178536267002,3.568044e-06
C_08883,test,0,0.19074507718539613,2.8779508e-05
C_08891,test,0,0.0002576498697638303,9.828324e-12
C_08893,test,0,0.005843519463314208,9.543699e-06
C_08896,test,0,0.010963360230169661,0.00713182
C_08914,test,0,0.016355875591382938,9.71039e-09
C_08918,test,0,0.02709398018932856,1.837297e-15
C_08921,test,0,0.005683515800836156,1.3843998e-05
C_08931,test,0,0.042319144974615225,1.0369159e-08
C_08933,test,0,0.01601579220269979,5.0032253e-11
C_08936,test,0,0.21886668639950624,0.11365468
C_08939,test,0,0.05275456445553857,4.059192e-11
C_08940,test,0,0.05524541466697637,0.067258045
C_08948,test,0,0.08326382716736307,2.870766e-11
C_08950,test,0,0.04876224085080384,0.0065115546
C_08958,test,0,0.011552257500548656,1.026785e-14
C_08961,test,0,0.25693621889793994,0.4832703
C_08994,test,0,0.004539572719351029,3.1174878e-08
C_09004,test,0,0.004539572719351029,2.1624025e-10
C_09010,test,0,0.02636428078421629,0.062039714
C_09014,test,0,0.005843519463314208,9.6537005e-06
C_09018,test,0,0.06726057451616463,0.08962082
C_09029,test,0,0.004188853849277641,4.890424e-10
C_09034,test,0,0.07326488291856334,1.5983493e-07
C_09047,test,0,0.00330711251938608,3.9664367e-16
C_09048,test,0,0.004539572719351029,3.3945626e-06
C_09056,test,0,0.3386343612933498,6.937525e-11
C_09063,test,0,0.02636428078421629,0.059576884
C_09065,test,0,0.004095614071346495,2.7527537e-19
C_09080,test,0,0.013157220294648624,3.4098863e-11
C_09104,test,0,0.0044684584764136765,1.53691e-10
C_09105,test,0,0.15531583499090376,0.0011763816
C_09116,test,0,0.0017487918158827845,0.004055674
C_09123,test,0,0.004539572719351029,5.437837e-06
C_09124,test,0,0.004095614071346495,2.3489946e-10
C_09131,test,0,0.10627158163405498,0.0002975942
C_09145,test,0,0.08451788193617137,0.02789456
C_09158,test,0,0.1746543180781285,0.059108417
C_09164,test,0,0.01871083976748632,2.8830824e-09
C_09169,test,0,0.00776403466005643,8.435075e-06
C_09183,test,0,0.01240456878874365,6.4441774e-10
C_09187,test,0,0.004539572719351029,1.6943329e-10
C_09195,test,0,0.0989599779932764,4.161025e-09
C_09197,test,0,0.19375723247114973,3.1883708e-18
C_09214,test,0,0.04594855438638427,6.1519917e-12
C_09223,test,0,0.19074507718539613,1.6278404e-13
C_09227,test,0,0.005843519463314208,9.529465e-06
C_09228,test,0,0.07418784023905514,0.0013233306
C_09229,test,0,0.005831356137835461,2.131119e-11
C_09234,test,0,0.004539572719351029,5.707921e-09
C_09241,test,0,0.0022266366867173403,2.2272486e-13
C_09243,test,0,0.012727527713487454,1.8857825e-10
C_09246,test,0,0.005674636007227919,0.039754465
C_09261,test,0,0.04472208453650354,2.2769132e-07
C_09262,test,0,0.1983901991324521,0.09178711
C_09270,test,0,0.0015066177507569334,1.3113486e-17
C_09272,test,0,0.004539572719351029,1.6022861e-08
C_09274,test,0,0.027490185998442846,8.207077e-05
C_09278,test,0,0.015838652791523057,7.616071e-14
C_09279,test,0,0.004539572719351029,6.844205e-07
C_09292,test,0,0.005488940310593208,1.1564185e-05
C_09303,test,0,0.005843519463314208,9.6253125e-06
C_09304,test,0,0.004095614071346495,1.1327897e-15
C_09309,test,0,0.0015662436303517486,1.711481e-08
C_09311,test,0,0.1964748768993337,1.225373e-07
C_09312,test,0,0.004266181809157552,0.00022769763
C_09315,test,0,0.004095614071346495,6.782307e-09
C_09317,test,0,0.41692299893660023,0.94525844
C_09318,test,0,0.004095614071346495,3.2597412e-16
C_09323,test,0,0.2357708589367675,4.408529e-12
C_09326,test,0,0.0002476269777382036,9.408955e-21
C_09330,test,0,0.006075138509522331,0.080769554
C_09334,test,0,0.12859131251259043,3.4081928e-09
C_09349,test,0,0.017385386727178494,5.2785097e-05
C_09364,test,0,0.06835969791642896,0.3536729
C_09387,test,0,0.0704911643704341,0.119486086
C_09392,test,0,0.015677268658500106,1.0338894e-06
C_09394,test,0,0.18925318676517308,1.3262791e-11
C_09411,test,0,0.004539572719351029,5.7361005e-09
C_09419,test,0,0.005843519463314208,9.650654e-06
C_09432,test,0,0.003798424579853514,2.5692196e-25
C_09438,test,0,0.003798424579853514,9.1321496e-08
C_09440,test,0,0.025140684073877952,0.0600499
C_09466,test,0,0.022081226310733785,0.083030775
C_09467,test,0,0.003798424579853514,8.3675866e-10
C_09477,test,0,0.014258188962163146,7.110988e-19
C_09478,test,0,0.021829266641572073,0.017525444
C_09486,test,0,0.01546461434908346,1.9230999e-11
C_09488,test,0,0.05250329388684143,3.4789868e-05
C_09504,test,0,0.004539572719351029,6.2898127e-09
C_09526,test,0,0.1935572304584144,0.5731973
C_09530,test,0,0.017148809067318315,9.870358e-10
C_09531,test,0,0.34055411270526825,0.48531982
C_09540,test,0,0.004539572719351029,4.299482e-18
C_09547,test,0,0.11386873752010784,8.527947e-05
C_09548,test,0,0.047211027910197115,0.00035472703
C_09550,test,0,0.017870627851693903,0.069013685
C_09553,test,0,0.004095614071346495,3.3295923e-16
C_09555,test,0,0.004539572719351029,5.974167e-07
C_09557,test,0,0.2122617184114121,0.14689659
C_09560,test,0,0.06286770015244307,1.3338976e-07
C_09573,test,0,0.1318591130088439,1.5479554e-16
C_09580,test,0,0.005843519463314208,9.744968e-06
C_09582,test,0,0.005272713602179786,1.0196868e-05
C_09583,test,0,0.004539572719351029,8.0545436e-07
C_09584,test,0,0.05838570554894477,0.2700035
C_09591,test,0,0.004095614071346495,6.003386e-06
C_09607,test,0,0.02455599296947119,0.07977435
C_09611,test,0,0.005843519463314208,9.6175045e-06
C_09613,test,0,0.224622809164183,0.1579755
C_09614,test,0,0.003798424579853514,1.4296393e-06
C_09627,test,0,0.016987422299333442,1.0953382e-10
C_09633,test,0,0.021349151629091873,0.05530475
C_09636,test,0,0.10075334021238845,7.172003e-10
C_09640,test,0,0.005456591659880597,0.08237032
C_09649,test,0,0.02494813076434906,0.031872917
C_09672,test,0,0.05286128305887232,0.022253815
C_09687,test,0,0.01839377702880139,1.3852104e-10
C_09694,test,0,0.05624846490423443,6.0522143e-07
C_09698,test,0,0.6396838680267901,3.1948396e-08
C_09699,test,0,0.004539572719351029,1.5909227e-05
C_09712,test,0,0.14855127716672328,3.1476193e-07
C_09716,test,0,0.14906007054184497,7.955152e-08
C_09719,test,0,0.03155559856933794,7.3421215e-05
C_09728,test,0,0.0019420181853987226,0.04502277
C_09729,test,0,0.01696721228211963,2.1099096e-11
C_09747,test,0,0.0796422243318915,0.22272123
C_09754,test,0,0.006315619841491228,0.0040360875
C_09770,test,0,0.02227100773363047,0.009857025
C_09771,test,0,0.054032901134381126,1.4355324e-08
C_09778,test,0,0.011709808793029528,0.00027609762
C_09786,test,0,0.05260559556939582,0.0054441113
C_09795,test,0,0.05030507420543689,0.017343372
C_09796,test,0,0.004561929463950255,1.1813067e-05
C_09800,test,0,0.004539572719351029,5.49564e-18
C_09804,test,0,0.004539572719351029,2.6003116e-07
C_09806,test,0,0.001817849092845661,0.0013813501
C_09809,test,0,0.004539572719351029,1.5557662e-09
C_09814,test,0,0.4385121288895958,0.17577465
C_09838,test,0,0.0444120663028544,0.59629637
C_09844,test,0,0.004539572719351029,1.8675875e-18
C_09846,test,0,0.003798424579853514,4.8325134e-08
C_09867,test,0,0.005843519463314208,9.595774e-06
C_09871,test,0,0.0044835607915171445,0.3211164
C_09873,test,0,0.04130054986920991,0.16813144
C_09875,test,0,0.006963773970671066,2.4499978e-16
C_09881,test,0,0.04132332145418824,0.0011941111
C_09887,test,0,0.1511746338713242,3.1000235e-13
C_09894,test,0,0.056267524639697385,0.10139981
C_09896,test,0,0.004539572719351029,1.6497581e-09
C_09902,test,0,0.04746440383696663,4.5683114e-12
C_09914,test,0,0.0062075713251074135,1.3489587e-06
C_09915,test,0,0.008727730637964198,2.1775172e-06
C_09931,test,0,0.01871083976748632,0.0018012141
C_09935,test,0,0.050126811606308955,5.0410332e-11
C_09952,test,0,0.004095614071346495,2.828976e-06
C_09954,test,0,0.04536839947296529,0.44589427
C_09956,test,0,0.0025594092234820067,4.3157695e-09
C_09957,test,0,0.058893449047085704,2.0451666e-18
C_09959,test,0,0.020151178536267002,2.515763e-09
C_09964,test,0,0.005272713602179786,0.07022429
C_09972,test,0,0.020151178536267002,0.003958728
C_09983,test,0,0.026365632702359098,0.0021652365
C_09986,test,0,0.33499800376093264,1.882734e-22
C_09990,test,0,0.004539572719351029,1.2752201e-14
C_09993,test,0,0.060566064592038504,0.12309515
C_09996,test,0,0.004708120411904852,0.003054163
C_10004,test,0,0.07634297315809285,0.15634298
C_10014,test,0,0.09108929075694387,1.5301804e-06
C_10034,test,0,0.0018916299028879575,3.849243e-05
C_10035,test,0,0.004539572719351029,0.0015258938
C_10036,test,0,0.005843519463314208,9.829879e-06
C_10038,test,0,0.13916619918385476,9.388769e-05
C_10047,test,0,0.05737940125950442,1.7764704e-12
C_10049,test,0,0.0041723710837549425,0.046522975
C_10052,test,0,0.23009178615204887,2.0044418e-08
C_10056,test,0,0.022192262444548617,1.2969133e-07
C_10058,test,0,0.004539572719351029,1.4981196e-12
C_10069,test,0,0.004095614071346495,3.4543091e-18
C_10070,test,0,0.06018688514533709,5.2313214e-07
C_10071,test,0,0.003798424579853514,2.03347e-11
C_10079,test,0,0.004539572719351029,2.6285884e-06
C_10080,test,0,0.005272713602179786,1.0164956e-05
C_10091,test,0,0.004031426454623072,4.322627e-05
C_10093,test,0,0.014836806180196505,0.0076871896
C_10104,test,0,0.004539572719351029,1.9739982e-08
C_10115,test,0,0.01302232426330476,0.00013371269
C_10116,test,0,0.0031747674155223624,1.7539987e-05
C_10120,test,0,0.005456591659880597,1.1035596e-05
C_10135,test,0,0.004561929463950255,1.1645261e-05
C_10138,test,0,0.014628012758805849,2.9476183e-07
C_10140,test,0,0.024154086633098478,2.8196943e-23
C_10142,test,0,0.005843519463314208,9.502884e-06
C_10151,test,0,0.005843519463314208,9.4399e-06
C_10160,test,0,0.003706943720677415,1.1386463e-09
C_10167,test,0,0.11688439777203595,0.0011723215
C_10196,test,0,0.0337675629789834,0.18530446
C_10197,test,0,0.004539572719351029,5.4826033e-15
C_10209,test,0,0.004095614071346495,7.55351e-12
C_10213,test,0,0.058593004149978097,4.357426e-12
C_10215,test,0,0.004095614071346495,2.9712715e-21
C_10219,test,0,0.01918958319871079,6.277092e-05
C_10221,test,0,0.18226439927961743,0.014241464
C_10244,test,0,0.043817051979786595,1.0796769e-08
C_10253,test,0,0.01228350175418354,0.0002823962
C_10256,test,0,0.2329305259316134,0.21450345
C_10257,test,0,0.005272713602179786,1.03454e-05
C_10260,test,0,0.010078138275737749,0.0009386775
C_10270,test,0,0.004539572719351029,2.1084047e-07
C_10276,test,0,0.19902123740381705,1.1394623e-05
C_10297,test,0,0.005456591659880597,1.0755213e-05
C_10302,test,0,0.023449220044721632,1.319681e-14
C_10303,test,0,0.04442927576937556,3.3128104e-13
C_10305,test,0,0.026814843241207996,0.02414411
C_10313,test,0,0.01546461434908346,6.851481e-08
C_10322,test,0,0.1392294336097874,1.35284735e-08
C_10345,test,0,0.0767792469280879,1.4208125e-07
C_10352,test,0,0.0035010579809114485,0.0044272617
C_10354,test,0,0.022192262444548617,6.380426e-07
C_10358,test,0,0.021299315433421173,0.057444166
C_10377,test,0,0.057379722639160864,0.09425447
C_10379,test,0,0.04746440383696663,9.238261e-06
C_10382,test,0,0.024694919084511466,0.082520165
C_10402,test,0,0.0030755742787161454,5.5526957e-14
C_10403,test,0,0.005456591659880597,0.08921434
C_10405,test,0,0.054396180323064314,0.0062493677
C_10406,test,0,0.005272713602179786,1.0251921e-05
C_10417,test,0,0.005843519463314208,9.569099e-06
C_10421,test,0,0.03562413295446815,7.0277616e-13
C_10430,test,0,0.004539572719351029,0.000115549636
C_10433,test,0,0.049628864870936935,0.0002779586
C_10435,test,0,0.06477159659815783,0.13651697
C_10443,test,0,0.005272713602179786,9.895587e-06
C_10444,test,0,0.023264600610058746,0.04030324
C_10460,test,0,0.003798424579853514,4.2132923e-14
C_10473,test,0,0.004539572719351029,4.7792055e-14
C_10480,test,0,0.040006542712988744,7.115734e-07
C_10484,test,0,0.169754656072236,1.8394534e-05
C_10489,test,0,0.09627905355462375,0.19138528
C_10490,test,0,0.17123030794498212,0.446476
C_10500,test,0,0.06809185161772315,4.583907e-05
C_10501,test,0,0.011552290260877878,1.4346482e-08
C_10502,test,0,0.026814843241207996,0.036382318
C_10504,test,0,0.027490185998442846,0.0004206921
C_10513,test,0,0.00776403466005643,8.438904e-06
C_10518,test,0,0.04467628213659137,0.007572634
C_10523,test,0,0.006168956691102949,1.0673938e-05
C_10525,test,0,0.005843519463314208,9.466649e-06
C_10537,test,0,0.004095614071346495,9.112243e-06
C_10541,test,0,0.01208409701540948,1.7595582e-09
C_10544,test,0,0.02502083262755312,2.934355e-24
C_10548,test,0,0.00776403466005643,7.940514e-06
C_10552,test,0,0.046847289477368444,0.0574278
C_10553,test,0,0.004539572719351029,1.2308104e-21
C_10559,test,0,0.01546461434908346,0.00034966005
C_10567,test,0,0.05777192036358155,3.3908285e-09
C_10579,test,0,0.004539572719351029,1.05002333e-16
C_10581,test,0,0.016095133262205134,0.28195313
C_10582,test,0,0.005272713602179786,1.0600028e-05
C_10583,test,0,0.03695595213420685,2.008759e-08
C_10584,test,0,0.006963773970671066,5.6938094e-05
C_10589,test,0,0.004539572719351029,6.479405e-09
C_10595,test,0,0.03032547449698889,0.0006530713
C_10599,test,0,0.0020872012497123314,2.137019e-13
C_10602,test,0,0.005843519463314208,9.508313e-06
C_10605,test,0,0.33552051491675994,1.8398916e-08
C_10619,test,0,0.010123269840927582,0.0004893986
C_10621,test,0,0.021226172812491985,0.28613377
C_10635,test,0,0.01546461434908346,6.761992e-06
C_10641,test,0,0.034261780107145846,5.535499e-06
C_10644,test,0,0.07766310790192323,0.31709296
C_10647,test,0,0.04341587285140616,7.8221587e-16
C_10654,test,0,0.004095614071346495,9.704196e-26
C_10662,test,0,0.034933895953237794,1.4956386e-05
C_10668,test,0,0.016685318601783707,0.13954817
C_10676,test,0,0.19307825871060708,0.17945749
C_10682,test,0,0.006482230654133509,0.015834553
C_10683,test,0,0.005456591659880597,1.1477576e-05
C_10689,test,0,0.004539572719351029,3.3626937e-14
C_10693,test,0,0.04606790436078764,2.512382e-13
C_10708,test,0,0.026814843241207996,0.030081954
C_10721,test,0,0.0543683053724865,0.002236814
C_10722,test,0,0.1732267717504859,0.8280551
C_10724,test,0,0.8415218270181138,0.1943201
C_10726,test,0,0.02367814255268481,7.389405e-07
C_10735,test,0,0.22732306256859386,0.16063572
C_10748,test,0,0.004031426454623072,2.0858349e-21
C_10750,test,0,0.048073642119764046,0.15283684
C_10752,test,0,0.016935797951587797,9.909368e-10
C_10755,test,0,0.015677268658500106,5.7755727e-11
C_10758,test,0,0.004539572719351029,1.5105621e-14
C_10760,test,0,0.004184427701149658,1.6184612e-15
C_10778,test,0,0.0030755742787161454,1.1917777e-14
C_10783,test,0,0.18916506872007585,0.0026669698
C_10786,test,0,0.004095614071346495,1.7611567e-16
C_10793,test,0,0.029148101905059367,2.0490644e-17
C_10813,test,0,0.00937213247509765,0.046336424
C_10818,test,0,0.03308976968435567,9.434149e-06
C_10822,test,0,0.0323385673014588,0.0036577256
C_10827,test,0,0.008446584533723987,0.00019677822
C_10828,test,0,0.30325332458523085,6.3102943e-06
C_10832,test,0,0.1439057672799965,2.9690606e-05
C_10847,test,0,0.0037750696165450848,4.2127825e-12
C_10860,test,0,0.015432575542765616,4.3851042e-13
C_10874,test,0,0.015796881479963228,1.8458987e-08
C_10888,test,0,0.004095614071346495,6.155646e-06
C_10892,test,0,0.03113381114861507,0.03440184
C_10893,test,0,0.027433578961925695,2.276643e-12
C_10895,test,0,0.002274057434371309,5.386697e-06
C_10897,test,0,0.004095614071346495,5.733143e-18
C_10899,test,0,0.002342334978689367,6.388813e-13
C_10912,test,0,0.002433789357218248,9.404904e-20
C_10913,test,0,0.03578639365438366,0.557728
C_10915,test,0,0.004539572719351029,0.000113575115
C_10923,test,0,0.043923242871460426,2.4170494e-11
C_10924,test,0,0.1387062218382911,2.5497534e-12
C_10926,test,0,0.0031747674155223624,6.6134415e-20
C_10939,test,0,0.028174433473601684,4.518665e-07
C_10943,test,0,0.07059757884905606,0.031775996
C_10953,test,0,0.08297523511225247,0.14263237
C_10960,test,0,0.12190359977587122,3.8901308e-05
C_10971,test,0,0.10965979427585341,0.006546524
C_10974,test,0,0.004708120411904852,9.4922e-07
C_10980,test,0,0.004539572719351029,3.471165e-10
C_10990,test,0,0.004095614071346495,3.6872193e-11
C_10993,test,0,0.004526497471765104,1.6483976e-07
C_10994,test,0,0.3958816849051701,1.0800106e-08
C_10995,test,0,0.08238807156895307,3.989488e-08
C_11003,test,0,0.029566919454629297,5.9857214e-08
C_11005,test,0,0.2168305545141613,4.6235438e-09
C_11009,test,0,0.2281753808504472,1.3388669e-05
C_11013,test,0,0.058223956241678615,0.1135081
C_11014,test,0,0.004095614071346495,1.2722254e-09
C_11019,test,0,0.015983783882284015,3.1613412e-09
C_11025,test,0,0.1505348173238944,0.37152004
C_11054,test,0,0.4793912649674487,0.00035814889
C_11057,test,0,0.004095614071346495,2.4501817e-11
C_11072,test,0,0.22878634121623148,0.003862571
C_11074,test,0,0.42190972540739,0.0487221
C_11079,test,0,0.005488940310593208,1.1516157e-05
C_11080,test,0,0.12166632980920364,0.0004173643
C_11089,test,0,0.003798424579853514,5.692876e-07
C_11090,test,0,0.053151040564280834,0.29952264
C_11091,test,0,0.21143133405415226,0.60168684
C_11094,test,0,0.004539572719351029,2.1219573e-06
C_11107,test,0,0.22680302216052256,0.25593555
C_11108,test,0,0.09764589831457993,9.405368e-06
C_11112,test,0,0.06155608755884326,1.6247486e-12
C_11120,test,0,0.21826807672193746,3.0626806e-09
C_11124,test,0,0.0011864232362026892,0.038347237
C_11127,test,0,0.004539572719351029,8.9135765e-09
C_11132,test,0,0.004539572719351029,1.3779762e-11
C_11133,test,0,0.23868895504608606,0.3758146
C_11141,test,0,0.2590479246780078,4.695973e-05
C_11142,test,0,0.0021446458001137653,2.1332517e-17
C_11143,test,0,0.1439057672799965,6.5808975e-10
C_11147,test,0,0.013091371098433916,3.058763e-05
C_11155,test,0,0.0033228017437224627,2.1749815e-05
C_11156,test,0,0.2620767359653151,8.780126e-08
C_11160,test,0,0.30145347733587097,0.00011198321
C_11164,test,0,0.022820556148293637,3.315004e-09
C_11165,test,0,0.004095614071346495,2.7250044e-07
C_11167,test,0,0.054032901134381126,0.00058935425
C_11170,test,0,0.02306668649377631,0.0009265406
C_11192,test,0,0.15482617123169265,0.115584075
C_11197,test,0,0.0031747674155223624,1.6194782e-10
C_11199,test,0,0.04631140410824546,3.5029152e-06
C_11202,test,0,0.0878525940268312,1.6146429e-09
C_11203,test,0,0.005843519463314208,9.577663e-06
C_11207,test,0,0.23763543240632087,0.17330979
C_11233,test,0,0.006963773970671066,7.959956e-10
C_11241,test,0,0.006258737559454999,0.24562587
C_11266,test,0,0.005843519463314208,9.555165e-06
C_11270,test,0,0.012423376718775279,8.758096e-16
C_11277,test,0,0.15065046990337005,3.9403332e-07
C_11279,test,0,0.0017406362362432156,0.00022556167
C_11280,test,0,0.004539572719351029,4.552079e-06
C_11290,test,0,0.0027771275058814464,2.2992295e-05
C_11293,test,0,0.14593235488207576,0.014832645
C_11302,test,0,0.0767792469280879,0.0003711603
C_11304,test,0,0.049651269801899635,9.585356e-05
C_11314,test,0,0.025601455199485465,0.0010378576
C_11319,test,0,0.24293651318240195,0.62302995
C_11322,test,0,0.18330015494066523,8.7013315e-05
C_11324,test,0,0.004539572719351029,2.9611311e-07
C_11325,test,0,0.020151178536267002,5.850298e-06
C_11328,test,0,0.004357879835925994,6.1364576e-14
C_11349,test,0,0.014060133227883005,4.54059e-09
C_11351,test,0,0.04422079801135407,7.352043e-18
C_11352,test,0,0.005843519463314208,9.46071e-06
C_11354,test,0,0.026814843241207996,0.045711037
C_11360,test,0,0.055726280434161946,0.14314257
C_11365,test,0,0.2911310616908696,0.123073
C_11368,test,0,0.03769519299102495,2.309792e-09
C_11374,test,0,0.06844961139013683,7.635204e-07
C_11386,test,0,0.1202858108546473,0.47909272
C_11400,test,0,0.004095614071346495,1.0090758e-08
C_11402,test,0,0.0015033297853962238,3.652804e-13
C_11403,test,0,0.0639643872740633,8.051934e-12
C_11406,test,0,0.004095614071346495,3.5371687e-07
C_11433,test,0,0.004095614071346495,2.8920203e-06
C_11440,test,0,0.034806206960957514,0.037250735
C_11456,test,0,0.09161068402238123,3.8275695e-11
C_11460,test,0,0.1493777516567092,0.0011772705
C_11462,test,0,0.0038209807829804186,0.0008364883
C_11468,test,0,0.004539572719351029,4.066204e-07
C_11469,test,0,0.014426101288287143,0.017183103
C_11486,test,0,0.08255035261634494,0.3749989
C_11494,test,0,0.003798424579853514,9.817275e-26
C_11495,test,0,0.03867299516628561,0.15593466
C_11500,test,0,0.024648167453987284,0.053317487
C_11503,test,0,0.05853567906431106,0.046076298
C_11513,test,0,0.007057878939280323,0.051407486
C_11518,test,0,0.15629297686408913,0.0061522224
C_11528,test,0,0.0027770186314993554,5.1118414e-18
C_11535,test,0,0.05644195873497965,0.0647259
C_11538,test,0,0.034806206960957514,0.035087474
C_11540,test,0,0.026829847472965386,3.266116e-11
C_11554,test,0,0.006168956691102949,1.0721562e-05
C_11578,test,0,0.07407357994322354,0.004201472
C_11587,test,0,0.003798424579853514,8.238486e-18
C_11593,test,0,0.1712419639369614,0.0050610425
C_11595,test,0,0.004095614071346495,3.382239e-12
C_11596,test,0,0.021799456520873745,2.3691177e-06
C_11603,test,0,0.1871796015671071,2.4195683e-06
C_11605,test,0,0.004539572719351029,0.0002256759
C_11606,test,0,0.002269452153076548,0.0035002667
C_11611,test,0,0.0030755742787161454,6.37569e-17
C_11623,test,0,0.004539572719351029,2.4537549e-06
C_11630,test,0,0.6827529023789528,1.132771e-10
C_11633,test,0,0.05204131350826295,0.030809449
C_11635,test,0,0.004539572719351029,3.2687113e-13
C_11638,test,0,0.005843519463314208,9.485952e-06
C_11645,test,0,0.22742165517158447,8.34241e-17
C_11655,test,0,0.0470666757397469,5.705194e-11
C_11660,test,0,0.004095614071346495,3.759172e-05
C_11664,test,0,0.024025214416821553,0.047199782
C_11668,test,0,0.006315619841491228,1.9869621e-16
C_11669,test,0,0.006258737559454999,0.1849224
C_11682,test,0,0.19358829236732664,2.0397512e-11
C_11686,test,0,0.019810304577701634,0.00079774385
C_11690,test,0,0.017836871259746867,0.005229722
C_11694,test,0,0.20691617571484747,1.0137548e-05
C_11697,test,0,0.05403456138277455,1.4236705e-06
C_11698,test,0,0.06961183256995172,1.3490729e-11
C_11706,test,0,0.004539572719351029,7.5562123e-10
C_11710,test,0,0.00493958642729131,1.902054e-12
C_11717,test,0,0.13860910065980633,0.27768734
C_11727,test,0,0.004095614071346495,0.0019741303
C_11737,test,0,0.09397621722888706,0.092508845
C_11752,test,0,0.058393275379296,0.09558879
C_11757,test,0,0.03886318188036137,1.7244386e-10
C_11766,test,0,0.24610549974934295,8.041949e-14
C_11784,test,0,0.07088158328660307,0.13080812
C_11794,test,0,0.02936024710020761,2.296259e-12
C_11798,test,0,0.005843519463314208,9.690532e-06
C_11799,test,0,0.004561929463950255,1.1998086e-05
C_11801,test,0,0.05622004735025048,0.08784811
C_11802,test,0,0.031282785968500315,3.1517966e-06
C_11807,test,0,0.01871083976748632,7.3809014e-11
C_11810,test,0,0.1622510492890935,0.006128788
C_11816,test,0,0.059165105760877856,0.10138444
C_11824,test,0,0.004539572719351029,1.4258892e-07
C_11825,test,0,0.06282938526279323,0.07328591
C_11826,test,0,0.06488927417639051,0.0047663837
C_11832,test,0,0.07308234960524163,0.24837054
C_11835,test,0,0.004539572719351029,0.00015885312
C_11837,test,0,0.21393371038327522,1.4321916e-10
C_11848,test,0,0.0044684584764136765,3.0437028e-16
C_11856,test,0,0.030164955173202616,0.009005875
C_11865,test,0,0.015677268658500106,2.764255e-19
C_11868,test,0,0.003956664606479628,6.284566e-06
C_11875,test,0,0.19210959242167228,1.8159223e-12
C_11888,test,0,0.062183181551492925,0.00014555053
C_11890,test,0,0.23000631410605749,1.8784851e-09
C_11899,test,0,0.042976170234960476,3.8942548e-05
C_11901,test,0,0.004539572719351029,0.00019050922
C_11902,test,0,0.02316843010809895,0.069311395
C_11903,test,0,0.014701933927910278,0.005471739
C_11906,test,0,0.004539572719351029,2.5908847e-08
C_11907,test,0,0.014432579466743136,0.0003267322
C_11910,test,0,0.05280467448744208,0.42995527
C_11918,test,0,0.003798424579853514,3.102084e-08
C_11924,test,0,0.004539572719351029,9.010824e-06
C_11925,test,0,0.01670553563835522,1.4636586e-08
C_11934,test,0,0.0078001060864787385,2.0330934e-05
C_11936,test,0,0.004539572719351029,5.2608484e-10
C_11954,test,0,0.010258449000216333,1.8719326e-09
C_11955,test,0,0.024025214416821553,0.035506625
C_11957,test,0,0.004539572719351029,1.2091921e-12
C_11959,test,0,0.04422079801135407,1.4928477e-06
C_11973,test,0,0.05836424801462656,0.13662985
C_11981,test,0,0.6066653218921473,0.00012984077
C_11983,test,0,0.0681262738595247,7.6309675e-07
C_11985,test,0,0.05344390177656557,0.045572087
C_11994,test,0,0.006047992900066698,0.15576757
C_12005,test,0,0.07715469617127341,6.6010953e-06
C_12007,test,0,0.025475102575572287,0.005435116
C_12022,test,0,0.003798424579853514,1.9558447e-30
C_12024,test,0,0.004357879835925994,0.012922176
C_12025,test,0,0.08424551626604866,1.5069751e-05
C_12028,test,0,0.034340184247424355,0.1426637
C_12033,test,0,0.04746440383696663,1.3958485e-05
C_12035,test,0,0.005843519463314208,0.05123176
C_12055,test,0,0.004539572719351029,3.1389148e-11
C_12061,test,0,0.07323296371370915,3.6385252e-11
C_12067,test,0,0.004526497471765104,1.656425e-07
C_12080,test,0,0.004539572719351029,7.3462986e-10
C_12103,test,0,0.010171030730200266,9.4483324e-11
C_12117,test,0,0.005843519463314208,0.046782512
C_12119,test,0,0.028852042574160273,1.3898665e-06
C_12127,test,0,0.009969271600648023,0.00050138525
C_12133,test,0,0.006963773970671066,8.102443e-10
C_12139,test,0,0.005272713602179786,1.00667385e-05
C_12144,test,0,0.02600860802640708,0.028588947
C_12155,test,0,0.0041723710837549425,4.144938e-06
C_12156,test,0,0.008953885296189238,2.824485e-06
C_12159,test,0,0.12042152635562102,9.347687e-14
C_12161,test,0,0.0033228017437224627,2.0867146e-17
C_12170,test,0,0.051972104914329784,0.2426169
C_12171,test,0,0.0033425430301048603,1.1062856e-10
C_12177,test,0,0.004095614071346495,1.1679819e-07
C_12192,test,0,0.04635230303659718,0.029473653
C_12218,test,0,0.047817167345381786,1.1421683e-12
C_12219,test,0,0.004095614071346495,9.512217e-11
C_12224,test,0,0.15783386841995836,7.010174e-08
C_12252,test,0,0.06825801449039189,4.047192e-08
C_12265,test,0,0.08414283123912748,1.4152602e-05
C_12268,test,0,0.004539572719351029,3.2468436e-14
C_12269,test,0,0.005843519463314208,9.511062e-06
C_12274,test,0,0.004095614071346495,2.8288573e-08
C_12277,test,0,0.05076427114124855,5.622906e-06
C_12287,test,0,0.2317866015228334,0.04827501
C_12288,test,0,0.005272713602179786,9.899873e-06
C_12293,test,0,0.01905914499963256,2.30911e-12
C_12303,test,0,0.004539572719351029,9.783031e-26
C_12306,test,0,0.01638602927003067,1.1785776e-08
C_12311,test,0,0.0320820162491014,1.0741333e-15
C_12323,test,0,0.011578866527044525,3.0662814e-05
C_12332,test,0,0.004539572719351029,2.0991782e-09
C_12359,test,0,0.014432579466743136,0.0046675205
C_12365,test,0,0.04717680434157525,1.0172941e-09
C_12367,test,0,0.014432579466743136,5.946917e-08
C_12368,test,0,0.004095614071346495,5.015917e-07
C_12369,test,0,0.04681240565519067,0.00053207437
C_12385,test,0,0.013720137679373636,0.13508944
C_12392,test,0,0.004539572719351029,4.1571312e-12
C_12408,test,0,0.014432579466743136,2.9826233e-09
C_12409,test,0,0.09397621722888706,0.06753311
C_12413,test,0,0.004095614071346495,3.7916827e-14
C_12419,test,0,0.005843519463314208,9.558008e-06
C_12427,test,0,0.013899525415865357,1.9762668e-07
C_12440,test,0,0.03487978769908182,6.6155526e-15
C_12442,test,0,0.004095614071346495,3.8223735e-08
C_12444,test,0,0.005272713602179786,1.0494286e-05
C_12452,test,0,0.005843519463314208,9.533502e-06
C_12460,test,0,0.16494428200294217,1.1166654e-09
C_12471,test,0,0.007623456257078142,3.873033e-08
C_12473,test,0,0.004561929463950255,1.18718945e-05
C_12487,test,0,0.002555137522492425,0.017399877
C_12501,test,0,0.05973794699290136,0.07529262
C_12506,test,0,0.05230267538984715,0.00067637477
C_12509,test,0,0.01359292728776305,0.25191435
C_12513,test,0,0.020800541121922988,2.643356e-05
C_12516,test,0,0.005272713602179786,1.0378278e-05
C_12520,test,0,0.12301669037086624,0.40282524
C_12522,test,0,0.14502604651904985,3.6978545e-11
C_12527,test,0,0.004095614071346495,8.067549e-13
C_12528,test,0,0.017180274606366355,0.00021746333
C_12535,test,0,0.004357879835925994,1.049638e-10
C_12539,test,0,0.004095614071346495,5.9324723e-08
C_12545,test,0,0.015548801127366797,1.4736366e-08
C_12546,test,0,0.002926081547494348,9.9536194e-21
C_12558,test,0,0.05571416613007782,0.00031266143
C_12564,test,0,0.01686751929406392,1.0327283e-14
C_12565,test,0,0.004205042795788068,0.1309008
C_12575,test,0,0.18340531821775732,2.53278e-15
C_12582,test,0,0.04751962250754342,4.7910354e-21
C_12593,test,0,0.20529947046931676,5.44516e-05
C_12600,test,0,0.004266181809157552,6.384318e-13
C_12616,test,0,0.19766992289569274,0.7711633
C_12629,test,0,0.11475695118596503,9.591478e-09
C_12632,test,0,0.0023512506467287314,0.00017275629
C_12634,test,0,0.005488940310593208,1.1552148e-05
C_12636,test,0,0.022192262444548617,1.5173534e-07
C_12637,test,0,0.0133871201324914,0.0042811893
C_12644,test,0,0.11963255653751555,0.16730079
C_12660,test,0,0.004539572719351029,7.525324e-12
C_12661,test,0,0.060282331369587966,0.29248902
C_12662,test,0,0.09499474547839842,0.0008219108
C_12670,test,0,0.015292289149424676,4.70298e-12
C_12679,test,0,0.09287206961560553,0.40571564
C_12686,test,0,0.010581997592368926,6.0550395e-17
C_12689,test,0,0.002667027045110408,0.00011937707
C_12702,test,0,0.04681240565519067,1.802291e-21
C_12710,test,0,0.06706038420843878,0.06899456
C_12723,test,0,0.08569434634684635,0.15046401
C_12729,test,0,0.004539572719351029,9.98999e-07
C_12739,test,0,0.08962053939016681,8.696616e-10
C_12748,test,0,0.0330873724010214,1.1858501e-07
C_12749,test,0,0.06270885776728635,0.8591208
C_12758,test,0,0.3348101830539129,2.782033e-15
C_12760,test,0,0.005456591659880597,1.0863347e-05
C_12765,test,0,0.15378357169120344,0.10290559
C_12772,test,0,0.13589695168027974,0.2723651
C_12780,test,0,0.004609033111202636,2.0476253e-11
C_12781,test,0,0.05035123754498185,0.078764014
C_12787,test,0,0.09233823571618972,1.5737312e-07
C_12796,test,0,0.05403456138277455,0.00012422334
C_12804,test,0,0.06107158109670049,0.016874576
C_12807,test,0,0.005843519463314208,9.675821e-06
C_12818,test,0,0.39076701189087576,0.25798267
C_12821,test,0,0.10226937919985099,1.6856435e-09
C_12827,test,0,0.0371518413306645,8.545242e-07
C_12837,test,0,0.004539572719351029,4.537865e-07
C_12842,test,0,0.0033266698224439666,1.5917974e-13
C_12848,test,0,0.06825801449039189,2.801398e-12
C_12860,test,0,0.058095737232987964,7.98463e-15
C_12878,test,0,0.005272713602179786,9.9934105e-06
C_12881,test,0,0.005843519463314208,9.704395e-06
C_12888,test,0,0.1404066365445322,6.628911e-09
C_12902,test,0,0.004539572719351029,2.1064124e-10
C_12911,test,0,0.004539572719351029,2.5069025e-12
C_12920,test,0,0.005272713602179786,0.06364039
C_12926,test,0,0.09055402381459085,8.556155e-10
C_12931,test,0,0.5595931740772511,3.4660057e-05
C_12935,test,0,0.050940517810728114,0.05981467
C_12943,test,0,0.005456591659880597,0.09645184
C_12956,test,0,0.04664813754827587,4.153254e-09
C_12973,test,0,0.2740408916715502,0.54655236
C_12974,test,0,0.04493117085319884,0.057977688
C_12980,test,0,0.031282785968500315,4.29228e-14
C_12981,test,0,0.22970799849359516,0.019235691
C_12985,test,0,0.03848373598821392,0.0001470388
C_12991,test,0,0.006315619841491228,0.00017339115
C_13001,test,0,0.03548934658024255,0.055240784
C_13004,test,0,0.004095614071346495,4.9209848e-17
C_13006,test,0,0.019115542885106612,2.8678755e-06
C_13010,test,0,0.003798424579853514,3.595897e-21
C_13012,test,0,0.09325457568744829,1.6701297e-15
C_13016,test,0,0.22374476161358695,0.0825243
C_13021,test,0,0.018899603105269638,0.09130936
C_13042,test,0,0.09397621722888706,0.09835277
C_13059,test,0,0.0159712115024157,3.9084216e-09
C_13061,test,0,0.14503973514477198,1.6568588e-10
C_13087,test,0,0.004031426454623072,3.4688e-05
C_13098,test,0,0.004095614071346495,1.0309206e-16
C_13099,test,0,0.17600038979179816,5.310814e-10
C_13101,test,0,0.0005981434364014272,0.31059605
C_13104,test,0,0.24604236971955995,0.16994306
C_13113,test,0,0.05027423718400242,3.581612e-05
C_13117,test,0,0.004095614071346495,5.1390842e-08
C_13120,test,0,0.0096252307175674,3.9342607e-10
C_13122,test,0,0.0563645009916926,0.06278677
C_13124,test,0,0.005843519463314208,9.622679e-06
C_13127,test,0,0.01579611756748036,8.706182e-07
C_13136,test,0,0.003798424579853514,7.2128317e-13
C_13139,test,0,0.004095614071346495,1.3310206e-07
C_13164,test,0,0.03504626716525964,7.5551504e-20
C_13167,test,0,0.23868895504608606,0.27910626
C_13173,test,0,0.00776403466005643,8.084495e-06
C_13179,test,0,0.007042010628773401,0.09282417
C_13185,test,0,0.005843519463314208,9.8695655e-06
C_13188,test,0,0.0684820265956768,8.6960604e-08
C_13198,test,0,0.29935180568150704,0.0022081942
C_13199,test,0,0.06751025704599163,0.00015985598
C_13203,test,0,0.1318591130088439,5.046815e-11
C_13209,test,0,0.004539572719351029,1.3850066e-18
C_13210,test,0,0.01497514687138442,0.00012873886
C_13213,test,0,0.005843519463314208,9.579234e-06
C_13218,test,0,0.04564809927470194,2.598361e-09
C_13238,test,0,0.04876224085080384,3.8694784e-06
C_13270,test,0,0.14776260453381693,0.013161107
C_13272,test,0,0.004539572719351029,0.00014926572
C_13275,test,0,0.17459411418472828,0.16460876
C_13282,test,0,0.004031426454623072,7.0715787e-06
C_13283,test,0,0.2542201626765788,0.51051974
C_13286,test,0,0.07183829575152698,0.03960577
C_13287,test,0,0.0031747674155223624,1.94823e-12
C_13288,test,0,0.004095614071346495,5.0988285e-12
C_13292,test,0,0.05181641507110245,0.011785865
C_13297,test,0,0.055109050905287574,7.305696e-09
C_13318,test,0,0.004095614071346495,3.9281194e-14
C_13321,test,0,0.0338925785775759,6.812124e-05
C_13322,test,0,0.005843519463314208,9.611058e-06
C_13330,test,0,0.006168956691102949,1.0683796e-05
C_13341,test,0,0.35103313542737025,6.0332823e-06
C_13350,test,0,0.031175016140777202,2.467134e-07
C_13353,test,0,0.04575851535969545,0.012942694
C_13358,test,0,0.08953615674870828,7.958225e-10
C_13364,test,0,0.0031747674155223624,0.00036433383
C_13394,test,0,0.05266111071806716,1.0116549e-18
C_13398,test,0,0.20392056195379624,1.9924026e-10
C_13416,test,0,0.043817051979786595,0.00050794246
C_13420,test,0,0.005843519463314208,9.732782e-06
C_13429,test,0,0.004095614071346495,3.322484e-05
C_13438,test,0,0.005456591659880597,0.108119234
C_13441,test,0,0.0331166053497459,1.5512998e-14
C_13452,test,0,0.03410488087980989,1.2186159e-15
C_13454,test,0,0.18303612074327738,1.1182138e-07
C_13457,test,0,0.004539572719351029,1.0444122e-13
C_13459,test,0,0.003798424579853514,7.634357e-09
C_13464,test,0,0.12664516460261038,0.45310453
C_13467,test,0,0.004095614071346495,6.7871345e-20
C_13473,test,0,0.004539572719351029,3.035758e-17
C_13482,test,0,0.4031781179169491,0.75523823
C_13483,test,0,0.024392467505693603,1.7657442e-09
C_13485,test,0,0.004095614071346495,6.951283e-06
C_13496,test,0,0.003798424579853514,9.6944146e-05
C_13498,test,0,0.017131782062905956,0.036406677
C_13501,test,0,0.005843519463314208,9.426838e-06
C_13502,test,0,0.09781831114665071,0.07085917
C_13513,test,0,0.03505086534014959,2.0154027e-07
C_13525,test,0,0.0027770186314993554,6.5639164e-05
C_13527,test,0,0.034608274550744535,2.1285296e-09
C_13530,test,0,0.4190148534418906,0.0011632141
C_13534,test,0,0.12676991075927976,0.10039448
C_13536,test,0,0.004095614071346495,2.7257338e-10
C_13538,test,0,0.004095614071346495,1.3908574e-10
C_13549,test,0,0.01497514687138442,1.1733988e-15
C_13552,test,0,0.005843519463314208,9.573882e-06
C_13591,test,0,0.002045654879845151,7.286449e-05
C_13599,test,0,0.1573699833729163,0.0012185948
C_13602,test,0,0.000987316399411244,0.035534427
C_13605,test,0,0.04141290033082784,0.19198869
C_13613,test,0,0.012112348397324208,5.158506e-13
C_13623,test,0,0.007816892950587347,1.1607176e-07
C_13632,test,0,0.00776403466005643,8.06425e-06
C_13635,test,0,0.019925157275145794,0.026610777
C_13649,test,0,0.03655601404265064,0.0036426936
C_13652,test,0,0.27103402791351083,0.09819808
C_13655,test,0,0.004539572719351029,2.2201867e-13
C_13659,test,0,0.004095614071346495,2.4762508e-08
C_13661,test,0,0.004539572719351029,3.981808e-09
C_13664,test,0,0.1434981241038677,4.5098137e-08
C_13665,test,0,0.1988488395329082,1.0946657e-10
C_13667,test,0,0.005272713602179786,1.055828e-05
C_13670,test,0,0.10152360731025596,3.3387448e-07
C_13687,test,0,0.007670683163515985,0.108154505
C_13699,test,0,0.2772207645349231,2.8046948e-17
C_13702,test,0,0.16463364111860695,9.521898e-06
C_13703,test,0,0.11163281498569944,0.045671392
C_13706,test,0,0.003798424579853514,6.195478e-12
C_13707,test,0,0.325885178811622,3.6963592e-11
C_13715,test,0,0.004708120411904852,0.0018136263
C_13727,test,0,0.03287540900882122,6.3552665e-07
C_13737,test,0,0.0031747674155223624,0.0076503507
C_13748,test,0,0.017180274606366355,0.00011283825
C_13749,test,0,0.04564809927470194,2.013286e-05
C_13750,test,0,0.059205368723750554,0.14949243
C_13751,test,0,0.004095614071346495,0.0003118981
C_13752,test,0,0.003798424579853514,1.6744711e-07
C_13762,test,0,0.004539572719351029,6.2173017e-10
C_13771,test,0,0.08464778021449257,3.7690608e-08
C_13772,test,0,0.005000034726964258,4.8631868e-05
C_13781,test,0,0.005456591659880597,1.1271973e-05
C_13789,test,0,0.004539572719351029,1.7551663e-10
C_13805,test,0,0.018168588608082,0.0005407772
C_13811,test,0,0.004539572719351029,0.0002432825
C_13812,test,0,0.004539572719351029,1.9930598e-05
C_13815,test,0,0.004095614071346495,7.9226366e-17
C_13837,test,0,0.06986606822570006,2.3503246e-06
C_13850,test,0,0.004539572719351029,7.085263e-08
C_13853,test,0,0.16004184579255676,8.2163353e-07
C_13869,test,0,0.01871083976748632,0.00040317074
C_13870,test,0,0.16226945303091675,1.6214981e-08
C_13871,test,0,0.004539572719351029,3.9189432e-05
C_13873,test,0,0.04579097479451562,1.857977e-14
C_13878,test,0,0.004539572719351029,1.22911e-13
C_13884,test,0,0.003350675709452311,4.3627067e-05
C_13888,test,0,0.020842192120655436,9.249262e-07
C_13889,test,0,0.05561303348251703,0.14564759
C_13916,test,0,0.08820118416706309,0.47297284
C_13928,test,0,0.012112348397324208,0.0010017261
C_13929,test,0,0.01851152582641111,0.13351373
C_13949,test,0,0.04274841083912052,0.0057110223
C_13953,test,0,0.0170275310429397,3.441383e-09
C_13962,test,0,0.004095614071346495,7.0495076e-10
C_13978,test,0,0.004095614071346495,3.6737893e-05
C_13981,test,0,0.004539572719351029,1.7420745e-05
C_13988,test,0,0.005843519463314208,9.66292e-06
C_14002,test,0,0.0031747674155223624,1.9948761e-06
C_14012,test,0,0.004539572719351029,1.5977916e-07
C_14022,test,0,0.160027638570191,0.23368284
C_14030,test,0,0.0047633806240623255,2.2648568e-07
C_14034,test,0,0.06014919264661879,0.00039047506
C_14035,test,0,0.1718334232153472,0.34865785
C_14037,test,0,0.1894037733559768,2.8100216e-14
C_14042,test,0,0.06619052987734309,0.046070103
C_14047,test,0,0.003527483348423773,0.00017221468
C_14052,test,0,0.02300118492721237,0.045586716
C_14073,test,0,0.21926119001582042,0.00069520064
C_14075,test,0,0.0194470301331567,0.02351347
C_14092,test,0,0.07119491815975268,0.11632315
C_14093,test,0,0.004539572719351029,4.8242113e-05
C_14096,test,0,0.18419455564906398,0.1468009
C_14107,test,0,0.004539572719351029,5.3944085e-09
C_14109,test,0,0.04164990337661638,9.728624e-18
C_14112,test,0,0.004539572719351029,1.9063884e-05
C_14117,test,0,0.006963773970671066,5.830499e-13
C_14125,test,0,0.004539572719351029,3.5669012e-09
C_14126,test,0,0.004095614071346495,1.3694781e-16
C_14127,test,0,0.004539572719351029,1.9639392e-05
C_14140,test,0,0.3716633616648073,0.09533117
C_14141,test,0,0.050385823724679556,0.15361984
C_14145,test,0,0.005456591659880597,1.1095939e-05
C_14149,test,0,0.005492033005056941,1.2861332e-05
C_14183,test,0,0.05219718824218504,0.0028400766
C_14186,test,0,0.005272713602179786,9.944431e-06
C_14208,test,0,0.4123816575973208,3.5235793e-08
C_14215,test,0,0.17345262419618507,0.74938565
C_14221,test,0,0.020151178536267002,3.615495e-15
C_14227,test,0,0.004095614071346495,1.1828713e-17
C_14234,test,0,0.03514849095471805,4.2254172e-07
C_14258,test,0,0.03764476832899427,0.120033026
C_14265,test,0,0.010643518506243642,1.5300537e-05
C_14268,test,0,0.005272713602179786,1.0310152e-05
C_14275,test,0,0.05074904330951293,0.0028589214
C_14295,test,0,0.02960254702457131,1.2886074e-09
C_14296,test,0,0.1562393471794187,2.3092865e-08
C_14297,test,0,0.08494276301833147,5.182255e-06
C_14301,test,0,0.4869722252092387,0.7648922
C_14305,test,0,0.0003222772973565292,1.221999e-17
C_14308,test,0,0.2193997904478559,8.417149e-09
C_14310,test,0,0.00895778222082515,1.2316955e-05
C_14312,test,0,0.030451640857828453,3.0606518e-18
C_14319,test,0,0.019920885139892743,0.06256696
C_14323,test,0,0.031452009827926015,0.83279735
C_14333,test,0,0.04606790436078764,0.028966434
C_14346,test,0,0.0017268919934247842,3.5039308e-11
C_14350,test,0,0.043923242871460426,0.001986902
C_14357,test,0,0.004118311056176772,9.855022e-11
C_14380,test,0,0.020470059552411126,1.07607264e-16
C_14381,test,0,0.004095614071346495,2.0917307e-06
C_14386,test,0,0.004539572719351029,3.3352222e-13
C_14390,test,0,0.0027770186314993554,3.0336258e-11
C_14398,test,0,0.01494075047443588,1.5078578e-08
C_14414,test,0,0.012999734514820812,1.7159875e-09
C_14415,test,0,0.10539578562164828,0.26621944
C_14420,test,0,0.038280533353722765,0.11951088
C_14424,test,0,0.020773178001523347,4.771035e-18
C_14427,test,0,0.004095614071346495,1.3542329e-13
C_14431,test,0,0.004539572719351029,8.306123e-15
C_14434,test,0,0.2663992978884234,3.2211634e-15
C_14442,test,0,0.018512693416941367,0.00027016035
C_14443,test,0,0.1861003305863264,8.9354113e-10
C_14446,test,0,0.033759662267585776,1.7304526e-05
C_14451,test,0,0.005272713602179786,1.0365746e-05
C_14460,test,0,0.10516500517960344,4.7613947e-05
C_14463,test,0,0.13907008849447947,3.1521052e-09
C_14480,test,0,0.10348144597623553,0.0004757974
C_14485,test,0,0.014836806180196505,4.5212225e-13
C_14494,test,0,0.09389585416322051,4.256166e-05
C_14495,test,0,0.005843519463314208,9.605038e-06
C_14507,test,0,0.004539572719351029,3.6175556e-05
C_14508,test,0,0.004095614071346495,3.5970013e-10
C_14512,test,0,0.04097508539940095,0.031912684
C_14514,test,0,0.3851902577938292,0.00011328385
C_14516,test,0,0.004095614071346495,5.26157e-14
C_14519,test,0,0.18209070243891756,1.8686737e-07
C_14520,test,0,0.05953632951809882,1.15092345e-10
C_14535,test,0,0.015548801127366797,0.008538274
C_14538,test,0,0.004539572719351029,1.5199439e-17
C_14551,test,0,0.02300118492721237,0.04255082
C_14554,test,0,0.004095614071346495,1.3028106e-06
C_14555,test,0,0.004539572719351029,6.905665e-07
C_14560,test,0,0.003798424579853514,3.2755593e-06
C_14571,test,0,0.004539572719351029,1.926246e-11
C_14577,test,0,0.9295154994819512,2.9054495e-10
C_14598,test,0,0.09885252469060546,0.00055951334
C_14609,test,0,0.01407359529631697,1.7329727e-09
C_14613,test,0,0.7744794642756994,1.2135024e-10
C_14619,test,0,0.005456591659880597,1.1001687e-05
C_14631,test,0,0.1846167137957545,0.16217685
C_14636,test,0,0.004095614071346495,1.4561871e-06
C_14642,test,0,0.007221675742599962,9.0497915e-11
C_14651,test,0,0.004095614071346495,1.8036097e-08
C_14657,test,0,0.004539572719351029,2.477155e-14
C_14659,test,0,0.24255654999963042,0.35793734
C_14667,test,0,0.09616652558744222,2.5214837e-05
C_14670,test,0,0.06520337941931532,1.791106e-13
C_14673,test,0,0.005272713602179786,0.06657665
C_14675,test,0,0.10806360145578792,0.24905646
C_14685,test,0,0.003798424579853514,1.6950326e-12
C_14694,test,0,0.051754642743252734,0.7572938
C_14697,test,0,0.01844727655846361,0.00040770546
C_14703,test,0,0.06655856364701579,8.6801745e-05
C_14708,test,0,0.004539572719351029,1.3166107e-07
C_14717,test,0,0.004526497471765104,2.5080658e-07
C_14721,test,0,0.15440906350443848,0.30269805
C_14722,test,0,0.005272713602179786,1.0056165e-05
C_14729,test,0,0.012174542277057622,6.0746252e-09
C_14731,test,0,0.026829847472965386,7.3668827e-10
C_14732,test,0,0.020151178536267002,8.45173e-07
C_14737,test,0,0.004539572719351029,3.3991842e-07
C_14742,test,0,0.0038209807829804186,0.010083821
C_14749,test,0,0.04339266877203686,0.003707926
C_14758,test,0,0.06526013500925548,0.003301424
C_14763,test,0,0.014684860050129553,6.25908e-09
C_14765,test,0,0.03245337221360813,6.4603384e-13
C_14769,test,0,0.16295669993677653,0.13646524
C_14770,test,0,0.019315683914059207,2.7540028e-12
C_14776,test,0,0.04556397889914291,4.302434e-11
C_14785,test,0,0.022573283747670068,0.23468412
C_14799,test,0,0.004095614071346495,2.466292e-06
C_14808,test,0,0.049038662220411346,5.8245034e-05
C_14812,test,0,0.043923242871460426,0.4572648
C_14818,test,0,0.018512693416941367,1.3114544e-06
C_14821,test,0,0.06018688514533709,0.015634093
C_14825,test,0,0.004095614071346495,2.121401e-12
C_14839,test,0,0.00776403466005643,8.414554e-06
C_14846,test,0,0.004539572719351029,1.9831097e-05
C_14856,test,0,0.004095614071346495,2.9882052e-08
C_14857,test,0,0.029148101905059367,6.5750543e-09
C_14870,test,0,0.19102401889336723,0.26232883
C_14874,test,0,0.07385589189984096,0.102196366
C_14875,test,0,0.005843519463314208,9.485771e-06
C_14879,test,0,0.017062823673289776,3.7155468e-13
C_14881,test,0,0.09161068402238123,0.014274599
C_14883,test,0,0.07973438755989311,8.8641844e-10
C_14889,test,0,0.027416937824783362,2.3367414e-10
C_14890,test,0,0.004095614071346495,8.8961235e-05
C_14892,test,0,0.07045364751757334,0.16535223
C_14902,test,0,0.04131251631145291,0.22042024
C_14906,test,0,0.004095614071346495,4.8751815e-20
C_14907,test,0,0.005843519463314208,9.762316e-06
C_14908,test,0,0.02446846913522237,1.10923944e-10
C_14910,test,0,0.09967787817588908,0.74643266
C_14914,test,0,0.04848042060792152,0.0010211116
C_14917,test,0,0.06929741848995966,1.0558627e-10
C_14926,test,0,0.015948829714375813,0.00053696765
C_14929,test,0,0.01497514687138442,0.006526564
C_14932,test,0,0.04845126397629506,0.0016179134
C_14936,test,0,0.004095614071346495,1.2002748e-11
C_14954,test,0,0.005822341762801977,0.00013123562
C_14955,test,0,0.09646131373957416,0.38252884
C_14966,test,0,0.05030507420543689,0.087608926
C_14971,test,0,0.006168956691102949,1.0637955e-05
C_14975,test,0,0.03487978769908182,0.083335035
C_14985,test,0,0.06883082030639642,0.56861746
C_14998,test,0,0.01871083976748632,1.1433354e-14
C_15000,test,0,0.08026363561374017,2.3321272e-07
C_15008,test,0,0.022510588886418787,0.50673985
C_15021,test,0,0.004539572719351029,1.1229319e-13
C_15022,test,0,0.202891702981934,0.010553755
C_15058,test,0,0.11178968710094576,0.013104246
C_15060,test,0,0.004539572719351029,5.739153e-13
C_15062,test,0,0.004539572719351029,1.4720389e-06
C_15084,test,0,0.19652918644303674,0.0037809396
C_15086,test,0,0.004539572719351029,3.0219124e-12
C_15091,test,0,0.021663073997393124,7.363205e-06
C_15092,test,0,0.029993565287701557,0.025120523
C_15094,test,0,0.004539572719351029,4.613891e-07
C_15095,test,0,0.045006694168419736,1.6207073e-07
C_15105,test,0,0.16870439398229306,0.29839495
C_15107,test,0,0.03732050457243624,0.00027459103
C_15124,test,0,0.005272713602179786,9.967502e-06
C_15129,test,0,0.004095614071346495,8.513212e-25
C_15130,test,0,0.022192262444548617,4.14422e-05
C_15131,test,0,0.7883566540688459,0.00014425602
C_15135,test,0,0.04559301277393366,1.9622041e-15
C_15139,test,0,0.0027067236118724445,6.907114e-07
C_15148,test,0,0.0437314498092457,3.613802e-07
C_15167,test,0,0.017067515656688174,0.4446731
C_15168,test,0,0.004095614071346495,1.7463379e-05
C_15173,test,0,0.021349151629091873,0.07118207
C_15175,test,0,0.03260496435233729,0.00011468705
C_15176,test,0,0.018001651762748885,0.0017511386
C_15182,test,0,0.004095614071346495,8.5840675e-06
C_15190,test,0,0.004539572719351029,9.710978e-10
C_15193,test,0,0.12568347852704562,4.254372e-05
C_15214,test,0,0.007623456257078142,0.01312371
C_15228,test,0,0.029794196567704222,4.5532647e-11
C_15231,test,0,0.003798424579853514,2.505503e-07
C_15240,test,0,0.004031426454623072,2.4630139e-05
C_15243,test,0,0.04707832091818575,0.002695675
C_15244,test,0,0.2549074810384534,1.5304038e-07
C_15255,test,0,0.004266181809157552,1.08375885e-10
C_15269,test,0,0.21324157348859837,1.5524678e-08
C_15277,test,0,0.11009063173071826,3.0310532e-05
C_15278,test,0,0.020999120897774358,7.0164467e-16
C_15281,test,0,0.13338421344238088,0.86021453
C_15284,test,0,0.004539572719351029,4.713533e-06
C_15287,test,0,0.0021027574476712957,4.3351553e-10
C_15288,test,0,0.11102464575363741,7.4972063e-22
C_15298,test,0,0.08765160621565955,0.4839646
C_15304,test,0,0.004539572719351029,2.5896156e-07
C_15315,test,0,0.003798424579853514,1.0871644e-14
C_15318,test,0,0.003430207095458985,0.0001922079
C_15324,test,0,0.004031426454623072,6.612137e-18
C_15327,test,0,0.005272713602179786,1.0008061e-05
C_15329,test,0,0.016355875591382938,1.2900578e-10
C_15330,test,0,0.5159076376926116,1.7219678e-09
C_15348,test,0,0.004095614071346495,1.5839072e-14
C_15349,test,0,0.009014575714761247,1.7286942e-09
C_15353,test,0,0.026549421878217228,0.071492605
C_15357,test,0,0.15482617123169265,0.17207251
C_15359,test,0,0.004095614071346495,8.6312e-16
C_15367,test,0,0.009896165501843655,3.6434627e-05
C_15371,test,0,0.004539572719351029,1.1538748e-05
C_15377,test,0,0.004674407134463956,0.0030689966
C_15379,test,0,0.004095614071346495,6.156514e-11
C_15384,test,0,0.08531642853771147,1.9463958e-05
C_15398,test,0,0.042985655429861665,0.00015822216
C_15401,test,0,0.09236778051482715,1.5350228e-05
C_15410,test,0,0.02635637829773009,7.65635e-08
C_15418,test,0,0.011740656224053484,3.6701144e-18
C_15431,test,0,0.002612187938285087,6.117154e-21
C_15433,test,0,0.0014504642016036212,5.0069367e-08
C_15437,test,0,0.005843519463314208,9.699149e-06
C_15439,test,0,0.002560701933620158,0.08951552
C_15441,test,0,0.005272713602179786,1.0034093e-05
C_15444,test,0,0.03711085511141364,8.984977e-09
C_15446,test,0,0.03551281221839217,8.785618e-20
C_15463,test,0,0.01871083976748632,0.00017667607
C_15479,test,0,0.23783650049626254,1.2724679e-13
C_15480,test,0,0.06425760254624562,5.148835e-06
C_15486,test,0,0.015835921855219107,0.122306705
C_15489,test,0,0.03197908308414346,0.024900423
C_15495,test,0,0.036730690607856296,0.041782282
C_15496,test,0,0.03814033219934681,0.027893424
C_15500,test,0,0.006604542210591411,6.9450947e-12
C_15502,test,0,0.011276167201951015,2.1579862e-17
C_15503,test,0,0.04876224085080384,2.0216744e-07
C_15507,test,0,0.004095614071346495,3.157206e-10
C_15526,test,0,0.14690359910044792,0.34409502
C_15548,test,0,0.19293968700073563,9.5441294e-11
C_15549,test,0,0.004095614071346495,2.616381e-07
C_15550,test,0,0.004539572719351029,1.1978556e-06
C_15551,test,0,0.026814843241207996,0.045899197
C_15564,test,0,0.044521482303867474,1.9393658e-06
C_15565,test,0,0.355707699978913,0.00255447
C_15588,test,0,0.01871083976748632,3.8302003e-10
C_15600,test,0,0.03113381114861507,0.032740477
C_15612,test,0,0.0018911200295179595,2.6331895e-17
C_15626,test,0,0.004539572719351029,1.8549663e-07
C_15643,test,0,0.2175543832795772,5.8988425e-10
C_15644,test,0,0.004095614071346495,2.6862112e-24
C_15656,test,0,0.12469226664906843,8.610725e-05
C_15660,test,0,0.004539572719351029,3.2060534e-08
C_15663,test,0,0.05138475046004943,7.918173e-30
C_15673,test,0,0.04947952759328784,5.159686e-17
C_15685,test,0,0.4422201456973519,0.8574343
C_15693,test,0,0.23810153814251878,5.1334206e-05
C_15704,test,0,0.005272713602179786,1.02987615e-05
C_15708,test,0,0.004539572719351029,5.782492e-12
C_15711,test,0,0.0659722189909496,1.224077e-14
C_15712,test,0,0.3216299102338642,0.28030297
C_15731,test,0,0.02403992873872349,5.6924924e-13
C_15732,test,0,0.020151178536267002,2.1209065e-05
C_15739,test,0,0.004539572719351029,1.6646504e-07
C_15749,test,0,0.04740679965510684,0.0051518455
C_15750,test,0,0.05958599264266675,0.11412157
C_15758,test,0,0.005000034726964258,0.00021101482
C_15759,test,0,0.004918361126349882,0.00045867852
C_15774,test,0,0.004539572719351029,2.2591769e-07
C_15784,test,0,0.005000034726964258,3.890225e-07
C_15787,test,0,0.003695769785449042,2.8574797e-19
C_15790,test,0,0.03033034865538014,4.498939e-05
C_15796,test,0,0.004539572719351029,7.4312277e-07
C_15799,test,0,0.0035010579809114485,2.0585851e-08
C_15801,test,0,0.04632854983459606,0.06108753
C_15804,test,0,0.015292289149424676,4.267295e-17
C_15812,test,0,0.004095614071346495,6.705774e-08
C_15822,test,0,0.006060186056877356,0.15819313
C_15830,test,0,0.021352590673007085,2.9548871e-06
C_15831,test,0,0.0030755742787161454,2.1333337e-09
C_15844,test,0,0.005272713602179786,0.059720103
C_15851,test,0,0.010818964183897835,9.204764e-18
C_15859,test,0,0.031257702990238494,0.057747778
C_15861,test,0,0.03851183251446341,0.02533289
C_15862,test,0,0.004561929463950255,0.13729951
C_15871,test,0,0.005843519463314208,9.528748e-06
C_15874,test,0,0.005456591659880597,1.0752229e-05
C_15886,test,0,0.17779924163602656,0.60447466
C_15887,test,0,0.001858894130877293,0.00090503204
C_15892,test,0,0.0030755742787161454,1.1695796e-12
C_15901,test,0,0.05519416767172636,5.7585347e-22
C_15902,test,0,0.004095614071346495,5.501573e-19
C_15917,test,0,0.06088138212873722,9.997914e-10
C_15922,test,0,0.05032336364638023,0.46540806
C_15925,test,0,0.003798424579853514,1.9213824e-09
C_15931,test,0,0.004095614071346495,1.7301191e-07
C_15934,test,0,0.00959184971560185,1.3943318e-05
C_15940,test,0,0.19685499435010215,5.2307973e-07
C_15941,test,0,0.055726280434161946,0.10995573
C_15951,test,0,0.005843519463314208,9.539877e-06
C_15955,test,0,0.06090709237147825,0.0046663336
C_15957,test,0,0.031056529983038445,2.9289495e-06
C_15966,test,0,0.010258449000216333,2.0377483e-07
C_15968,test,0,0.07887567743961937,0.00048402345
C_15978,test,0,0.00522061970361396,0.11192586
C_15979,test,0,0.13467533932029427,0.16381772
C_15981,test,0,0.004111257178309892,2.2642672e-07
C_15992,test,0,0.004095614071346495,5.2021064e-14
C_16000,test,0,0.04873794854906681,0.008622311
C_16002,test,0,0.06006267113956454,0.15869115
C_16009,test,0,0.004539572719351029,6.027688e-07
C_16011,test,0,0.08872076132446938,0.026045138
C_16013,test,0,0.18674967763296696,0.0013698622
C_16018,test,0,0.1240642203577502,9.42173e-08
C_16021,test,0,0.13077545899060555,0.00013230425
C_16022,test,0,0.004095614071346495,1.6042041e-07
C_16028,test,0,0.004539572719351029,4.3694754e-09
C_16033,test,0,0.0014954655295784354,0.013108829
C_16047,test,0,0.0029932023583825944,0.00017650262
C_16049,test,0,0.03517923189354553,0.0068544033
C_16054,test,0,0.004095614071346495,6.049502e-08
C_16062,test,0,0.005272713602179786,0.059054404
C_16065,test,0,0.004095614071346495,9.886171e-09
C_16071,test,0,0.004698634765149174,1.8280876e-06
C_16073,test,0,0.024648167453987284,0.06288648
C_16075,test,0,0.004095614071346495,1.5005355e-09
C_16076,test,0,0.004539572719351029,1.8692583e-07
C_16079,test,0,0.03469641518998231,5.1172226e-12
C_16083,test,0,0.0014099926814814367,1.3555172e-05
C_16107,test,0,0.1256914099027051,1.3282308e-15
C_16108,test,0,0.004095614071346495,1.1918441e-17
C_16109,test,0,0.005272713602179786,1.0214388e-05
C_16120,test,0,0.1408924142869603,0.03758548
C_16121,test,0,0.0033228017437224627,2.195468e-09
C_16122,test,0,0.11186181334936914,0.041568965
C_16130,test,0,0.060958804066680194,0.05563188
C_16133,test,0,0.012112348397324208,1.4761346e-08
C_16136,test,0,0.004095614071346495,9.883098e-09
C_16146,test,0,0.054396180323064314,4.017375e-07
C_16148,test,0,0.01546461434908346,3.5679573e-12
C_16150,test,0,0.005843519463314208,9.878794e-06
C_16179,test,0,0.022991934020704603,0.14665613
C_16182,test,0,0.2662870270976077,0.24508521
C_16193,test,0,0.003759608783611282,4.3438187e-15
C_16197,test,0,0.004539572719351029,2.1521876e-06
C_16198,test,0,0.039662609468559096,1.8211686e-10
C_16203,test,0,0.05073777862504667,0.002764205
C_16207,test,0,0.15874076548062582,0.21046579
C_16209,test,0,0.005000034726964258,4.0602452e-11
C_16218,test,0,0.005972680416279681,0.084180646
C_16231,test,0,0.016056713036807085,1.31239055e-08
C_16242,test,0,0.2607698970293834,0.12673031
C_16249,test,0,0.015465876055815671,0.00019704596
C_16257,test,0,0.17304121513655984,0.00024761053
C_16258,test,0,0.04629391766825221,0.04215886
C_16260,test,0,0.03552925639436643,0.00082104775
C_16269,test,0,0.1532755696524043,0.18501331
C_16280,test,0,0.004095614071346495,1.6647026e-06
C_16283,test,0,0.45490009057481723,6.3949e-08
C_16284,test,0,0.03681923165900922,0.0014523924
C_16294,test,0,0.0044684584764136765,8.3382537e-07
C_16298,test,0,0.004366680581624166,0.012454854
C_16303,test,0,0.004539572719351029,4.0154802e-05
C_16318,test,0,0.018673303593843466,0.0008071843
C_16328,test,0,0.045805775667381955,5.346404e-11
C_16345,test,0,0.005843519463314208,9.785965e-06
C_16355,test,0,0.004095614071346495,1.1087137e-12
C_16358,test,0,0.04168529662656235,0.00018809186
C_16368,test,0,0.22499564897156726,7.4043615e-05
C_16374,test,0,0.004539572719351029,3.7312302e-07
C_16381,test,0,0.003798424579853514,3.9580894e-18
C_16391,test,0,0.07848194110486464,2.8319398e-08
C_16392,test,0,0.20154981591344626,1.01988284e-07
C_16396,test,0,0.026313012283743897,3.655637e-05
C_16410,test,0,0.0030755742787161454,1.2784572e-17
C_16423,test,0,0.005272713602179786,9.908732e-06
C_16433,test,0,0.13816145457990978,8.01665e-14
C_16436,test,0,0.03478195537039847,0.039298125
C_16442,test,0,0.04229351081547538,3.487226e-06
C_16444,test,0,0.06002329432192616,0.17979391
C_16445,test,0,0.01720256154555053,3.8418198e-06
C_16450,test,0,0.001501989219866607,2.4746273e-15
C_16461,test,0,0.002508653728579602,0.0018132102
C_16465,test,0,0.31545745415189674,8.445707e-06
C_16473,test,0,0.0037750696165450848,9.284537e-10
C_16481,test,0,0.005843519463314208,9.7908005e-06
C_16487,test,0,0.005207618181073586,0.3220796
C_16490,test,0,0.04410601215319506,0.0001604035
C_16502,test,0,0.003682151349282837,2.8696757e-06
C_16507,test,0,0.004095614071346495,1.8406181e-08
C_16512,test,0,0.10082232846636519,2.8935437e-13
C_16515,test,0,0.005434911846323119,1.8683721e-06
C_16516,test,0,0.005843519463314208,9.615367e-06
C_16521,test,0,0.010834233912842103,5.5497374e-08
C_16535,test,0,0.0002576498697638303,4.4138364e-09
C_16541,test,0,0.031018197361375472,3.7568484e-10
C_16550,test,0,0.02773767055501034,0.00011140528
C_16551,test,0,0.004095614071346495,5.029008e-07
C_16565,test,0,0.0673616428546809,1.1076848e-15
C_16597,test,0,0.004095614071346495,1.1684219e-13
C_16598,test,0,0.04556397889914291,0.0004514214
C_16608,test,0,0.00689800333162789,1.129161e-06
C_16613,test,0,0.014063703647667432,0.016697984
C_16617,test,0,0.003798424579853514,8.9877886e-07
C_16625,test,0,0.019521292462514536,0.0005621443
C_16626,test,0,0.035255908057715106,3.2908524e-08
C_16631,test,0,0.02493039768614439,4.2994848e-13
C_16640,test,0,0.004095614071346495,1.5946147e-09
C_16648,test,0,0.006687416522928712,0.051026437
C_16654,test,0,0.20383908995322758,0.121166065
C_16659,test,0,0.004095614071346495,2.0745963e-06
C_16660,test,0,0.005843519463314208,9.8592545e-06
C_16670,test,0,0.020151178536267002,8.600428e-07
C_16672,test,0,0.09014445696153299,1.3975996e-06
C_16679,test,0,0.004095614071346495,2.1860725e-11
C_16681,test,0,0.0037158869186248687,2.9367727e-06
C_16687,test,0,0.0348960258858457,4.4694964e-16
C_16688,test,0,0.04216008348475453,5.282301e-07
C_16696,test,0,0.04470318150842527,4.4181783e-11
C_16708,test,0,0.05403456138277455,0.001842927
C_16717,test,0,0.0027770186314993554,1.5502743e-05
C_16727,test,0,0.003798424579853514,4.861591e-11
C_16730,test,0,0.20003663109527334,3.9737571e-07
C_16734,test,0,0.0029124150925102085,3.381254e-11
C_16750,test,0,0.0451311496163497,6.4302175e-10
C_16763,test,0,0.054396180323064314,0.00017737453
C_16768,test,0,0.005843519463314208,9.5199e-06
C_16770,test,0,0.00776403466005643,8.18459e-06
C_16772,test,0,0.01678531267578262,2.079558e-06
C_16774,test,0,0.0196631401191863,1.5727988e-10
C_16787,test,0,0.015983783882284015,0.00013836804
C_16798,test,0,0.010450707370137789,0.81177795
C_16800,test,0,0.17498129669375254,0.24027438
C_16813,test,0,0.0730845537482974,0.21228038
C_16817,test,0,0.06264803867692452,0.04391959
C_16829,test,0,0.02475946306647255,5.6059145e-07
C_16844,test,0,0.004539572719351029,4.9281446e-16
C_16849,test,0,0.004560591045704436,7.579503e-05
C_16852,test,0,0.004095614071346495,4.82284e-10
C_16854,test,0,0.03935795908217259,1.7668823e-05
C_16857,test,0,0.02549042077145506,0.08424943
C_16861,test,0,0.07012198067624752,0.18938948
C_16862,test,0,0.05735326556135203,0.08742682
C_16868,test,0,0.015292289149424676,5.9107125e-14
C_16869,test,0,0.06011438348482633,0.13135992
C_16873,test,0,0.10269025170103593,3.631592e-05
C_16881,test,0,0.004561929463950255,1.1872382e-05
C_16883,test,0,0.004095614071346495,2.5662349e-08
C_16885,test,0,0.004229804793509971,0.00064198364
C_16892,test,0,0.004539572719351029,1.2950729e-09
C_16916,test,0,0.696215527467997,0.907726
C_16941,test,0,0.07151836833927011,0.043363627
C_16952,test,0,0.02413783672413769,0.006176445
C_16954,test,0,0.004095614071346495,1.5145058e-14
C_16958,test,0,0.22025767077317815,0.2594224
C_16962,test,0,0.07670802372524936,1.885016e-18
C_16970,test,0,0.004539572719351029,1.1232078e-06
C_16983,test,0,0.028852042574160273,0.00092158635
C_16990,test,0,0.04556397889914291,2.0623095e-13
C_16996,test,0,0.004539572719351029,5.4720627e-11
C_16998,test,0,0.025140684073877952,0.05245148
C_17007,test,0,0.15101692806563097,9.6751134e-17
C_17013,test,0,0.005456591659880597,1.0790173e-05
C_17018,test,0,0.12233143757187509,0.00043382662
C_17025,test,0,0.026776531662813657,2.4144313e-08
C_17039,test,0,0.04876224085080384,0.05308736
C_17044,test,0,0.004266181809157552,0.38484356
C_17051,test,0,0.04925779773921428,0.09920711
C_17053,test,0,0.05548283215189149,0.00086705596
C_17054,test,0,0.04127924047211353,0.1816066
C_17057,test,0,0.03203643918416786,0.26344198
C_17059,test,0,0.004095614071346495,3.120938e-06
C_17064,test,0,0.34882240566087686,0.02848343
C_17076,test,0,0.0030755742787161454,1.380522e-12
C_17083,test,0,0.005272713602179786,1.0079861e-05
C_17085,test,0,0.0038731168406532365,0.00086466834
C_17088,test,0,0.01997450859779727,3.7669914e-05
C_17099,test,0,0.06381414534451137,0.00048512488
C_17110,test,0,0.03152248453859172,0.007453246
C_17123,test,0,0.030960672069897735,0.0006021039
C_17125,test,0,0.003062555677273666,1.4296084e-12
C_17127,test,0,0.0011955142484927996,6.7028583e-07
C_17131,test,0,0.34051161262812085,0.54942435
C_17151,test,0,0.033759662267585776,2.1499968e-12
C_17152,test,0,0.014239579038375541,1.6243037e-18
C_17157,test,0,0.20241570220562666,5.5325727e-12
C_17172,test,0,0.012304229925180847,0.0003548642
C_17179,test,0,0.06981402429133322,0.43342286
C_17185,test,0,0.16834375770077692,8.0637336e-13
C_17196,test,0,0.004539572719351029,1.9937566e-07
C_17197,test,0,0.004095614071346495,5.8611815e-10
C_17198,test,0,0.05767543457102877,0.10098299
C_17203,test,0,0.2274233605215357,5.055449e-06
C_17206,test,0,0.03935795908217259,6.3956354e-11
C_17213,test,0,0.01494075047443588,5.1134267e-16
C_17220,test,0,0.004095614071346495,6.142311e-06
C_17233,test,0,0.17075348155680997,2.0251557e-07
C_17242,test,0,0.005843519463314208,9.579864e-06
C_17253,test,0,0.04954537604917251,2.7005918e-08
C_17262,test,0,0.026814843241207996,0.05457157
C_17271,test,0,0.24084995034651768,0.0062100645
C_17277,test,0,0.006492368871211359,0.09205382
C_17278,test,0,0.020151178536267002,0.00033515517
C_17281,test,0,0.07462219766836717,0.0044553666
C_17284,test,0,0.001538292738238706,0.003746152
C_17285,test,0,0.004539572719351029,1.6578062e-11
C_17305,test,0,0.06923668431461977,0.05727855
C_17309,test,0,0.004095614071346495,2.344438e-05
C_17328,test,0,0.004539572719351029,2.2992631e-14
C_17333,test,0,0.1612219501147029,1.4517648e-05
C_17341,test,0,0.004539572719351029,1.9747324e-06
C_17342,test,0,0.004539572719351029,0.0006298841
C_17351,test,0,0.1034123664690934,0.10994564
C_17357,test,0,0.046885017163860745,0.020420674
C_17358,test,0,0.004095614071346495,1.05357334e-10
C_17360,test,0,0.018884985532837975,1.1564988e-15
C_17378,test,0,0.05030507420543689,1.1623493e-09
C_17395,test,0,0.00877349826359876,6.098354e-09
C_17399,test,0,0.04915445268770746,3.293718e-14
C_17407,test,0,0.004561929463950255,0.11681433
C_17411,test,0,0.03033034865538014,1.9025061e-06
C_17413,test,0,0.005843519463314208,9.544299e-06
C_17415,test,0,0.009805758534269161,5.4835396e-06
C_17430,test,0,0.0015805022892143362,0.026526732
C_17450,test,0,0.13099579467408098,0.04214828
C_17453,test,0,0.04782202443021476,0.00028783403
C_17455,test,0,0.03749900872582426,6.901663e-08
C_17456,test,0,0.16494428200294217,4.694498e-10
C_17471,test,0,0.1988488395329082,0.006988322
C_17474,test,0,0.004095614071346495,3.7344985e-06
C_17477,test,0,0.01753353052470096,1.2741219e-09
C_17483,test,0,0.005727023498047088,4.4931207e-05
C_17498,test,0,0.004095614071346495,0.00010723333
C_17499,test,0,0.0031747674155223624,5.3332025e-07
C_17501,test,0,0.005272713602179786,9.948302e-06
C_17503,test,0,0.0584736146587833,6.7913456e-06
C_17508,test,0,0.010361961925251817,6.577885e-07
C_17514,test,0,0.004539572719351029,3.263928e-06
C_17521,test,0,0.0033228017437224627,1.8505236e-12
C_17523,test,0,0.003793756449428605,3.7445762e-08
C_17529,test,0,0.21658587299607168,0.34034213
C_17531,test,0,0.004708120411904852,3.032188e-13
C_17532,test,0,0.0015126238632725345,0.024369601
C_17535,test,0,0.004031426454623072,1.2168752e-13
C_17538,test,0,0.004539572719351029,3.2712735e-10
C_17543,test,0,0.04472208453650354,1.4646504e-05
C_17544,test,0,0.005456591659880597,0.08802343
C_17553,test,0,0.004539572719351029,8.343532e-15
C_17558,test,0,0.16172784644907673,0.14580895
C_17563,test,0,0.22086410811731327,0.06489379
C_17572,test,0,0.004539572719351029,2.7172895e-09
C_17579,test,0,0.0685357808701818,0.13102524
C_17580,test,0,0.004539572719351029,3.3054012e-06
C_17589,test,0,0.013151377724608936,3.9240294e-05
C_17625,test,0,0.25572770108451465,0.335407
C_17626,test,0,0.08815140705706033,1.1053186e-08
C_17627,test,0,0.07408987442512281,6.012209e-16
C_17629,test,0,0.01753353052470096,0.03994609
C_17631,test,0,0.1240642203577502,6.7603606e-10
C_17633,test,0,0.004539572719351029,1.2186702e-25
C_17637,test,0,0.03400419566407527,3.7378086e-06
C_17638,test,0,0.004539572719351029,3.431486e-05
C_17643,test,0,0.004539572719351029,8.6669723e-07
C_17652,test,0,0.12628977767077837,0.045557033
C_17655,test,0,0.0035010579809114485,2.7143803e-06
C_17658,test,0,0.026814843241207996,0.024890952
C_17664,test,0,0.1234761574056632,0.06885808
C_17667,test,0,0.004095614071346495,1.0134193e-12
C_17669,test,0,0.004539572719351029,7.448218e-11
C_17672,test,0,0.004539572719351029,2.1632468e-15
C_17680,test,0,0.1395226239531059,8.566284e-09
C_17683,test,0,0.09595877941385572,0.38318047
C_17698,test,0,0.1858177649468324,0.59805995
C_17702,test,0,0.14887165126272156,0.4331199
C_17710,test,0,0.03033034865538014,9.311088e-06
C_17713,test,0,0.004539572719351029,1.0529563e-05
C_17720,test,0,0.09764589831457993,0.00053528283
C_17734,test,0,0.3586252852711256,4.1149064e-14
C_17737,test,0,0.0738651501244028,0.06856733
C_17739,test,0,0.03498272439602064,7.413354e-14
C_17758,test,0,0.053714927507127426,1.0304215e-06
C_17764,test,0,0.005272713602179786,1.0235314e-05
C_17766,test,0,0.0037750696165450848,0.00041977473
C_17769,test,0,0.0014480325893315308,0.00017822764
C_17771,test,0,0.005456591659880597,1.0724475e-05
C_17774,test,0,0.04938011002982151,0.01341463
C_17787,test,0,0.20032950075900935,0.62205523
C_17788,test,0,0.005843519463314208,9.552167e-06
C_17792,test,0,0.004095614071346495,5.2912313e-13
C_17793,test,0,0.06222277348877095,0.31461418
C_17794,test,0,0.04556397889914291,1.8247593e-07
C_17798,test,0,0.06284693567507829,1.9854506e-12
C_17802,test,0,0.11595411627335268,0.088950396
C_17804,test,0,0.005843519463314208,9.738103e-06
C_17806,test,0,0.19056008379157202,1.0555642e-07
C_17807,test,0,0.1680649602747096,0.07796826
C_17829,test,0,0.043923242871460426,2.3203314e-05
C_17837,test,0,0.004095614071346495,1.2936244e-05
C_17839,test,0,0.006398721359507556,8.739187e-13
C_17848,test,0,0.005272713602179786,1.0348875e-05
C_17859,test,0,0.05624846490423443,1.3991103e-11
C_17867,test,0,0.005843519463314208,9.455082e-06
C_17873,test,0,0.004539572719351029,1.51787e-09
C_17883,test,0,0.020151178536267002,3.439173e-12
C_17887,test,0,0.04453688128035955,3.01072e-10
C_17894,test,0,0.0405677838942353,4.839847e-07
C_17896,test,0,0.2357708589367675,2.6693155e-13
C_17906,test,0,0.004188853849277641,1.279953e-13
C_17907,test,0,0.005843519463314208,9.75209e-06
C_17910,test,0,0.07130010592114717,0.35532114
C_17926,test,0,0.0024856668524833826,0.02092678
C_17928,test,0,0.017021914928546978,1.0266667e-08
C_17931,test,0,0.03379663376395245,0.11535075
C_17942,test,0,0.33255092579264495,0.038396817
C_17961,test,0,0.06241087430071028,0.0004073717
C_17970,test,0,0.004539572719351029,1.3209848e-15
C_17980,test,0,0.005456591659880597,0.11193122
C_17983,test,0,0.014701933927910278,3.421347e-14
C_17989,test,0,0.02564779292037415,1.4030219e-12
C_17991,test,0,0.2850436570465699,0.6332192
C_17995,test,0,0.02320079697793465,1.2634557e-07
C_18000,test,0,0.12246171250259845,0.7108609
C_18003,test,0,0.006687416522928712,0.046618138
C_18008,test,0,0.04776780462378701,2.8383504e-10
C_18015,test,0,0.004095614071346495,5.940647e-07
C_18017,test,0,0.005338657293557075,0.00036581172
C_18023,test,0,0.038725318892270266,0.08528093
C_18026,test,0,0.002524207819272556,1.704383e-06
C_18032,test,0,0.006687416522928712,0.04296357
C_18036,test,0,0.09875262820552358,1.840676e-10
C_18037,test,0,0.050075122786881573,7.56849e-05
C_18038,test,0,0.4631012840292172,4.143285e-09
C_18045,test,0,0.004095614071346495,1.6582191e-09
C_18066,test,0,0.04750468992195073,4.659303e-19
C_18069,test,0,0.043979120994645904,1.9180288e-16
C_18073,test,0,0.025634885557382286,3.327097e-20
C_18083,test,0,0.0037750696165450848,0.00014290909
C_18089,test,0,0.005843519463314208,9.808379e-06
C_18091,test,0,0.01497514687138442,1.1207093e-05
C_18095,test,0,0.022192262444548617,2.3552257e-05
C_18104,test,0,0.005456591659880597,1.0842875e-05
C_18112,test,0,0.004248512557962512,7.673192e-08
C_18115,test,0,0.004539572719351029,4.1408407e-06
C_18117,test,0,0.0663545367735787,1.19087335e-14
C_18123,test,0,0.004918361126349882,1.1663968e-07
C_18128,test,0,0.005843519463314208,9.449872e-06
C_18130,test,0,0.015677268658500106,0.0001694106
C_18141,test,0,0.059623472477732,1.4608953e-07
C_18142,test,0,0.004095614071346495,1.0022028e-09
C_18144,test,0,0.013899525415865357,0.00053360354
C_18167,test,0,0.03912737666643081,1.5492218e-05
C_18180,test,0,0.004539572719351029,5.2221282e-14
C_18186,test,0,0.004918361126349882,0.0028166333
C_18193,test,0,0.036730690607856296,0.047165155
C_18200,test,0,0.04166910367925369,3.6977972e-06
C_18205,test,0,0.004539572719351029,5.8852215e-06
C_18217,test,0,0.0033228017437224627,2.9217666e-13
C_18218,test,0,0.013157220294648624,6.4880423e-06
C_18223,test,0,0.10916091068989757,2.9311514e-06
C_18226,test,0,0.0310283234228819,1.03292305e-11
C_18231,test,0,0.07302959504736985,0.14845562
C_18233,test,0,0.16561296854087312,8.438895e-05
C_18237,test,0,0.025913730430031826,6.1608966e-06
C_18248,test,0,0.004539572719351029,2.8984728e-08
C_18249,test,0,0.6861444581398812,6.5888855e-10
C_18257,test,0,0.004539572719351029,6.7565096e-09
C_18265,test,0,0.019810304577701634,3.714899e-05
C_18267,test,0,0.03235071680972492,0.21065636
C_18273,test,0,0.003798424579853514,2.6090322e-10
C_18274,test,0,0.004095614071346495,1.1886236e-08
C_18281,test,0,0.06911322086726676,0.067482166
C_18292,test,0,0.005207618181073586,2.5661195e-10
C_18297,test,0,0.03336624131730668,0.01204194
C_18307,test,0,0.01787446189712349,0.3298479
C_18310,test,0,0.21309945142707293,2.061064e-12
C_18316,test,0,0.025856106385183188,0.03198866
C_18334,test,0,0.047131293282796326,0.025378622
C_18337,test,0,0.003066601375519897,3.8576722e-10
C_18340,test,0,0.05348505631254584,0.044797733
C_18375,test,0,0.004095614071346495,1.3064463e-05
C_18398,test,0,0.004539572719351029,2.0440216e-09
C_18402,test,0,0.02338327286367144,2.3627319e-13
C_18412,test,0,0.007623456257078142,2.8256064e-15
C_18413,test,0,0.16172784644907673,0.13500169
C_18414,test,0,0.0794273829691408,1.4676006e-15
C_18415,test,0,0.004095614071346495,3.7729942e-16
C_18422,test,0,0.004095614071346495,2.9419094e-09
C_18423,test,0,0.022249169516847266,0.22469689
C_18431,test,0,0.004526497471765104,2.0125629e-16
C_18441,test,0,0.13440589219577798,0.001464739
C_18453,test,0,0.01546461434908346,5.5326083e-05
C_18455,test,0,0.0771361288939351,0.6884809
C_18456,test,0,0.004539572719351029,1.0476709e-06
C_18466,test,0,0.3296612073629424,0.75697446
C_18469,test,0,0.03197908308414346,0.028697256
C_18474,test,0,0.015009267176534866,0.0013624517
C_18484,test,0,0.005456591659880597,1.0893164e-05
C_18485,test,0,0.047451750355934,4.719937e-16
C_18487,test,0,0.004184427701149658,0.005716814
C_18495,test,0,0.0041723710837549425,1.346119e-08
C_18503,test,0,0.004095614071346495,2.609991e-15
C_18511,test,0,0.006075138509522331,0.071037166
C_18520,test,0,0.006168956691102949,1.0711055e-05
C_18521,test,0,0.020151178536267002,1.3245491e-06
C_18529,test,0,0.29168015628207256,3.6284032e-06
C_18530,test,0,0.036801012774763796,2.990156e-11
C_18534,test,0,0.02249073030740359,1.3622475e-14
C_18547,test,0,0.004539572719351029,4.5141677e-12
C_18548,test,0,0.005727023498047088,1.1669019e-05
C_18550,test,0,0.005456591659880597,1.0882219e-05
C_18551,test,0,0.03323600255228713,0.013572195
C_18553,test,0,0.09579388554749844,0.00013236117
C_18555,test,0,0.015307874965093407,0.00023451362
C_18559,test,0,0.004539572719351029,6.2311166e-15
C_18570,test,0,0.19975657956632306,9.289204e-12
C_18583,test,0,0.010659378029645792,2.845724e-13
C_18588,test,0,0.005843519463314208,9.83302e-06
C_18591,test,0,0.26026435691391975,1.5776388e-14
C_18594,test,0,0.003994837670731811,1.5478176e-07
C_18597,test,0,0.08257372381953532,0.6781734
C_18603,test,0,0.0039365043285685694,0.0007337085
C_18607,test,0,0.04655227254017966,0.2629368
C_18612,test,0,0.16973928284881645,0.0014057645
C_18613,test,0,0.06645830589437932,0.26913607
C_18620,test,0,0.18589447764419537,0.054778293
C_18621,test,0,0.004539572719351029,0.00026699947
C_18628,test,0,0.05769587885187667,1.4469748e-10
C_18630,test,0,0.022521192519628017,0.08341363
C_18639,test,0,0.1463287904997447,2.0621524e-09
C_18642,test,0,0.0038209807829804186,2.1478325e-12
C_18654,test,0,0.04255301833048854,0.000280692
C_18655,test,0,0.004095614071346495,7.057814e-06
C_18656,test,0,0.0031747674155223624,4.755698e-26
C_18663,test,0,0.0014611669317495957,0.0002933507
C_18681,test,0,0.03711085511141364,3.1403085e-12
C_18687,test,0,0.0040134525719365275,0.042454105
C_18707,test,0,0.046885017163860745,0.000120190336
C_18712,test,0,0.015838652791523057,4.7721445e-11
C_18718,test,0,0.05938253181448764,0.011979934
C_18719,test,0,0.005973878221916141,9.55634e-06
C_18720,test,0,0.005843519463314208,9.503373e-06
C_18727,test,0,0.013235160368121198,2.130062e-05
C_18734,test,0,0.06378244788511536,0.06727228
C_18738,test,0,0.10590436015172598,8.146325e-06
C_18750,test,0,0.01497514687138442,0.0037835306
C_18753,test,0,0.027686824249216653,2.2108402e-06
C_18769,test,0,0.028014292325682737,7.301426e-06
C_18774,test,0,0.07694604954380828,1.4061637e-13
C_18777,test,0,0.05401384166054478,3.3193925e-18
C_18778,test,0,0.00459538539217421,3.0147782e-09
C_18782,test,0,0.0557843512292515,6.9195067e-09
C_18783,test,0,0.10627158163405498,2.4825546e-08
C_18785,test,0,0.02344492057184459,6.633241e-05
C_18789,test,0,0.15675650479590425,1.7104037e-12
C_18790,test,0,0.04136665951291888,2.0881213e-12
C_18794,test,0,0.004095614071346495,5.479277e-07
C_18799,test,0,0.20917769529121635,0.08218595
C_18806,test,0,0.005092194035041386,0.0012546303
C_18808,test,0,0.03418441508899134,1.2668026e-05
C_18814,test,0,0.004031426454623072,2.3482766e-11
C_18834,test,0,0.021663824249706032,7.089457e-11
C_18842,test,0,0.029723750065739185,5.3712e-11
C_18848,test,0,0.1505821697501594,0.1198907
C_18852,test,0,0.04470636877202221,0.10123287
C_18860,test,0,0.004539572719351029,2.7539902e-21
C_18868,test,0,0.06706038420843878,0.05566191
C_18870,test,0,0.02483699324983619,3.7584824e-10
C_18873,test,0,0.005272713602179786,1.0172277e-05
C_18874,test,0,0.019711784395788013,0.027290411
C_18878,test,0,0.0035010579809114485,0.00045713552
C_18882,test,0,0.005272713602179786,1.0090575e-05
C_18883,test,0,0.005843519463314208,0.049041048
C_18896,test,0,0.004561929463950255,0.11652803
C_18906,test,0,0.028963515876976535,0.040354356
C_18919,test,0,0.004539572719351029,7.6371e-19
C_18927,test,0,0.05755245274293955,0.2143918
C_18934,test,0,0.002792655412567338,2.2141887e-06
C_18947,test,0,0.005456591659880597,1.1068312e-05
C_18965,test,0,0.10874956397187646,6.232736e-14
C_18968,test,0,0.13112191600517736,1.417525e-09
C_18974,test,0,0.0031747674155223624,1.2180072e-07
C_18977,test,0,0.007623456257078142,0.0012717654
C_18985,test,0,0.005843519463314208,9.649044e-06
C_18993,test,0,0.019115542885106612,0.0042900327
C_19003,test,0,0.005843519463314208,9.855044e-06
C_19008,test,0,0.0035070001605501753,1.4022322e-06
C_19019,test,0,0.005272713602179786,1.0540936e-05
C_19021,test,0,0.005843519463314208,9.592919e-06
C_19033,test,0,0.005843519463314208,9.485075e-06
C_19035,test,0,0.006168956691102949,1.0619739e-05
C_19036,test,0,0.004095614071346495,2.4170538e-07
C_19043,test,0,0.18540321450587607,5.3614835e-16
C_19047,test,0,0.19494727236049766,2.2593392e-20
C_19052,test,0,0.09696107560880235,0.0049701934
C_19058,test,0,0.004095614071346495,1.5076144e-18
C_19063,test,0,0.005843519463314208,9.572157e-06
C_19093,test,0,0.03469641518998231,8.155559e-06
C_19097,test,0,0.04895966775193182,4.4281747e-15
C_19100,test,0,0.0281141033321847,8.105674e-10
C_19103,test,0,0.0048119473111186365,0.022844452
C_19107,test,0,0.004357879835925994,5.903097e-10
C_19123,test,0,0.052392390186014305,0.0002203211
C_19125,test,0,0.0026287826671452224,0.07729699
C_19129,test,0,0.004539572719351029,1.3437996e-16
C_19133,test,0,0.001472457591744011,6.6140406e-22
C_19135,test,0,0.004539572719351029,3.5475212e-18
C_19145,test,0,0.01017212866023259,4.8042716e-07
C_19153,test,0,0.16381275174368973,0.81411946
C_19154,test,0,0.004095614071346495,1.1763477e-05
C_19157,test,0,0.05403456138277455,4.8972865e-13
C_19175,test,0,0.008446584533723987,1.4378102e-05
C_19176,test,0,0.0031747674155223624,3.7782303e-12
C_19180,test,0,0.0020308644172163442,9.8174944e-08
C_19187,test,0,0.020151178536267002,0.0032950477
C_19196,test,0,0.006168956691102949,1.0698744e-05
C_19198,test,0,0.005272713602179786,1.0503287e-05
C_19200,test,0,0.08685396563183652,2.2247278e-12
C_19201,test,0,0.08999712291789433,0.18711586
C_19205,test,0,0.3434920040576434,0.8189038
C_19210,test,0,0.23051097811915172,0.006400918
C_19221,test,0,0.6063852889212541,0.76604253
C_19239,test,0,0.025140684073877952,0.06119161
C_19244,test,0,0.004095614071346495,7.6609567e-22
C_19251,test,0,0.050385823724679556,0.19451036
C_19252,test,0,0.12470299450534088,7.421143e-07
C_19260,test,0,0.2130061847430639,0.0019917456
C_19268,test,0,0.003798424579853514,2.0644722e-11
C_19272,test,0,0.07073914154318059,3.292307e-09
C_19288,test,0,0.004539572719351029,1.16541386e-07
C_19299,test,0,0.03240853163614386,0.007964583
C_19310,test,0,0.004539572719351029,8.0731644e-10
C_19315,test,0,0.06706038420843878,0.06628903
C_19319,test,0,0.004511046728708502,6.9697276e-11
C_19334,test,0,0.26477828692468924,0.123559706
C_19338,test,0,0.005272713602179786,0.0720367
C_19344,test,0,0.004095614071346495,7.310501e-10
C_19356,test,0,0.004539572719351029,2.330734e-16
C_19359,test,0,0.09775837063144616,3.992411e-08
C_19361,test,0,0.14248898746713184,0.009825611
C_19367,test,0,0.05748328795007237,0.5148481
C_19369,test,0,0.02060501490998525,0.08808905
C_19371,test,0,0.008727730637964198,1.3130683e-13
C_19378,test,0,0.03412580912111798,7.3433507e-19
C_19380,test,0,0.001171569203430127,4.368667e-09
C_19392,test,0,0.005843519463314208,9.874716e-06
C_19396,test,0,0.1983306423342965,1.1316572e-09
C_19397,test,0,0.21458742553156857,0.35856387
C_19415,test,0,0.15568542201869356,1.835917e-05
C_19416,test,0,0.0052181259810482996,3.4957388e-08
C_19417,test,0,0.07305325829298884,0.05802386
C_19439,test,0,0.006963773970671066,1.0592332e-29
C_19449,test,0,0.02680680942051768,0.0002397079
C_19457,test,0,0.04453688128035955,8.2783785e-08
C_19465,test,0,0.135112957770409,1.9333386e-07
C_19466,test,0,0.005272713602179786,9.898588e-06
C_19476,test,0,0.08495554742913401,0.29344273
C_19478,test,0,0.003798424579853514,2.0622101e-14
C_19484,test,0,0.07375803579646453,1.0597194e-06
C_19491,test,0,0.004266181809157552,9.614171e-09
C_19513,test,0,0.2538605711807535,0.07781993
C_19514,test,0,0.09602525631231766,0.0004415826
C_19517,test,0,0.09524002165407695,1.4368127e-14
C_19521,test,0,0.002105786720221017,5.3480207e-09
C_19524,test,0,0.10066073303770935,7.388644e-12
C_19528,test,0,0.001587948588411411,0.0014989225
C_19529,test,0,0.004095614071346495,6.3310905e-11
C_19534,test,0,0.05629751118394981,1.7644421e-08
C_19537,test,0,0.0036940676391591064,1.6148576e-10
C_19550,test,0,0.004131424218840635,3.7501413e-05
C_19551,test,0,0.06787940215593362,5.544848e-07
C_19557,test,0,0.2168305545141613,0.0041465275
C_19572,test,0,0.004095614071346495,4.2998473e-16
C_19600,test,0,0.07301483993706549,0.15463658
C_19602,test,0,0.10555188276123612,3.391467e-10
C_19622,test,0,0.005272713602179786,1.0168912e-05
C_19628,test,0,0.004539572719351029,6.646908e-11
C_19636,test,0,0.10082166490361037,2.4757276e-11
C_19640,test,0,0.015365251112795002,3.4423766e-07
C_19675,test,0,0.08059321755012774,0.059237007
C_19694,test,0,0.11102464575363741,0.030892652
C_19704,test,0,0.09589177649460276,0.17604412
C_19735,test,0,0.004539572719351029,2.0234973e-13
C_19745,test,0,0.004266181809157552,1.05674196e-16
C_19755,test,0,0.16375289586496705,0.39685628
C_19760,test,0,0.049821244215774364,0.079563074
C_19762,test,0,0.005428702249578117,0.0010072932
C_19767,test,0,0.06046266624181385,0.06441281
C_19769,test,0,0.006963773970671066,2.108375e-09
C_19772,test,0,0.07963808220464383,0.00091794255
C_19787,test,0,0.0030755742787161454,4.773476e-10
C_19789,test,0,0.005272713602179786,1.0488272e-05
C_19796,test,0,0.07780732729942023,4.1706486e-12
C_19797,test,0,0.04819427614753832,7.2791e-05
C_19798,test,0,0.030612961067369448,0.037587408
C_19821,test,0,0.0052181259810482996,1.4659838e-07
C_19824,test,0,0.026814843241207996,0.054744206
C_19826,test,0,0.046885017163860745,2.991528e-13
C_19836,test,0,0.04722300877928359,3.1761108e-10
C_19854,test,0,0.05990945828809806,0.06272885
C_19858,test,0,0.14374564000476955,7.3299193e-06
C_19863,test,0,0.0013105456706399828,1.0272718e-12
C_19866,test,0,0.05653887555285888,0.05816688
C_19881,test,0,0.05076367917537092,0.00494141
C_19888,test,0,0.004095614071346495,1.0851864e-05
C_19897,test,0,0.004095614071346495,5.6351013e-08
C_19898,test,0,0.004095614071346495,2.788828e-07
C_19914,test,0,0.01546461434908346,1.3944055e-11
C_19919,test,0,0.040006542712988744,3.7900056e-14
C_19923,test,0,0.13106571178601062,1.021855e-08
C_19926,test,0,0.008485538215247937,1.2862189e-08
C_19941,test,0,0.021711032681000497,0.042503327
C_19955,test,0,0.005272713602179786,1.0132561e-05
C_19962,test,0,0.07832033634787117,3.836278e-09
C_19965,test,0,0.2168305545141613,6.625846e-11
C_19971,test,0,0.13077545899060555,5.453358e-08
C_19974,test,0,0.16174116371902117,1.1485272e-09
C_19976,test,0,0.041095417935243156,4.35496e-11
C_19980,test,0,0.004539572719351029,7.8417014e-15
C_19981,test,0,0.49970921183992,0.000117040596
C_19987,test,0,0.021867279874233658,0.20728073
C_19994,test,0,0.9157979295449196,0.98366827
C_19998,test,0,0.07225517291884113,1.1305247e-09
C_20007,test,0,0.015548801127366797,0.00094773684
C_20028,test,0,0.004095614071346495,2.8985607e-12
C_20043,test,0,0.0044835607915171445,4.767585e-07
C_20046,test,0,0.013399835995480258,0.0012678469
C_20053,test,0,0.022192262444548617,4.8833587e-10
C_20056,test,0,0.07588200347215879,1.5346793e-12
C_20064,test,0,0.22150536944125604,5.700176e-16
C_20069,test,0,0.028159335123793563,9.244468e-12
C_20073,test,0,0.007896589610823356,4.1053685e-09
C_20076,test,0,0.19710964764259223,0.0010594315
C_20078,test,0,0.24926370105294643,0.97610426
C_20082,test,0,0.1678664189496635,2.090178e-19
C_20084,test,0,0.027445622456644704,1.3264456e-08
C_20091,test,0,0.05196784975026285,0.0004875138
C_20097,test,0,0.004095614071346495,3.6348136e-15
C_20100,test,0,0.1505821697501594,0.087932415
C_20104,test,0,0.004539572719351029,1.2818107e-19
C_20105,test,0,0.02226629621539129,0.02009731
C_20108,test,0,0.12187404632413848,8.7333685e-10
C_20112,test,0,0.012035299332195621,8.832077e-08
C_20113,test,0,0.30899793286675553,0.68548167
C_20125,test,0,0.12937281950209095,5.3012372e-11
C_20126,test,0,0.022192262444548617,2.8688997e-05
C_20129,test,0,0.005030067881610482,0.1095689
C_20143,test,0,0.004526497471765104,2.0829762e-06
C_20152,test,0,0.11176778479010264,0.048475083
C_20155,test,0,0.0449249686739637,0.13576844
C_20173,test,0,0.004539572719351029,2.403734e-12
C_20179,test,0,0.01497514687138442,0.0054821703
C_20180,test,0,0.022192262444548617,0.02131466
C_20189,test,0,0.0027770186314993554,1.33179415e-20
C_20192,test,0,0.017131782062905956,0.029721169
C_20198,test,0,0.12110203647730718,5.6858385e-10
C_20200,test,0,0.035889235420881765,0.0040345583
C_20212,test,0,0.003798424579853514,3.0091062e-14
C_20232,test,0,0.031092561936999958,7.195426e-08
C_20244,test,0,0.03681923165900922,0.0003332378
C_20245,test,0,0.005843519463314208,9.634947e-06
C_20246,test,0,0.022521192519628017,0.08990628
C_20263,test,0,0.08827098418141636,0.9278437
C_20277,test,0,0.06373650423527961,3.3507713e-05
C_20280,test,0,0.006633841876652032,0.00022786355
C_20281,test,0,0.005843519463314208,9.506727e-06
C_20283,test,0,0.017180274606366355,0.0003416582
C_20302,test,0,0.15495027636804296,1.2014786e-09
C_20303,test,0,0.01839377702880139,1.0208312e-10
C_20311,test,0,0.1131171297140905,1.221632e-15
C_20314,test,0,0.10489666119181126,0.12514517
C_20322,test,0,0.004095614071346495,1.6132342e-15
C_20323,test,0,0.3097753997552815,1.6425176e-06
C_20333,test,0,0.004860492721545511,0.06841837
C_20343,test,0,0.003798424579853514,2.0842945e-11
C_20346,test,0,0.00895778222082515,1.202918e-05
C_20348,test,0,0.004539572719351029,4.5208546e-07
C_20355,test,0,0.33571712699083855,3.5675217e-12
C_20361,test,0,0.004539572719351029,1.2927613e-05
C_20366,test,0,0.30625816882404017,0.30641207
C_20367,test,0,0.004539572719351029,1.6368506e-13
C_20387,test,0,0.13082612621712783,0.25861
C_20389,test,0,0.08365373407567343,1.4521768e-12
C_20390,test,0,0.004539572719351029,5.3551646e-17
C_20397,test,0,0.015677268658500106,2.0755162e-05
C_20399,test,0,0.03886318188036137,1.1276754e-09
C_20400,test,0,0.049412191917507356,7.135629e-13
C_20403,test,0,0.028119568756177892,3.9136507e-09
C_20410,test,0,0.051601486740175576,0.006102888
C_20411,test,0,0.061981680717486616,9.0626386e-08
C_20412,test,0,0.004539572719351029,2.0559352e-13
C_20414,test,0,0.005843519463314208,9.558984e-06
C_20427,test,0,0.028796375594265476,1.620175e-08
C_20438,test,0,0.004095614071346495,8.019574e-17
C_20443,test,0,0.040264593043405725,7.843344e-12
C_20444,test,0,0.004539572719351029,4.3472074e-08
C_20463,test,0,0.060520120985634876,0.2937663
C_20482,test,0,0.2932961359499202,0.18123229
C_20489,test,0,0.025397531127251655,0.14792319
C_20499,test,0,0.004539572719351029,2.9619172e-05
C_20500,test,0,0.21886668639950624,0.1784976
C_20505,test,0,0.005843519463314208,9.789251e-06
C_20506,test,0,0.535868905019945,0.61699724
C_20511,test,0,0.04893921044186091,0.0004851073
C_20514,test,0,0.11167121994031383,5.149199e-06
C_20515,test,0,0.003798424579853514,4.4282222e-09
C_20516,test,0,0.004539572719351029,1.0180051e-08
C_20518,test,0,0.015212694449744388,3.4370698e-06
C_20535,test,0,0.024782392366667644,0.6052538
C_20536,test,0,0.004095614071346495,7.967328e-07
C_20539,test,0,0.028573865860660436,7.216621e-23
C_20541,test,0,0.004539572719351029,8.613863e-09
C_20549,test,0,0.11157005775298379,4.914708e-06
C_20553,test,0,0.004526497471765104,0.00012585393
C_20564,test,0,0.004539572719351029,3.1589327e-15
C_20572,test,0,0.004539572719351029,2.5138169e-08
C_20575,test,0,0.1378776502061636,1.2454291e-12
C_20592,test,0,0.08905700204063614,0.91540414
C_20593,test,0,0.14777994764310784,0.04245957
C_20597,test,0,0.06470602699088286,4.9244347e-19
C_20601,test,0,0.11918580902178535,0.045976803
C_20629,test,0,0.005272713602179786,1.0027856e-05
C_20630,test,0,0.04542755142591742,1.4561895e-13
C_20631,test,0,0.12423786068475022,0.00053974247
C_20635,test,0,0.04677161229943659,2.8030294e-07
C_20637,test,0,0.10830758493909659,9.858254e-05
C_20645,test,0,0.03940571264249751,6.7656674e-07
C_20655,test,0,0.012112348397324208,1.9811505e-07
C_20657,test,0,0.02944020560890263,0.00078707543
C_20664,test,0,0.027542049704063643,0.00018799146
C_20670,test,0,0.004095614071346495,2.1414298e-13
C_20673,test,0,0.0884948288222721,0.42620665
C_20683,test,0,0.019810304577701634,6.4481642e-09
C_20684,test,0,0.005843519463314208,9.519918e-06
C_20687,test,0,0.015060623355378382,6.24044e-05
C_20698,test,0,0.18070579269413106,0.15671664
C_20716,test,0,0.04677161229943659,8.809108e-09
C_20718,test,0,0.004095614071346495,7.269957e-05
C_20719,test,0,0.004539572719351029,6.957816e-06
C_20722,test,0,0.05188406038311903,0.08891473
C_20723,test,0,0.00826443364898226,0.13532546
C_20724,test,0,0.12552068936570446,2.788166e-13
C_20731,test,0,0.04685714530689428,0.009070102
C_20738,test,0,0.004539572719351029,8.771807e-08
C_20745,test,0,0.08910615910891197,3.5889165e-09
C_20746,test,0,0.0030755742787161454,1.097477e-11
C_20747,test,0,0.004539572719351029,9.3632325e-06
C_20750,test,0,0.004539572719351029,3.2378786e-09
C_20751,test,0,0.0037750696165450848,4.2363387e-14
C_20756,test,0,0.16228775368636347,4.7333983e-06
C_20760,test,0,0.01839387296342342,2.714587e-08
C_20765,test,0,0.009525611424088386,7.762722e-07
C_20766,test,0,0.005843519463314208,9.475474e-06
C_20772,test,0,0.0025594092234820067,0.0056347544
C_20777,test,0,0.19923219787694965,0.016054234
C_20779,test,0,0.004095614071346495,0.0006214837
C_20782,test,0,0.009371555907295957,0.06869205
C_20799,test,0,0.026829847472965386,6.0523416e-07
C_20810,test,0,0.00023983259151095222,8.125066e-06
C_20815,test,0,0.005272713602179786,0.07368907
C_20816,test,0,0.11948638038254156,0.0086429445
C_20825,test,0,0.044219206112473264,5.8054734e-06
C_20831,test,0,0.004095614071346495,3.5230755e-23
C_20840,test,0,0.002585824738651139,1.6206014e-08
C_20846,test,0,0.01753353052470096,1.540426e-10
C_20848,test,0,0.04969618722916124,0.5086528
C_20851,test,0,0.024003901782363092,0.36025357
C_20855,test,0,0.005843519463314208,9.744764e-06
C_20859,test,0,0.004095614071346495,5.6471403e-12
C_20861,test,0,0.059627285779292744,0.13567306
C_20864,test,0,0.005843519463314208,9.7890825e-06
C_20873,test,0,0.04629391766825221,0.20043491
C_20877,test,0,0.01871083976748632,0.0031250848
C_20882,test,0,0.004994803577597448,4.358967e-18
C_20899,test,0,0.03940571264249751,3.474646e-12
C_20900,test,0,0.03517923189354553,8.4333107e-10
C_20911,test,0,0.04168529662656235,3.4639837e-13
C_20912,test,0,0.019810304577701634,0.00011341527
C_20914,test,0,0.004539572719351029,6.740396e-16
C_20917,test,0,0.004708120411904852,4.3148637e-05
C_20918,test,0,0.03033034865538014,7.481545e-07
C_20926,test,0,0.0030755742787161454,7.0486253e-06
C_20970,test,0,0.006687416522928712,0.06071029
C_20973,test,0,0.004095614071346495,1.2672262e-10
C_20978,test,0,0.10198322769827685,1.1800948e-10
C_20982,test,0,0.0011168975936485996,1.4313678e-06
C_20993,test,0,0.04556397889914291,0.0001553059
C_20999,test,0,0.005674636007227919,0.04291678
C_21019,test,0,0.015174587047369171,0.0006178074
C_21020,test,0,0.1492149675545294,1.2806616e-06
C_21047,test,0,0.13589695168027974,0.20640254
C_21051,test,0,0.01799114467132134,1.0177885e-06
C_21059,test,0,0.15662481656411162,1.1462558e-06
C_21071,test,0,0.004539572719351029,5.8793034e-07
C_21073,test,0,0.003798424579853514,1.5914275e-20
C_21096,test,0,0.16223665592293177,0.1275461
C_21110,test,0,0.013360383266664739,5.131308e-07
C_21112,test,0,0.004539572719351029,4.0226416e-12
C_21113,test,0,0.0573073468602056,1.16480605e-05
C_21118,test,0,0.03078416017820125,3.61851e-11
C_21129,test,0,0.04717178527743994,0.0030543052
C_21132,test,0,0.025667481012811397,5.0418294e-08
C_21136,test,0,0.004095614071346495,5.090438e-10
C_21147,test,0,0.1158892466217934,1.3651531e-10
C_21151,test,0,0.018868366566930417,2.4292736e-15
C_21159,test,0,0.004539572719351029,3.9885595e-06
C_21160,test,0,0.03548934658024255,0.055473126
C_21164,test,0,0.18698572059118287,3.2155967e-06
C_21169,test,0,0.026452643043782177,5.175376e-10
C_21173,test,0,0.1330765730355224,1.6613832e-11
C_21177,test,0,0.004095614071346495,3.22057e-17
C_21187,test,0,0.005272713602179786,1.019363e-05
C_21192,test,0,0.004095614071346495,3.3998764e-16
C_21195,test,0,0.004095614071346495,1.0035645e-17
C_21213,test,0,0.06532237703806269,2.0474897e-21
C_21225,test,0,0.054608336959684776,0.0007906808
C_21246,test,0,0.03940571264249751,1.5146342e-05
C_21248,test,0,0.005411417097701499,6.883918e-11
C_21258,test,0,0.030568997888865423,0.38715187
C_21264,test,0,0.2326865395105684,5.1249055e-10
C_21283,test,0,0.0526041584526015,1.15738e-10
C_21284,test,0,0.004095614071346495,5.095058e-05
C_21290,test,0,0.0349316048184042,8.582034e-07
C_21299,test,0,0.004539572719351029,1.3024991e-10
C_21303,test,0,0.006271352910789982,0.19897048
C_21305,test,0,0.004095614071346495,8.7364796e-11
C_21306,test,0,0.05664312452771115,4.840733e-07
C_21310,test,0,0.08351469955978548,2.6223426e-10
C_21316,test,0,0.14385582681045844,1.5118663e-16
C_21320,test,0,0.0037750696165450848,3.5286712e-07
C_21328,test,0,0.005843519463314208,9.601961e-06
C_21348,test,0,0.1587120365687279,0.80163294
C_21350,test,0,0.01871083976748632,5.0947074e-07
C_21356,test,0,0.019711784395788013,1.1920392e-10
C_21359,test,0,0.22183592598583426,0.15940303
C_21384,test,0,0.18918633215253924,0.7807851
C_21394,test,0,0.0014950655462130035,4.6844366e-17
C_21396,test,0,0.038453734744251816,4.9372506e-09
C_21397,test,0,0.022192262444548617,3.6112637e-11
C_21398,test,0,0.1640912864094259,0.014932966
C_21420,test,0,0.004539572719351029,1.2020327e-05
C_21458,test,0,0.04453688128035955,0.024899393
C_21465,test,0,0.004095614071346495,3.5573874e-10
C_21473,test,0,0.0031747674155223624,1.2361845e-07
C_21478,test,0,0.003798424579853514,6.9444454e-08
C_21500,test,0,0.0906198458563224,1.1475773e-08
C_21518,test,0,0.20465216421646407,0.85852355
C_21519,test,0,0.28715169461487544,0.9396243
C_21529,test,0,0.044584381950525526,0.00089723256
C_21536,test,0,0.1694871468938934,2.067736e-14
C_21538,test,0,0.002926081547494348,6.6831584e-05
C_21559,test,0,0.013214399149251902,0.042660788
C_21560,test,0,0.1640912864094259,3.9233547e-07
C_21582,test,0,0.02483699324983619,0.00073581014
C_21598,test,0,0.24210795264493984,2.2732604e-06
C_21602,test,0,0.0025097541513812707,3.7468606e-09
C_21613,test,0,0.005843519463314208,9.546111e-06
C_21614,test,0,0.004539572719351029,6.6503036e-12
C_21625,test,0,0.004539572719351029,2.446083e-10
C_21627,test,0,0.004560591045704436,1.3178589e-08
C_21631,test,0,0.004095614071346495,1.0342097e-12
C_21637,test,0,0.17009992042305558,4.6062982e-07
C_21642,test,0,0.028852042574160273,0.0022458034
C_21644,test,0,0.005843519463314208,9.570824e-06
C_21652,test,0,0.1837913121023917,1.1225962e-05
C_21655,test,0,0.004095614071346495,2.6756329e-08
C_21659,test,0,0.14004470277750128,0.06699009
C_21660,test,0,0.020151178536267002,1.2532843e-18
C_21661,test,0,0.025686589569952914,5.2854266e-11
C_21666,test,0,0.2116055959234266,1.0296483e-05
C_21674,test,0,0.057705983979696826,0.0003197305
C_21676,test,0,0.004539572719351029,1.7642712e-11
C_21685,test,0,0.015202268492628554,0.04811087
C_21686,test,0,0.21794445908474058,4.8621936e-11
C_21687,test,0,0.04703822132058529,4.3347113e-09
C_21697,test,0,0.05186830436780126,0.9209389
C_21698,test,0,0.18127987728166275,0.030554902
C_21702,test,0,0.006494445433264963,0.022354038
C_21708,test,0,0.37245956656912277,0.0070437505
C_21724,test,0,0.10256272978950298,0.00016830479
C_21733,test,0,0.021580327343375633,0.0016008493
C_21737,test,0,0.0030931978057106716,5.7377615e-06
C_21739,test,0,0.01497514687138442,3.6206948e-06
C_21744,test,0,0.036757317184690406,1.4542833e-12
C_21757,test,0,0.0002114734770210107,2.5475783e-10
C_21761,test,0,0.03508164564678022,0.15967192
C_21770,test,0,0.026814843241207996,0.055128925
C_21777,test,0,0.005110819346102471,6.488166e-06
C_21778,test,0,0.08915258567654365,0.0043206653
C_21779,test,0,0.005843519463314208,0.045695495
C_21787,test,0,0.385617108420402,0.094472155
C_21788,test,0,0.0031747674155223624,2.6022993e-09
C_21793,test,0,0.004708120411904852,1.3208323e-17
C_21816,test,0,0.014866665206260088,6.9862e-07
C_21822,test,0,0.01968805633569207,2.841977e-12
C_21827,test,0,0.015548801127366797,3.4924073e-15
C_21844,test,0,0.01871083976748632,9.541428e-07
C_21845,test,0,0.05347339517171478,0.030097943
C_21865,test,0,0.0025161542239603507,7.2660034e-10
C_21868,test,0,0.04594855438638427,6.8879064e-07
C_21870,test,0,0.002660313280260974,7.459227e-06
C_21871,test,0,0.006437040490763145,0.00010522347
C_21879,test,0,0.05282530312301767,0.00061881397
C_21880,test,0,0.004539572719351029,1.166232e-15
C_21886,test,0,0.011674760847355805,1.0376938e-07
C_21887,test,0,0.005843519463314208,9.441945e-06
C_21898,test,0,0.036191967715389205,0.000573767
C_21902,test,0,0.004095614071346495,1.1518892e-05
C_21906,test,0,0.015786392173173066,0.04305104
C_21908,test,0,0.0031747674155223624,9.1356915e-06
C_21910,test,0,0.04911971660330185,0.3059355
C_21912,test,0,0.003798424579853514,3.0472742e-09
C_21915,test,0,0.004095614071346495,0.004160357
C_21916,test,0,0.0133871201324914,6.49732e-18
C_21926,test,0,0.08837893316779832,0.4361969
C_21928,test,0,0.02737686868629136,4.814441e-17
C_21947,test,0,0.004539572719351029,4.9864743e-06
C_21965,test,0,0.11107481887949253,7.58609e-10
C_21969,test,0,0.004539572719351029,4.7738636e-06
C_21978,test,0,0.10224443433197208,6.002636e-14
C_21979,test,0,0.004539572719351029,6.8293133e-07
C_21980,test,0,0.004539572719351029,1.5889432e-09
C_21989,test,0,0.003798424579853514,4.5042616e-15
C_22000,test,0,0.0825241203216709,0.08854689
C_22004,test,0,0.004539572719351029,3.108475e-07
C_22005,test,0,0.0033228017437224627,3.2688054e-09
C_22010,test,0,0.05593245573707958,0.16420081
C_22021,test,0,0.1654747939213831,0.0027334678
C_22022,test,0,0.0096252307175674,0.0056443326
C_22029,test,0,0.004539572719351029,1.0600392e-11
C_22038,test,0,0.005456591659880597,0.084158406
C_22041,test,0,0.005000034726964258,2.8595224e-09
C_22042,test,0,0.09193115307133391,4.4989882e-08
C_22050,test,0,0.004413320107961467,0.007276254
C_22053,test,0,0.002450050056159309,0.00012975672
C_22059,test,0,0.002590124402395792,7.2388417e-07
C_22065,test,0,0.020151178536267002,9.196044e-14
C_22073,test,0,0.2278945554215045,0.0014963956
C_22074,test,0,0.03548934658024255,0.05809816
C_22077,test,0,0.004799056636099687,0.00011680924
C_22084,test,0,0.004095614071346495,3.0165953e-17
C_22085,test,0,0.005843519463314208,9.72256e-06
C_22096,test,0,0.004539572719351029,2.3287e-15
C_22099,test,0,0.0013344211806243442,0.13314986
C_22144,test,0,0.0020753225331314696,7.020371e-05
C_22148,test,0,0.07961551796374115,0.898946
C_22149,test,0,0.0014480325893315308,1.8231749e-09
C_22152,test,0,0.00399820499092396,0.0002918936
C_22156,test,0,0.004918361126349882,0.08654254
C_22161,test,0,0.019810304577701634,6.627333e-07
C_22191,test,0,0.004095614071346495,3.6698257e-15
C_22192,test,0,0.11374855607721195,3.7061954e-10
C_22198,test,0,0.05151232093745391,5.4549965e-10
C_22200,test,0,0.10658100943035892,3.0552553e-07
C_22204,test,0,0.04531386599093393,0.00039385204
C_22206,test,0,0.004539572719351029,3.5009696e-05
C_22213,test,0,0.02503620526410763,2.043836e-05
C_22215,test,0,0.01147313913563756,0.00014199683
C_22217,test,0,0.29226078559638974,1.7595172e-05
C_22220,test,0,0.003798424579853514,3.6720448e-07
C_22224,test,0,0.004095614071346495,2.7807863e-07
C_22225,test,0,0.0044684584764136765,1.9114565e-22
C_22231,test,0,0.002369536929970359,0.06257027
C_22234,test,0,0.00950579597010176,7.678945e-16
C_22235,test,0,0.14477964237135338,2.8499174e-09
C_22240,test,0,0.004539572719351029,0.009719596
C_22244,test,0,0.018512693416941367,1.0504597e-09
C_22246,test,0,0.19765201528019635,0.6329
C_22252,test,0,0.04458293880895508,4.1288324e-09
C_22254,test,0,0.8653374667341344,2.9869667e-13
C_22255,test,0,0.10971047871735591,0.14594667
C_22262,test,0,0.043923242871460426,1.0341672e-05
C_22268,test,0,0.03234302627452107,3.9501813e-20
C_22273,test,0,0.09893009522624954,1.0645758e-07
C_22275,test,0,0.28816975658423416,3.6721757e-09
C_22278,test,0,0.0031747674155223624,1.7888368e-08
C_22299,test,0,0.013870683399933494,2.6821032e-18
C_22317,test,0,0.04876224085080384,0.024960823
C_22320,test,0,0.0033228017437224627,5.927494e-16
C_22330,test,0,0.0178707078575255,9.022639e-07
C_22337,test,0,0.06818560517754681,1.9136361e-09
C_22349,test,0,0.04733727171790583,0.09107356
C_22350,test,0,0.12566488126920267,0.0002293208
C_22356,test,0,0.0037750696165450848,0.0048430073
C_22362,test,0,0.003798424579853514,0.0051976284
C_22366,test,0,0.09885252469060546,1.0202978e-10
C_22369,test,0,0.003798424579853514,4.3141839e-07
C_22375,test,0,0.004918361126349882,5.2789035e-09
C_22384,test,0,0.003798424579853514,0.0043359506
C_22395,test,0,0.004539572719351029,1.109135e-15
C_22400,test,0,0.0044684584764136765,5.3658975e-18
C_22442,test,0,0.016355875591382938,0.0012193653
C_22448,test,0,0.004095614071346495,3.3079807e-06
C_22458,test,0,0.05560831579405411,0.0005679798
C_22460,test,0,0.016056713036807085,0.0048221876
C_22463,test,0,0.023236473238593555,0.0008929885
C_22471,test,0,0.0031747674155223624,2.9648926e-09
C_22484,test,0,0.004539572719351029,1.0019635e-05
C_22486,test,0,0.20309795651120482,0.023606285
C_22492,test,0,0.003956664606479628,3.534693e-08
C_22494,test,0,0.005000034726964258,0.018872913
C_22506,test,0,0.004118311056176772,7.705597e-06
C_22508,test,0,0.034809764790795006,0.0009860214
C_22512,test,0,0.044550508337419456,0.057959963
C_22519,test,0,0.17009992042305558,0.008476074
C_22524,test,0,0.7380233414858741,0.09058919
C_22528,test,0,0.058095737232987964,0.00010695516
C_22544,test,0,0.061577629191610875,1.3355929e-15
C_22546,test,0,0.07596370255668067,4.2583785e-08
C_22553,test,0,0.034806206960957514,0.024713395
C_22576,test,0,0.005843519463314208,9.753504e-06
C_22585,test,0,0.13512248895696113,4.7164107e-07
C_22586,test,0,0.0038237349630452964,9.753637e-17
C_22593,test,0,0.004539572719351029,5.387316e-07
C_22602,test,0,0.004095614071346495,2.2089075e-18
C_22606,test,0,0.04579250241887859,3.569769e-07
C_22612,test,0,0.1356927185384867,3.4551403e-10
C_22614,test,0,0.004031426454623072,5.303287e-16
C_22628,test,0,0.004918361126349882,0.00079908775
C_22638,test,0,0.04575851535969545,0.0009177222
C_22645,test,0,0.005843519463314208,9.563752e-06
C_22647,test,0,0.177161229233547,0.046321046
C_22653,test,0,0.005515422781623856,0.0062727975
C_22656,test,0,0.004539572719351029,1.951111e-13
C_22664,test,0,0.0166212558366078,5.2070625e-13
C_22670,test,0,0.21632472106388226,1.2130753e-12
C_22674,test,0,0.0020075057791200637,0.00035828527
C_22711,test,0,0.1363179067262826,4.1071075e-05
C_22720,test,0,0.37849508928149866,3.2098726e-11
C_22722,test,0,0.018512693416941367,7.863508e-05
C_22734,test,0,0.07040305242926957,0.100937136
C_22750,test,0,0.008085243419787882,1.2669511e-05
C_22751,test,0,0.016210918734709475,2.2870636e-11
C_22762,test,0,0.004539572719351029,2.0945926e-11
C_22764,test,0,0.009797662815085826,7.040092e-09
C_22778,test,0,0.14828894621070865,5.909766e-10
C_22782,test,0,0.0062248384746334045,4.5205442e-07
C_22793,test,0,0.024782065064562608,0.065187976
C_22800,test,0,0.003798424579853514,1.2689679e-17
C_22803,test,0,0.009532423992033886,0.1067694
C_22840,test,0,0.007143457444468414,8.6095815e-06
C_22844,test,0,0.20723928539769945,4.0876996e-05
C_22849,test,0,0.14795084285811255,2.895484e-15
C_22850,test,0,0.006604542210591411,5.556174e-09
C_22858,test,0,0.004539572719351029,3.4273456e-20
C_22863,test,0,0.004357879835925994,0.0022978727
C_22864,test,0,0.041300001723688494,0.07856799
C_22867,test,0,0.04556397889914291,1.0176088e-16
C_22872,test,0,0.019920885139892743,0.06414888
C_22876,test,0,0.004539572719351029,7.130006e-14
C_22880,test,0,0.05352719798252675,1.2432191e-09
C_22882,test,0,0.1616983682242427,2.9472104e-17
C_22906,test,0,0.005843519463314208,9.447114e-06
C_22912,test,0,0.03171582467514166,4.0801287e-06
C_22918,test,0,0.004095614071346495,1.3492224e-06
C_22925,test,0,0.004539572719351029,1.3705948e-11
C_22938,test,0,0.0062842312798236325,5.04971e-16
C_22941,test,0,0.09236005102431613,0.9094669
C_22945,test,0,0.004539572719351029,1.1215641e-13
C_22949,test,0,0.18671562149345272,6.399455e-05
C_22951,test,0,0.04575851535969545,3.885463e-12
C_22954,test,0,0.051305238118527004,0.23860812
C_22962,test,0,0.043925069453701206,7.4327415e-13
C_22963,test,0,0.004539572719351029,1.2449892e-09
C_22983,test,0,0.006168956691102949,0.07644823
C_23005,test,0,0.03226996883183003,0.011616569
C_23017,test,0,0.4267920908905226,9.378978e-10
C_23040,test,0,0.03489825558313083,0.06989164
C_23044,test,0,0.004095614071346495,4.23946e-05
C_23048,test,0,0.16230314784569613,0.7480778
C_23065,test,0,0.004227548184355915,7.5450525e-06
C_23070,test,0,0.00444787870878195,0.024020677
C_23076,test,0,0.004095614071346495,2.452988e-18
C_23082,test,0,0.014155671718827296,0.00014718735
C_23089,test,0,0.052206605769748934,3.350244e-09
C_23090,test,0,0.11596117771490934,0.6012333
C_23096,test,0,0.1012918101291747,4.475051e-07
C_23106,test,0,0.0027770186314993554,1.3717218e-15
C_23110,test,0,0.2064234586770009,6.47769e-12
C_23115,test,0,0.004539572719351029,6.295399e-11
C_23116,test,0,0.003798424579853514,5.998759e-13
C_23117,test,0,0.006315619841491228,8.982743e-06
C_23174,test,0,0.005000034726964258,2.7299436e-06
C_23184,test,0,0.021089286869259507,9.620389e-09
C_23189,test,0,0.006963773970671066,3.3685594e-15
C_23192,test,0,0.004539572719351029,1.4640268e-16
C_23193,test,0,0.05182652852946194,0.016424958
C_23205,test,0,0.005272713602179786,1.0071099e-05
C_23211,test,0,0.004918361126349882,3.4424438e-18
C_23215,test,0,0.004095614071346495,0.0055962526
C_23219,test,0,0.004539572719351029,5.092282e-14
C_23229,test,0,0.04936953357360523,0.30504882
C_23231,test,0,0.029142917809373784,0.00010533169
C_23236,test,0,0.02970043548058884,3.037001e-11
C_23268,test,0,0.09233823571618972,3.939575e-05
C_23269,test,0,0.004561929463950255,1.1900915e-05
C_23293,test,0,0.022192262444548617,1.436748e-06
C_23295,test,0,0.0037750696165450848,9.0146727e-13
C_23300,test,0,0.04949124071995673,0.106849305
C_23305,test,0,0.2052326856556458,6.921698e-09
C_23322,test,0,0.15072059393661652,0.62666124
C_23324,test,0,0.0039468737728804645,2.5236648e-16
C_23330,test,0,0.015677268658500106,6.0513e-09
C_23334,test,0,0.004539572719351029,8.4480014e-08
C_23335,test,0,0.06282938526279323,0.047739904
C_23343,test,0,0.040683395292149545,0.42141452
C_23350,test,0,0.004095614071346495,1.4267888e-16
C_23362,test,0,0.033576216026266474,7.099667e-09
C_23363,test,0,0.060282331369587966,0.274165
C_23373,test,0,0.03824537591037102,0.023351314
C_23380,test,0,0.004539572719351029,4.456893e-18
C_23400,test,0,0.031575298838697446,3.8151921e-07
C_23424,test,0,0.003798424579853514,1.0590323e-06
C_23427,test,0,0.020151178536267002,3.175166e-10
C_23435,test,0,0.13585151024750147,5.3429634e-09
C_23442,test,0,0.24381981428854121,0.25785473
C_23443,test,0,0.004539572719351029,9.357969e-09
C_23454,test,0,0.004095614071346495,0.00011023232
C_23457,test,0,0.29868309429799683,0.0034362078
C_23461,test,0,0.02549042077145506,0.08404282
C_23476,test,0,0.026634108945934605,2.4149964e-09
C_23500,test,0,0.022192262444548617,1.8566261e-05
C_23504,test,0,0.0021145539449837015,6.0581643e-15
C_23517,test,0,0.05668589931347432,0.074872926
C_23525,test,0,0.005843519463314208,9.564427e-06
C_23529,test,0,0.004539572719351029,1.907359e-07
C_23540,test,0,0.04876224085080384,9.052674e-15
C_23546,test,0,0.1438539791048597,4.0773536e-09
C_23563,test,0,0.003798424579853514,5.9208627e-08
C_23565,test,0,0.23531573804376213,2.8375599e-14
C_23567,test,0,0.0017905813179626973,4.316123e-05
C_23585,test,0,0.005456591659880597,0.09215036
C_23593,test,0,0.05160850638303458,0.6119862
C_23600,test,0,0.01839014987360598,0.030926405
C_23602,test,0,0.1945769827154621,0.0002317452
C_23618,test,0,0.13467533932029427,0.23919412
C_23620,test,0,0.004918361126349882,0.0028866148
C_23621,test,0,0.05030507420543689,0.003476195
C_23623,test,0,0.004095614071346495,3.053718e-11
C_23626,test,0,0.024164969873937212,0.06392264
C_23636,test,0,0.03507307807232185,1.0705343e-10
C_23638,test,0,0.07164359042122809,0.112667255
C_23640,test,0,0.07841010258774113,1.9649272e-11
C_23646,test,0,0.16500309632746885,0.10062572
C_23666,test,0,0.007028752856392391,6.4706207e-10
C_23667,test,0,0.005456591659880597,1.1062023e-05
C_23676,test,0,0.029231890200517554,0.11216884
C_23682,test,0,0.13572455967823355,6.598746e-10
C_23687,test,0,0.05548283215189149,8.977076e-10
C_23689,test,0,0.005843519463314208,9.430029e-06
C_23692,test,0,0.04556397889914291,0.0022957986
C_23694,test,0,0.005870086542647083,4.5497313e-06
C_23697,test,0,0.07187774515569202,0.027463004
C_23700,test,0,0.007053960730855515,1.4775002e-06
C_23727,test,0,0.004561929463950255,1.1636891e-05
C_23729,test,0,0.7705730732736754,6.200881e-07
C_23735,test,0,0.025140684073877952,0.052081876
C_23755,test,0,0.003798424579853514,9.897898e-07
C_23759,test,0,0.004539572719351029,1.6275441e-22
C_23763,test,0,0.004539572719351029,1.3726773e-11
C_23766,test,0,0.23729684301385043,0.12909581
C_23776,test,0,0.0876651164647145,0.17502092
C_23781,test,0,0.004539572719351029,5.075456e-15
C_23783,test,0,0.014794675882807987,8.322466e-09
C_23795,test,0,0.09485800013061768,2.7553332e-07
C_23804,test,0,0.06198225202215113,0.8774823
C_23811,test,0,0.003798424579853514,1.7119128e-18
C_23812,test,0,0.004539572719351029,7.3136293e-09
C_23821,test,0,0.27153494338274303,0.001011749
C_23822,test,0,0.03760081013822306,4.7919396e-10
C_23859,test,0,0.004539572719351029,2.938278e-07
C_23860,test,0,0.22985270407743527,0.94262654
C_23865,test,0,0.006168956691102949,0.077370614
C_23867,test,0,0.005843519463314208,9.869076e-06
C_23877,test,0,0.04735857784624404,3.0360266e-06
C_23881,test,0,0.060761421721717467,9.89675e-10
C_23885,test,0,0.007368812507907712,0.2501256
C_23908,test,0,0.1511746338713242,1.238133e-10
C_23911,test,0,0.0044684584764136765,9.168198e-14
C_23913,test,0,0.005843519463314208,9.681212e-06
C_23916,test,0,0.07344182174214788,4.97554e-07
C_23922,test,0,0.0002354551407579388,3.081726e-08
C_23937,test,0,0.09981489288699885,0.00021858109
C_23946,test,0,0.06668036747995916,0.18988897
C_23956,test,0,0.19213715241782853,4.7460638e-08
C_23958,test,0,0.27927804836984405,2.1282087e-09
C_23965,test,0,0.004539572719351029,3.7204682e-13
C_23969,test,0,0.054608336959684776,0.026520453
C_23976,test,0,0.004539572719351029,9.7780686e-11
C_23977,test,0,0.018512693416941367,4.08921e-07
C_23978,test,0,0.08872076132446938,3.7813988e-10
C_23989,test,0,0.127990985987307,0.04029453
C_23997,test,0,0.003798424579853514,8.560042e-17
C_23998,test,0,0.004095614071346495,2.1820433e-08
C_24002,test,0,0.004539572719351029,2.9544693e-05
C_24006,test,0,0.11355357211677944,0.002094273
C_24012,test,0,0.3386410288523707,0.015992263
C_24022,test,0,0.004539572719351029,3.2315016e-15
C_24026,test,0,0.05112610567278851,3.9451913e-07
C_24029,test,0,0.004095614071346495,2.423164e-16
C_24031,test,0,0.055840652407672955,0.05977826
C_24037,test,0,0.020151178536267002,4.8773876e-07
C_24038,test,0,0.024025214416821553,0.059110627
C_24044,test,0,0.004539572719351029,4.4596675e-17
C_24056,test,0,0.004095614071346495,2.9120711e-08
C_24061,test,0,0.03948244252660278,0.0029455195
C_24069,test,0,0.005727023498047088,3.0618803e-09
C_24079,test,0,0.004539572719351029,8.0773885e-09
C_24080,test,0,0.025667481012811397,6.8751986e-05
C_24083,test,0,0.006610603816188442,6.252559e-11
C_24085,test,0,0.09402901899166194,0.32426092
C_24096,test,0,0.005843519463314208,9.798628e-06
C_24107,test,0,0.07776894330820991,5.253253e-08
C_24113,test,0,0.004539572719351029,7.479573e-09
C_24118,test,0,0.015548801127366797,0.0037412045
C_24122,test,0,0.013360383266664739,4.282103e-06
C_24125,test,0,0.012038707834866304,1.2254811e-10
C_24135,test,0,0.00331209845247633,0.008800704
C_24145,test,0,0.033478228498980835,1.7728961e-08
C_24146,test,0,0.001979076949807861,1.1588572e-11
C_24147,test,0,0.009873492829587887,2.3688826e-09
C_24152,test,0,0.0031747674155223624,1.3653295e-07
C_24168,test,0,0.004031426454623072,5.567833e-09
C_24174,test,0,0.0017988156835324887,1.0585845e-05
C_24175,test,0,0.002045871727365506,0.059361402
C_24177,test,0,0.00188100009508124,1.6478018e-05
C_24181,test,0,0.12418047330100149,0.09834388
C_24185,test,0,0.022161482016645168,0.055787023
C_24192,test,0,0.00226945215307655,1.1696963e-07
C_24200,test,0,0.09660755449939655,0.16380894
C_24201,test,0,0.013899525415865357,0.0002783487
C_24203,test,0,0.031257702990238494,0.062372517
C_24207,test,0,0.017148809067318315,0.0032399832
C_24210,test,0,0.004539572719351029,6.6131036e-23
C_24211,test,0,0.003956664606479628,1.886412e-10
C_24216,test,0,0.0035010579809114485,7.065691e-05
C_24218,test,0,0.10141123579345646,7.769432e-07
C_24226,test,0,0.040438440954464215,1.460554e-07
C_24232,test,0,0.06594405081504098,0.0854537
C_24237,test,0,0.03425990769434558,0.028244594
C_24255,test,0,0.2393483693705862,1.5525861e-08
C_24266,test,0,0.10992913831927449,0.4522116
C_24273,test,0,0.003798424579853514,3.4071292e-07
C_24281,test,0,0.003798424579853514,1.5700422e-06
C_24288,test,0,0.05548283215189149,1.0675555e-17
C_24292,test,0,0.03525108727286466,0.023031361
C_24299,test,0,0.25235904655418073,0.29436833
C_24300,test,0,0.007913958535141352,0.032256432
C_24307,test,0,0.0030755742787161454,2.0193306e-06
C_24315,test,0,0.005272713602179786,1.0070311e-05
C_24331,test,0,0.003798424579853514,0.043357547
C_24341,test,0,0.33589172049192967,8.615139e-18
C_24345,test,0,0.03868368437072799,0.034021594
C_24348,test,0,0.004095614071346495,5.516699e-21
C_24361,test,0,0.005272713602179786,1.0373815e-05
C_24368,test,0,0.2982936821307318,3.264981e-08
C_24376,test,0,0.006963773970671066,6.127973e-07
C_24382,test,0,0.1988488395329082,9.332266e-09
C_24394,test,0,0.17338749674505094,9.03748e-05
C_24397,test,0,0.2389814548662819,0.7194384
C_24400,test,0,0.0038596794925984433,0.00064714043
C_24406,test,0,0.003994837670731811,3.4485835e-17
C_24410,test,0,0.008135441768312903,0.001236422
C_24413,test,0,0.11778784171428433,0.44216684
C_24415,test,0,0.004539572719351029,4.758897e-09
C_24416,test,0,0.004095614071346495,3.129399e-05
C_24418,test,0,0.058095737232987964,3.5464105e-05
C_24420,test,0,0.16865872716769456,0.6507296
C_24428,test,0,0.04318100531271146,0.12074553
C_24440,test,0,0.16755136522403624,0.055084832
C_24443,test,0,0.004539572719351029,6.757882e-11
C_24451,test,0,0.03171960292811017,3.4195593e-05
C_24453,test,0,0.21665582545025394,0.018020283
C_24454,test,0,0.0005095368375995421,0.07298487
C_24455,test,0,0.008602210050690265,7.782122e-06
C_24456,test,0,0.004095614071346495,2.2641194e-05
C_24466,test,0,0.004539572719351029,4.567856e-13
C_24467,test,0,0.004539572719351029,4.2873762e-07
C_24469,test,0,0.004095614071346495,1.9471269e-08
C_24485,test,0,0.1315567274632163,0.6286273
C_24495,test,0,0.11836973657665363,0.476077
C_24511,test,0,0.19358829236732664,0.00082516705
C_24514,test,0,0.00023609489217691146,2.1842787e-20
C_24523,test,0,0.041338960702779856,0.10135155
C_24533,test,0,0.005843519463314208,9.624294e-06
C_24538,test,0,0.06095405747021262,0.12779692
C_24542,test,0,0.031209224878874932,0.0027148798
C_24546,test,0,0.004184427701149658,0.12266576
C_24553,test,0,0.09885252469060546,1.3077002e-05
C_24559,test,0,0.004539572719351029,8.492478e-08
C_24560,test,0,0.022937350836686358,0.00021449142
C_24576,test,0,0.004539572719351029,5.474594e-06
C_24578,test,0,0.0020005936553477263,0.00037473912
C_24579,test,0,0.004539572719351029,1.5617681e-10
C_24583,test,0,0.20197870939814874,0.067035764
C_24586,test,0,0.06106559853488676,0.1249464
C_24593,test,0,0.004539572719351029,1.4801452e-05
C_24594,test,0,0.005272713602179786,0.058902755
C_24634,test,0,0.23576161665169604,0.008677798
C_24642,test,0,0.004539572719351029,3.9821382e-11
C_24681,test,0,0.005843519463314208,9.6012645e-06
C_24687,test,0,0.004095614071346495,2.0278989e-16
C_24692,test,0,0.004539572719351029,1.1884218e-08
C_24693,test,0,0.04681240565519067,2.4881117e-06
C_24696,test,0,0.15675650479590425,0.025326062
C_24697,test,0,0.04341446694670052,7.556247e-12
C_24703,test,0,0.004539572719351029,1.4934972e-20
C_24705,test,0,0.020853228135615277,0.06995043
C_24708,test,0,0.11716036184080213,0.004537891
C_24711,test,0,0.221301696589719,0.6084328
C_24715,test,0,0.09693641498875244,0.00033160122
C_24721,test,0,0.1780306773323357,1.9304756e-05
C_24735,test,0,0.004539572719351029,4.370809e-09
C_24739,test,0,0.02507068037489707,2.8036015e-07
C_24757,test,0,0.0018986922732171585,0.024893092
C_24761,test,0,0.004539572719351029,1.0203378e-08
C_24768,test,0,0.04746440383696663,4.313627e-14
C_24771,test,0,0.04746440383696663,0.0077267336
C_24773,test,0,0.12428378879956307,0.1378414
C_24774,test,0,0.011922121892585177,1.4436579e-05
C_24776,test,0,0.018334671389364753,3.6910756e-11
C_24801,test,0,0.040582018233507065,5.4185515e-12
C_24806,test,0,0.004539572719351029,9.629012e-10
C_24807,test,0,0.06276216470096042,0.076385684
C_24814,test,0,0.006155477698712172,0.042179253
C_24815,test,0,0.04662553987907506,0.04833368
C_24821,test,0,0.06055269371176292,0.10334575
C_24833,test,0,0.004733245412989824,1.152688e-05
C_24840,test,0,0.004095614071346495,3.4037783e-11
C_24841,test,0,0.022192262444548617,0.0032327399
C_24846,test,0,0.010355365511379524,0.036458436
C_24850,test,0,0.05991364625941969,1.5488055e-09
C_24860,test,0,0.12823438510869384,0.32709408
C_24868,test,0,0.04210433475901811,1.4781408e-05
C_24869,test,0,0.047324133957443386,0.110700354
C_24893,test,0,0.004539572719351029,2.2698707e-08
C_24897,test,0,0.004708120411904852,0.00039774188
C_24915,test,0,0.01871738996001505,0.013800704
C_24921,test,0,0.02444320274832338,4.112994e-13
C_24923,test,0,0.004095614071346495,2.0281205e-07
C_24926,test,0,0.005272713602179786,1.0471282e-05
C_24928,test,0,0.004918361126349882,4.166624e-09
C_24929,test,0,0.004539572719351029,1.3372773e-12
C_24930,test,0,0.038207231858336944,1.4676828e-10
C_24932,test,0,0.1940579903903171,1.6392816e-07
C_24940,test,0,0.030792560931062935,0.0005574929
C_24941,test,0,0.04556397889914291,2.8825977e-17
C_24944,test,0,0.4878445800847339,0.0006226043
C_24947,test,0,0.11685101829120217,1.3075937e-11
C_24949,test,0,0.00776403466005643,8.068759e-06
C_24967,test,0,0.004539572719351029,1.5837109e-14
C_24969,test,0,0.005843519463314208,9.526966e-06
C_24979,test,0,0.01686751929406392,4.262204e-09
C_24993,test,0,0.007620111756825967,0.111970745
C_25009,test,0,0.0026902193070828576,9.557289e-06
C_25015,test,0,0.004539572719351029,1.6102426e-08
C_25024,test,0,0.20664662346324816,0.51396906
C_25031,test,0,0.06190827258479813,0.14360587
C_25035,test,0,0.0467257686251084,0.00022238476
C_25062,test,0,0.0969420891644227,6.3075234e-08
C_25064,test,0,0.0033228017437224627,9.139874e-11
C_25071,test,0,0.05685014538911433,0.15449226
C_25078,test,0,0.2951885933278382,0.38564828
C_25081,test,0,0.041506546029602215,0.08167317
C_25096,test,0,0.005407637554201218,2.4080682e-10
C_25101,test,0,0.018512693416941367,5.474501e-09
C_25102,test,0,0.004539572719351029,3.120575e-05
C_25106,test,0,0.010450707370137789,0.0007255148
C_25120,test,0,0.004539572719351029,2.4252513e-06
C_25125,test,0,0.003798424579853514,3.9991023e-12
C_25130,test,0,0.07045224982605913,0.11520595
C_25139,test,0,0.005456591659880597,1.1024026e-05
C_25147,test,0,0.045006694168419736,0.00090221973
C_25150,test,0,0.004918361126349882,2.3956724e-13
C_25173,test,0,0.001211845882093805,3.2882353e-27
C_25189,test,0,0.0038355661546229276,2.8104118e-11
C_25204,test,0,0.22025767077317815,0.20583431
C_25216,test,0,0.012997036115333047,0.00075617456
C_25217,test,0,0.005843519463314208,9.744634e-06
C_25236,test,0,0.028945602516130774,0.0001126845
C_25241,test,0,0.36378751485303407,0.00011340566
C_25263,test,0,0.004539572719351029,0.00027363191
C_25278,test,0,0.21310443805312337,0.4038382
C_25279,test,0,0.04556397889914291,2.0793332e-09
C_25294,test,0,0.004095614071346495,1.1446812e-11
C_25297,test,0,0.009969271600648023,1.3222149e-15
C_25304,test,0,0.005843519463314208,9.781616e-06
C_25305,test,0,0.004539572719351029,5.2293803e-08
C_25314,test,0,0.019920885139892743,0.06609217
C_25321,test,0,0.004095614071346495,5.2969385e-16
C_25326,test,0,0.2030040518965195,0.12729083
C_25334,test,0,0.19841146401358956,6.1262784e-07
C_25355,test,0,0.021394638365606733,0.17169708
C_25358,test,0,0.004539572719351029,1.8754324e-08
C_25362,test,0,0.10964866878840243,2.8198537e-13
C_25363,test,0,0.08275716715813798,9.037247e-08
C_25367,test,0,0.020949566165076868,0.0009258465
C_25371,test,0,0.015948829714375813,2.4770017e-12
C_25376,test,0,0.004539572719351029,4.413456e-21
C_25379,test,0,0.06941099723216969,0.1291659
C_25384,test,0,0.00135810281912641,1.3791769e-16
C_25386,test,0,0.00776403466005643,8.204229e-06
C_25395,test,0,0.06413126127467517,0.13525292
C_25396,test,0,0.001540459427112401,0.85577273
C_25399,test,0,0.06169687678828484,0.010439627
C_25402,test,0,0.0008374901819097799,2.9631626e-09
C_25407,test,0,0.016210918734709475,0.0011339849
C_25408,test,0,0.09190610174968351,8.442375e-13
C_25411,test,0,0.04462745399817222,9.402324e-12
C_25412,test,0,0.1553426081275937,0.00042485484
C_25415,test,0,0.004357879835925994,1.5359715e-11
C_25420,test,0,0.021451414806687972,8.474297e-05
C_25422,test,0,0.019115542885106612,6.721669e-11
C_25424,test,0,0.0002720189799398033,1.5808342e-07
C_25428,test,0,0.23688547790062353,0.00011403775
C_25432,test,0,0.13539098966876092,9.236872e-12
C_25436,test,0,0.04936953357360523,0.40354425
C_25437,test,0,0.005272713602179786,1.0168669e-05
C_25438,test,0,0.016505666558871635,0.016544478
C_25444,test,0,0.004539572719351029,4.442477e-09
C_25464,test,0,0.0037750696165450848,0.011829468
C_25483,test,0,0.09659228865554,7.025955e-16
C_25487,test,0,0.15597307403272148,1.661945e-10
C_25489,test,0,0.04350357406850469,2.4037908e-18
C_25495,test,0,0.0033094308196074075,0.013849418
C_25500,test,0,0.008446584533723987,3.629018e-10
C_25502,test,0,0.011791283060165816,2.550837e-13
C_25508,test,0,0.0427336025830543,3.867463e-14
C_25510,test,0,0.05400777195639758,5.110303e-10
C_25514,test,0,0.004539572719351029,8.726999e-08
C_25516,test,0,0.0034831127730771366,7.137759e-11
C_25517,test,0,0.005456591659880597,0.085282214
C_25519,test,0,0.013360383266664739,6.49907e-21
C_25529,test,0,0.02300118492721237,0.04820379
C_25544,test,0,0.0819098695475799,6.074201e-15
C_25547,test,0,0.10506268723563364,0.0001071812
C_25552,test,0,0.06741541472428694,1.3505462e-10
C_25553,test,0,0.01497514687138442,5.4749318e-08
C_25561,test,0,0.033542036276028364,1.3679972e-05
C_25564,test,0,0.004539572719351029,2.6488913e-13
C_25568,test,0,0.002674839642904916,0.0056860633
C_25573,test,0,0.004095614071346495,4.9925086e-07
C_25591,test,0,0.005456591659880597,0.11048601
C_25593,test,0,0.03078416017820125,1.3576121e-18
C_25594,test,0,0.005843519463314208,9.815744e-06
C_25599,test,0,0.042935245806613107,9.016147e-14
C_25612,test,0,0.004827403900077386,5.4572305e-05
C_25620,test,0,0.003798424579853514,3.2429691e-06
C_25626,test,0,0.715750634185386,0.0014362116
C_25635,test,0,0.02405635759253634,7.2555304e-06
C_25644,test,0,0.00100391261919295,1.5553627e-09
C_25645,test,0,0.005843519463314208,9.436372e-06
C_25666,test,0,0.021349151629091873,0.055364806
C_25668,test,0,0.19940670024173945,0.2389119
C_25673,test,0,0.004031426454623072,8.1523277e-10
C_25675,test,0,0.03212254521875804,1.4465293e-08
C_25688,test,0,0.005000034726964258,5.7208737e-15
C_25716,test,0,0.06242629208367449,0.051565148
C_25717,test,0,0.17505732487622186,0.29296234
C_25734,test,0,0.040674231581172074,0.017886419
C_25748,test,0,0.005843519463314208,9.705441e-06
C_25750,test,0,0.018025749721640793,3.0043678e-15
C_25756,test,0,0.17373146388296515,0.30819237
C_25757,test,0,0.17999373556630444,0.9784879
C_25760,test,0,0.004539572719351029,6.719285e-11
C_25766,test,0,0.01497514687138442,2.1337476e-10
C_25772,test,0,0.06923668431461977,0.085582204
C_25780,test,0,0.020151178536267002,0.16415854
C_25782,test,0,0.20121126301310244,0.3185187
C_25784,test,0,0.005843519463314208,9.683954e-06
C_25793,test,0,0.051885403446078365,1.106331e-12
C_25808,test,0,0.31858689754636293,1.4083756e-09
C_25814,test,0,0.022937350836686358,4.0120828e-12
C_25816,test,0,0.004539572719351029,2.9505197e-06
C_25828,test,0,0.004539572719351029,4.3470622e-10
C_25835,test,0,0.12418047330100149,0.14672345
C_25837,test,0,0.05803326754346145,1.4319821e-06
C_25838,test,0,0.11386873752010784,1.2892995e-11
C_25844,test,0,0.21811072920410193,0.1667668
C_25845,test,0,0.022571922058260765,0.00022156083
C_25859,test,0,0.02446846913522237,7.5714634e-17
C_25861,test,0,0.29806729197164233,4.112512e-05
C_25863,test,0,0.07058752057325896,0.43921244
C_25878,test,0,0.03459172956501088,2.5317862e-14
C_25890,test,0,0.003311779175588175,1.6464461e-15
C_25896,test,0,0.23097786540326146,0.280885
C_25897,test,0,0.003798424579853514,1.5357482e-08
C_25901,test,0,0.0029124150925102085,2.4837186e-09
C_25913,test,0,0.006168956691102949,1.0653579e-05
C_25914,test,0,0.004539572719351029,4.076325e-10
C_25923,test,0,0.0041723710837549425,0.0052195387
C_25924,test,0,0.054544486638507014,2.1038545e-06
C_25925,test,0,0.007157534913677091,1.9229412e-12
C_25949,test,0,0.058223956241678615,0.083421454
C_25954,test,0,0.005272713602179786,0.072155066
C_25963,test,0,0.015838652791523057,7.2312636e-09
C_25968,test,0,0.040552006683025374,2.109209e-34
C_25969,test,0,0.040370743169578324,0.03691422
C_25977,test,0,0.010350726312544986,7.293081e-17
C_25985,test,0,0.060282331369587966,0.2522104
C_25991,test,0,0.004539572719351029,3.666072e-05
C_25993,test,0,0.04528749665146928,6.0759834e-07
C_25996,test,0,0.005843519463314208,9.607008e-06
C_26002,test,0,0.20341804963806445,0.07108579
C_26003,test,0,0.005000034726964258,1.7864849e-07
C_26009,test,0,0.18698572059118287,0.012588274
C_26045,test,0,0.09034567881759645,0.011210105
C_26050,test,0,0.004095614071346495,1.0710528e-14
C_26057,test,0,0.14502792475643933,2.9921754e-15
C_26080,test,0,0.004095614071346495,3.3013522e-15
C_26098,test,0,0.003798424579853514,4.4993766e-11
C_26099,test,0,0.005456591659880597,1.142752e-05
C_26102,test,0,0.006963773970671066,9.783378e-07
C_26110,test,0,0.006794301018970052,0.023072222
C_26111,test,0,0.22572684365554865,0.14476283
C_26113,test,0,0.0044835607915171445,6.286736e-26
C_26123,test,0,0.004539572719351029,9.460662e-08
C_26125,test,0,0.029571648664610616,0.029923849
C_26132,test,0,0.004095614071346495,0.00014458431
C_26138,test,0,0.5246924362129338,0.45829925
C_26143,test,0,0.017187413805277427,0.00010540021
C_26171,test,0,0.06011566318314698,0.040616293
C_26172,test,0,0.015838652791523057,0.008488453
C_26173,test,0,0.08765160621565955,5.4249776e-05
C_26175,test,0,0.006859585567620952,0.0130013665
C_26179,test,0,0.005272713602179786,1.0179546e-05
C_26185,test,0,0.004539572719351029,6.433854e-08
C_26188,test,0,0.004539572719351029,0.00032492276
C_26207,test,0,0.24820858941880874,0.19434963
C_26213,test,0,0.004095614071346495,9.0907195e-12
C_26214,test,0,0.015838652791523057,0.009830738
C_26219,test,0,0.0031747674155223624,3.794201e-05
C_26220,test,0,0.018512693416941367,1.7746217e-19
C_26222,test,0,0.0030755742787161454,3.636991e-07
C_26238,test,0,0.007623456257078142,4.5317498e-07
C_26245,test,0,0.01856884164585277,3.259134e-22
C_26246,test,0,0.037421662069625945,0.10555388
C_26254,test,0,0.06158933526855063,0.15150869
C_26258,test,0,0.01497514687138442,0.0008188094
C_26265,test,0,0.004539572719351029,0.0002734306
C_26280,test,0,0.0050502178741682145,0.0027224582
C_26293,test,0,0.17570680318055337,0.40844053
C_26310,test,0,0.0015278503400122307,0.07269316
C_26326,test,0,0.0357808971168636,2.6942123e-19
C_26328,test,0,0.007874225424178557,0.07050805
C_26352,test,0,0.017180274606366355,4.928409e-23
C_26356,test,0,0.08109970733867058,0.0030172076
C_26359,test,0,0.10032800257513712,1.222228e-16
C_26363,test,0,0.006485940687925648,5.398667e-10
C_26374,test,0,0.20529947046931676,2.986713e-15
C_26375,test,0,0.032088860179437,2.143053e-12
C_26379,test,0,0.004539572719351029,6.502177e-06
C_26389,test,0,0.004095614071346495,2.5993637e-08
C_26391,test,0,0.004031426454623072,6.4534816e-16
C_26392,test,0,0.04594855438638427,1.882644e-07
C_26393,test,0,0.04410601215319506,7.25571e-11
C_26408,test,0,0.004539572719351029,2.0595813e-07
C_26411,test,0,0.0063781825072183424,0.0011596313
C_26413,test,0,0.004095614071346495,1.3692048e-07
C_26420,test,0,0.004095614071346495,1.5630876e-07
C_26422,test,0,0.0033228017437224627,1.1616715e-06
C_26428,test,0,0.022913628361699696,4.0954334e-14
C_26439,test,0,0.03418722732551426,0.06786541
C_26443,test,0,0.003639952924315678,0.077143036
C_26450,test,0,0.005456591659880597,1.0857671e-05
C_26461,test,0,0.08137576840713086,0.6465865
C_26479,test,0,0.022192262444548617,3.494266e-07
C_26483,test,0,0.03695595213420685,5.677532e-07
C_26486,test,0,0.39310714634469135,1.4677517e-05
C_26489,test,0,0.05962340653039564,0.04866511
C_26490,test,0,0.004539572719351029,4.783972e-06
C_26491,test,0,0.03469641518998231,7.71733e-15
C_26497,test,0,0.06254336732159516,2.0573337e-07
C_26507,test,0,0.026814843241207996,0.04773691
C_26530,test,0,0.004539572719351029,0.00034203622
C_26535,test,0,0.004095614071346495,7.942444e-09
C_26543,test,0,0.1310701850753415,0.0025270479
C_26547,test,0,0.0020588422344447687,3.2783868e-22
C_26568,test,0,0.005843519463314208,9.490086e-06
C_26574,test,0,0.05976442017458276,1.1752441e-08
C_26577,test,0,0.0033635872956961684,3.127107e-11
C_26584,test,0,0.024025214416821553,0.06304738
C_26585,test,0,0.003798424579853514,2.1605598e-05
C_26588,test,0,0.006168956691102949,1.0706246e-05
C_26589,test,0,0.004539572719351029,3.1663197e-09
C_26590,test,0,0.004095614071346495,0.0019704152
C_26600,test,0,0.005272713602179786,0.067204185
C_26609,test,0,0.05167974161052772,0.0062876665
C_26611,test,0,0.004539572719351029,4.49854e-09
C_26627,test,0,0.004095614071346495,3.313719e-05
C_26635,test,0,0.013913997093593741,1.9223647e-09
C_26637,test,0,0.028852042574160273,4.938092e-07
C_26646,test,0,0.019798095179179697,0.08084372
C_26649,test,0,0.48457081132528496,0.0014724152
C_26655,test,0,0.027433578961925695,1.1079475e-10
C_26658,test,0,0.01871083976748632,5.2294344e-14
C_26674,test,0,0.004095614071346495,8.029785e-09
C_26683,test,0,0.2771823052300047,0.13243419
C_26686,test,0,0.1566164979225622,2.8565224e-14
C_26688,test,0,0.04876224085080384,0.08942635
C_26691,test,0,0.01140194062928379,3.108747e-05
C_26694,test,0,0.004539572719351029,2.02429e-08
C_26703,test,0,0.3038778846634119,0.17843208
C_26725,test,0,0.008602210050690265,7.840539e-06
C_26734,test,0,0.022192262444548617,4.4765704e-07
C_26736,test,0,0.2584678793451982,0.027191687
C_26739,test,0,0.0034982504414138894,0.00014092447
C_26744,test,0,0.0029124150925102085,3.85686e-05
C_26754,test,0,0.005000034726964258,0.0049210205
C_26760,test,0,0.12486223161771844,2.1414557e-05
C_26765,test,0,0.03841819879060551,0.034118522
C_26772,test,0,0.004539572719351029,8.651653e-09
C_26778,test,0,0.023210399148557718,0.04564345
C_26779,test,0,0.004539572719351029,5.5022117e-16
C_26785,test,0,0.012035299332195621,2.4876844e-11
C_26788,test,0,0.5155955887844142,1.0315321e-09
C_26791,test,0,0.08539380011826789,0.19378255
C_26804,test,0,0.004031426454623072,5.3207152e-08
C_26808,test,0,0.10453151193151744,0.00014479416
C_26846,test,0,0.0003139759371954395,6.071691e-10
C_26848,test,0,0.026549421878217228,0.078866735
C_26851,test,0,0.18698572059118287,4.3285936e-06
C_26853,test,0,0.00331209845247633,0.0074522304
C_26856,test,0,0.19639589395509224,7.9252067e-13
C_26867,test,0,0.026475938377642973,0.00038649558
C_26881,test,0,0.004031426454623072,7.742816e-09
C_26882,test,0,0.028852042574160273,2.8160056e-13
C_26886,test,0,0.004095614071346495,7.758851e-18
C_26890,test,0,0.038446900539150855,0.013254758
C_26893,test,0,0.005402587122185471,1.8952896e-08
C_26895,test,0,0.0044684584764136765,3.1531505e-07
C_26896,test,0,0.004095614071346495,7.918333e-09
C_26905,test,0,0.05557771015270198,3.4221895e-10
C_26910,test,0,0.2168305545141613,3.4654807e-11
C_26911,test,0,0.18303612074327738,7.075351e-08
C_26919,test,0,0.2621746354541859,0.34575537
C_26931,test,0,0.0044684584764136765,6.878848e-08
C_26947,test,0,0.06140792686688278,2.6273026e-06
C_26948,test,0,0.004095614071346495,8.343788e-11
C_26950,test,0,0.02444320274832338,1.5929981e-08
C_26958,test,0,0.004044042403614489,7.087304e-12
C_26976,test,0,0.22449766297570536,1.8799536e-05
C_26980,test,0,0.0133871201324914,3.4018247e-11
C_26994,test,0,0.047329468943738316,0.0067925756
C_26999,test,0,0.0470666757397469,1.18206124e-14
C_27000,test,0,0.025667481012811397,5.9289982e-06
C_27001,test,0,0.006047992900066698,0.1150586
C_27002,test,0,0.013360383266664739,0.010514188
C_27018,test,0,0.15848149624292024,9.554321e-09
C_27019,test,0,0.03711085511141364,0.044108883
C_27021,test,0,0.013899525415865357,2.5737004e-08
C_27022,test,0,0.0026606819732496127,3.4383123e-09
C_27037,test,0,0.06530297150253522,2.7778282e-07
C_27041,test,0,0.024025214416821553,0.07864973
C_27044,test,0,0.0019786782609835457,7.310432e-05
C_27050,test,0,0.022081226310733785,0.08148463
C_27053,test,0,0.022192262444548617,3.5073961e-25
C_27054,test,0,0.7699192985522608,3.672133e-13
C_27058,test,0,0.050385823724679556,0.20430703
C_27060,test,0,0.1278104464189562,1.5924738e-14
C_27069,test,0,0.1443562501790076,2.6883172e-06
C_27086,test,0,0.09654825506089325,0.0028260208
C_27089,test,0,0.03787434998470907,0.00017500446
C_27092,test,0,0.05347339517171478,0.0014861709
C_27096,test,0,0.004539572719351029,5.456374e-16
C_27109,test,0,0.05220822095527282,0.122561194
C_27115,test,0,0.0033992475063781983,0.0013794485
C_27117,test,0,0.009969271600648023,3.9702145e-06
C_27127,test,0,0.04681240565519067,3.6191042e-05
C_27128,test,0,0.24084995034651768,0.0020273023
C_27133,test,0,0.040006542712988744,0.0025132701
C_27137,test,0,0.050385823724679556,0.13043435
C_27149,test,0,0.004095614071346495,1.2699817e-22
C_27178,test,0,0.15631300026643366,0.080758765
C_27179,test,0,0.022937350836686358,4.640006e-06
C_27191,test,0,0.003650064240287503,1.202633e-07
C_27193,test,0,0.024028181368802918,0.00076361565
C_27195,test,0,0.0467079946914702,8.967009e-11
C_27216,test,0,0.004539572719351029,7.552664e-11
C_27229,test,0,0.1198676444754765,3.4811248e-17
C_27240,test,0,0.15299396497704607,8.511977e-07
C_27254,test,0,0.04464747341853599,3.4293707e-10
C_27258,test,0,0.016779143034812812,2.3296739e-06
C_27262,test,0,0.004491262817749608,6.16457e-06
C_27276,test,0,0.04451845370840234,0.11442283
C_27279,test,0,0.005272713602179786,1.001654e-05
C_27289,test,0,0.01763620602320004,6.5336056e-11
C_27294,test,0,0.004095614071346495,2.4970698e-10
C_27296,test,0,0.004708120411904852,7.558856e-07
C_27313,test,0,0.031668993456818895,4.4646594e-15
C_27319,test,0,0.005843519463314208,9.812861e-06
C_27320,test,0,0.005456591659880597,1.1009254e-05
C_27324,test,0,0.05368668262124082,1.642375e-05
C_27328,test,0,0.005456591659880597,0.08786361
C_27331,test,0,0.004357879835925994,2.1456913e-08
C_27343,test,0,0.004539572719351029,2.1244507e-15
C_27348,test,0,0.004095614071346495,2.924768e-06
C_27356,test,0,0.004561929463950255,1.1847059e-05
C_27379,test,0,0.018884985532837975,6.420694e-14
C_27391,test,0,0.06707966570650616,0.19785942
C_27408,test,0,0.005456591659880597,1.1081219e-05
C_27410,test,0,0.004095614071346495,2.5120588e-11
C_27419,test,0,0.003798424579853514,9.224758e-05
C_27424,test,0,0.048535890036227325,0.15715039
C_27432,test,0,0.015838652791523057,0.0045370185
C_27436,test,0,0.0036309248677820166,0.00037237824
C_27447,test,0,0.0806444572414798,0.1511192
C_27452,test,0,0.015199133768913027,3.6462602e-06
C_27453,test,0,0.01497514687138442,0.0020909111
C_27463,test,0,0.004095614071346495,4.51353e-16
C_27466,test,0,0.003798424579853514,9.4051225e-12
C_27479,test,0,0.07809897872584237,1.3830835e-20
C_27480,test,0,0.004539572719351029,2.2097419e-18
C_27491,test,0,0.04083325890287069,7.247029e-21
C_27494,test,0,0.004539572719351029,5.265865e-05
C_27521,test,0,0.058095737232987964,8.0565166e-11
C_27523,test,0,0.0020471083084575496,5.597127e-07
C_27533,test,0,0.020494119356487366,0.28138524
C_27534,test,0,0.004539572719351029,1.8241228e-05
C_27565,test,0,0.01497514687138442,0.00023706953
C_27568,test,0,0.005843519463314208,9.804741e-06
C_27571,test,0,0.20003663109527334,7.594461e-13
C_27581,test,0,0.029148101905059367,0.00019939197
C_27582,test,0,0.003798424579853514,0.00015507298
C_27591,test,0,0.18039430169914075,0.002522048
C_27601,test,0,0.008136866954745168,1.0675791e-05
C_27608,test,0,0.006258737559454999,0.22749022
C_27621,test,0,0.1747717396747138,1.18961925e-08
C_27623,test,0,0.004539572719351029,2.8211544e-14
C_27624,test,0,0.004539572719351029,3.0994592e-11
C_27632,test,0,0.0068973822815959224,1.9942524e-23
C_27638,test,0,0.004095614071346495,4.9173686e-11
C_27662,test,0,0.016056713036807085,1.3635612e-09
C_27668,test,0,0.1599430228586173,3.7261063e-06
C_27692,test,0,0.01196523293718635,0.006030381
C_27715,test,0,0.004539572719351029,7.753874e-08
C_27719,test,0,0.003798424579853514,2.858748e-09
C_27720,test,0,0.0031747674155223624,4.9586023e-11
C_27721,test,0,0.003798424579853514,9.906854e-10
C_27723,test,0,0.03302664259643376,3.6212082e-08
C_27724,test,0,0.04168529662656235,0.006666256
C_27728,test,0,0.004539572719351029,1.2717437e-11
C_27729,test,0,0.055109050905287574,5.295698e-07
C_27734,test,0,0.004539572719351029,1.5024802e-20
C_27751,test,0,0.28913976203920055,0.006709438
C_27771,test,0,0.04681240565519067,7.4933796e-06
C_27772,test,0,0.007623456257078142,0.0003994705
C_27780,test,0,0.02549042077145506,0.09395606
C_27786,test,0,0.5973149600062572,0.015242636
C_27787,test,0,0.04681240565519067,5.0730177e-11
C_27791,test,0,0.005843519463314208,9.847903e-06
C_27794,test,0,0.04782202443021476,8.23868e-09
C_27798,test,0,0.007896589610823356,0.0022928885
C_27802,test,0,0.004095614071346495,3.6541373e-08
C_27807,test,0,0.0021012645918592563,1.1002999e-05
C_27817,test,0,0.001514989028970046,4.4853223e-08
C_27819,test,0,0.004095614071346495,1.9430197e-12
C_27821,test,0,0.004095614071346495,2.346235e-11
C_27828,test,0,0.15176372716419942,4.9406758e-18
C_27837,test,0,0.004539572719351029,2.1634422e-10
C_27845,test,0,0.01272892356603039,5.616342e-09
C_27850,test,0,0.1477753394959821,0.22979893
C_27856,test,0,0.004539572719351029,3.5773684e-08
C_27864,test,0,0.0013208954177402511,6.7879884e-09
C_27872,test,0,0.004539572719351029,4.2257612e-05
C_27875,test,0,0.040006542712988744,0.0021146827
C_27880,test,0,0.08823062876066452,0.07566569
C_27881,test,0,0.1932093844493156,0.12623367
C_27883,test,0,0.05962340653039564,0.059687957
C_27904,test,0,0.17849080511388216,0.30391958
C_27906,test,0,0.0030755742787161454,0.0028291026
C_27918,test,0,0.0031747674155223624,1.9762138e-15
C_27929,test,0,0.04554120362219695,9.214653e-07
C_27930,test,0,0.005843519463314208,9.8368555e-06
C_27935,test,0,0.03029164528698639,8.866073e-15
C_27948,test,0,0.0827491569155757,3.8256667e-06
C_27952,test,0,0.013360383266664739,0.00029957094
C_27954,test,0,0.058687576672806864,0.19966564
C_27971,test,0,0.0825241203216709,0.080718584
C_27974,test,0,0.09193115307133391,1.12825575e-10
C_27980,test,0,0.03377967664486895,0.00031093255
C_28002,test,0,0.3940538968149769,2.7355436e-05
C_28005,test,0,0.004501663676451288,6.127954e-06
C_28023,test,0,0.21150183187990904,2.426189e-08
C_28030,test,0,0.0054835532267491285,2.8391557e-07
C_28033,test,0,0.002463779081565527,0.02091195
C_28039,test,0,0.007312195763526873,1.7975536e-06
C_28051,test,0,0.3277776131853159,0.0073914775
C_28055,test,0,0.33563407405706397,0.93809587
C_28076,test,0,0.004602008641293844,8.816919e-06
C_28086,test,0,0.006953904240406827,1.4887935e-05
C_28088,test,0,0.004501663676451288,2.0670805e-11
C_28103,test,0,0.004961757560973315,8.974652e-16
C_28104,test,0,0.005231516287636099,3.533925e-07
C_28106,test,0,0.14696222043887186,2.8814288e-12
C_28109,test,0,0.05518112836815273,3.2243555e-05
C_28116,test,0,0.0035522118101037215,0.000260527
C_28118,test,0,0.0348064989246721,0.00036894804
C_28122,test,0,0.005231516287636099,2.1448402e-08
C_28123,test,0,0.00426198337790754,2.4447814e-14
C_28128,test,0,0.005871547212168074,1.271186e-07
C_28129,test,0,0.02125977743367321,1.9159871e-10
C_28132,test,0,0.09932998610692859,0.0054629985
C_28134,test,0,0.0021515818605065806,7.679072e-06
C_28136,test,0,0.006953904240406827,1.5589858e-05
C_28137,test,0,0.033973221743951273,0.03486217
C_28139,test,0,0.03188381127677746,7.121354e-06
C_28155,test,0,0.009049466209420726,0.9097786
C_28162,test,0,0.005231516287636099,7.38965e-22
C_28178,test,0,0.019798744840295746,1.8037962e-07
C_28187,test,0,0.005231516287636099,6.729106e-08
C_28190,test,0,0.03060017820481605,2.0224721e-08
C_28198,test,0,0.17623125386771438,5.464619e-10
C_28199,test,0,0.006953904240406827,1.5001225e-05
C_28207,test,0,0.004028588403281541,0.0374622
C_28217,test,0,0.128003763646904,1.1453269e-05
C_28232,test,0,0.07610588851891296,5.5639994e-05
C_28237,test,0,0.024733271331564173,9.858115e-09
C_28250,test,0,0.018633645288266314,2.932001e-12
C_28257,test,0,0.010712433514890358,7.459254e-10
C_28263,test,0,0.029099852390362824,0.15783803
C_28269,test,0,0.09849207005347284,0.54025364
C_28272,test,0,0.08878448806878864,8.317303e-18
C_28284,test,0,0.10071155380437949,1.5563446e-17
C_28289,test,0,0.004961757560973315,4.4830544e-05
C_28297,test,0,0.014244220649712947,3.5943228e-12
C_28304,test,0,0.006966904947817386,1.709603e-10
C_28313,test,0,0.05538658283812658,2.1837823e-13
C_28316,test,0,0.05778730191575234,9.467266e-09
C_28317,test,0,0.00409092902673202,9.865295e-10
C_28326,test,0,0.43255718031231116,2.228334e-07
C_28341,test,0,0.004095614071346495,2.1015734e-13
C_28347,test,0,0.11966269918262047,0.24206166
C_28361,test,0,0.012315229800438365,0.06495096
C_28362,test,0,0.23325339513450022,0.7324591
C_28367,test,0,0.007204834416621544,0.2542406
C_28376,test,0,0.001809867607155883,0.0011847771
C_28380,test,0,0.00426198337790754,8.103504e-15
C_28383,test,0,0.09539636560090554,3.2314751e-06
C_28392,test,0,0.02002858034559229,0.0016196974
C_28410,test,0,0.048628296312837424,1.5770858e-05
C_28431,test,0,0.01769294237230623,0.22541368
C_28435,test,0,0.03609110982104741,6.6961348e-09
C_28436,test,0,0.14782865005175472,0.00020874034
C_28441,test,0,0.021473120948096794,4.0592033e-13
C_28458,test,0,0.05817979141463379,1.3350383e-06
C_28465,test,0,0.18471022739643292,0.00088025176
C_28474,test,0,0.22109817326180636,0.8326522
C_28490,test,0,0.0052557097682812415,1.8069364e-15
C_28493,test,0,0.4835695228751537,0.00060442823
C_28499,test,0,0.0006932003317976485,1.23269155e-11
C_28501,test,0,0.08616715276531264,0.21437627
C_28507,test,0,0.37988959764406754,0.9797554
C_28510,test,0,0.2571967972551961,0.3114751
C_28513,test,0,0.26408233296676625,0.71904033
C_28527,test,0,0.15214870302165542,0.4336603
C_28531,test,0,0.09185844796049075,0.4113325
C_28534,test,0,0.05673527882143067,2.779808e-07
C_28535,test,0,0.2677293007426498,0.03482665
C_28543,test,0,0.023971471871883202,8.6955665e-11
C_28553,test,0,0.43621510321627466,0.29709738
C_28556,test,0,0.006485393172936002,1.5510877e-09
C_28558,test,0,0.1230040678710274,0.94685596
C_28559,test,0,0.6594699817969051,0.3454565
C_28570,test,0,0.06563797622587246,0.11410816
C_28578,test,0,0.004961757560973315,1.41782595e-08
C_28579,test,0,0.03730807973493288,0.1637761
C_28580,test,0,0.3758965870809954,0.35057336
C_28597,test,0,0.01744176716483465,2.5683551e-08
C_28602,test,0,0.14245257498413896,0.003548214
C_28603,test,0,0.004961757560973315,8.860561e-15
C_28606,test,0,0.290887457889965,2.6541098e-21
C_28612,test,0,0.3869329346206586,5.482837e-10
C_28615,test,0,0.0881125683408931,0.023792662
C_28620,test,0,0.010383727901698465,2.0245763e-05
C_28623,test,0,0.03206761150751159,0.08896639
C_28632,test,0,0.0064002264249942075,2.6049478e-05
C_28636,test,0,0.1475829890875514,1.04213086e-07
C_28651,test,0,0.7612926032055953,0.55999535
C_28652,test,0,0.0058654967366070015,1.3722585e-07
C_28653,test,0,0.3132483961955874,9.0990284e-08
C_28657,test,0,0.708119738565933,2.5798225e-13
C_28665,test,0,0.006325724705784593,2.691833e-16
C_28675,test,0,0.006953904240406827,1.6018703e-05
C_28676,test,0,0.07091224735630636,0.101389505
C_28679,test,0,0.0747129114154284,6.518985e-13
C_28681,test,0,0.006060077050487991,0.1763901
C_28689,test,0,0.07326327770178503,0.5052792
C_28694,test,0,0.00529241557661415,2.5333359e-06
C_28696,test,0,0.1256967582268536,0.03268435
C_28697,test,0,0.006060077050487991,2.3746758e-05
C_28709,test,0,0.08356665464851211,7.5405795e-13
C_28715,test,0,0.004573852136997693,1.320007e-05
C_28726,test,0,0.11735922580629568,4.4487626e-07
C_28727,test,0,0.004961757560973315,5.790721e-06
C_28736,test,0,0.005231516287636099,2.8847687e-22
C_28741,test,0,0.022268898642840887,0.13090521
C_28745,test,0,0.005231516287636099,1.0240205e-12
C_28753,test,0,0.09328759404203976,4.150449e-10
C_28756,test,0,0.029225688304767686,0.016946485
C_28762,test,0,0.019769883028460975,9.015771e-05
C_28766,test,0,0.20584155329937093,0.6330072
C_28769,test,0,0.10513306916276625,0.36796248
C_28771,test,0,0.38408457188007983,0.5345593
C_28782,test,0,0.004852304069447536,1.3359426e-14
C_28783,test,0,0.0019913110877488624,7.8924084e-14
C_28784,test,0,0.004961757560973315,5.5771606e-18
C_28786,test,0,0.01810215075284165,0.0013028743
C_28788,test,0,0.03586956445026489,1.1050856e-06
C_28790,test,0,0.026377120991235674,0.6993602
C_28799,test,0,0.0035522118101037215,4.6296842e-05
C_28800,test,0,0.0049871209643007775,0.0070482735
C_28808,test,0,0.14576287056703352,4.554153e-10
C_28828,test,0,0.04928171802835962,0.010334987
C_28834,test,0,0.01448910414746684,1.8229672e-08
C_28844,test,0,0.004961757560973315,1.9034424e-10
C_28848,test,0,0.00519178533650643,2.795885e-07
C_28849,test,0,0.20978695093775798,3.438155e-09
C_28850,test,0,0.004961757560973315,4.6078932e-07
C_28852,test,0,0.04342056553154737,0.23448838
C_28857,test,0,0.007312195763526873,3.3575127e-08
C_28858,test,0,0.005182020897995875,1.2801642e-07
C_28866,test,0,0.005231516287636099,2.7781567e-07
C_28867,test,0,0.008241478522330533,5.7931504e-14
C_28868,test,0,0.4105451569749621,3.9019064e-08
C_28873,test,0,0.5613296788713005,1.8713402e-09
C_28878,test,0,0.010383727901698465,2.0043934e-05
C_28880,test,0,0.2144534470620553,7.844039e-06
C_28884,test,0,0.0073311731657455135,1.7232853e-05
C_28889,test,0,0.006060077050487991,2.3721093e-05
C_28892,test,0,0.3058240257677444,0.020173067
C_28897,test,0,0.053367309911361814,0.5692483
C_28898,test,0,0.9513338142272404,0.23833467
C_28914,test,0,0.029600605223021072,8.212898e-10
C_28920,test,0,0.007085890412040736,5.203244e-07
C_28927,test,0,0.09441763089644989,0.20216629
C_28933,test,0,0.024753581268210912,0.04123088
C_28937,test,0,0.0138345527749116,0.00028918427
C_28955,test,0,0.17075112660019026,0.011778725
C_28964,test,0,0.004573852136997693,1.3863763e-05
C_28973,test,0,0.08449489290656978,2.5461043e-19
C_28976,test,0,0.04962745021684228,5.7947032e-05
C_28980,test,0,0.004501663676451288,1.4427537e-06
C_28998,test,0,0.0013519581993772366,0.56229585
C_29001,test,0,0.002559141686056268,0.00014730515
C_29005,test,0,0.3950025687292358,1.613373e-07
C_29010,test,0,0.005231516287636099,1.06438955e-10
C_29011,test,0,0.09088984742561064,0.48277047
C_29016,test,0,0.004961757560973315,6.6206945e-10
C_29018,test,0,0.006771979363400387,8.914309e-07
C_29037,test,0,0.5730475757710586,2.4716323e-11
C_29041,test,0,0.006953904240406827,1.567824e-05
C_29056,test,0,0.28578288469349655,0.44878647
C_29059,test,0,0.05974109867199127,0.88507986
C_29066,test,0,0.13641086443411637,2.1933422e-05
C_29071,test,0,0.009344755873501523,0.72258466
C_29087,test,0,0.008268310326539569,0.43520603
C_29098,test,0,0.05824384273634123,4.613231e-07
C_29106,test,0,0.030868465965558117,2.5260983e-11
C_29109,test,0,0.020920937287428106,0.6798632
C_29111,test,0,0.6780793999150035,0.91491735
C_29113,test,0,0.021267247672850847,3.442985e-09
C_29132,test,0,0.015346340008341936,9.3321944e-07
C_29133,test,0,0.2533711833284954,3.732289e-20
C_29149,test,0,0.03867796203346889,0.123538144
C_29156,test,0,0.006185692518956851,5.1306714e-08
C_29162,test,0,0.00426198337790754,8.1918445e-09
C_29174,test,0,0.00409092902673202,4.098477e-12
C_29179,test,0,0.0061277588105330995,0.0070733097
C_29184,test,0,0.279705924790163,0.4981743
C_29187,test,0,0.7393176406013995,1.1782441e-05
C_29189,test,0,0.0035522118101037215,1.9038497e-07
C_29196,test,0,0.0026036727025389506,6.0558633e-12
C_29199,test,0,0.5057558490882827,0.0007873189
C_29202,test,0,0.004501663676451288,1.154107e-05
C_29208,test,0,0.45730932048736694,0.002309918
C_29209,test,0,0.7206039487886868,0.0057618907
C_29211,test,0,0.006953904240406827,1.5104021e-05
C_29218,test,0,0.0028310604957272815,7.9994734e-16
C_29229,test,0,0.02271368584201458,3.856191e-05
C_29235,test,0,0.02353019823286276,0.045684412
C_29242,test,0,0.02569694460286192,0.24425411
C_29247,test,0,0.0035522118101037215,2.7963478e-12
C_29252,test,0,0.0018541579763261295,0.0074128383
C_29261,test,0,0.10548239945886563,1.5246985e-19
C_29270,test,0,0.017536525517395603,2.4332796e-23
C_29280,test,0,0.03953546131245495,0.00023000289
C_29281,test,0,0.4453506049815322,0.42358664
C_29285,test,0,0.20811153024279558,4.891914e-11
C_29293,test,0,0.022610232308679645,1.0158629e-17
C_29310,test,0,0.06505861634145794,2.7395402e-14
C_29327,test,0,0.43567300099523876,0.06611281
C_29336,test,0,0.0004735333469415514,0.00055319903
C_29338,test,0,0.0007460946145552296,0.006767328
C_29341,test,0,0.03315341796443934,0.64789635
C_29344,test,0,0.252113651612119,1.3219728e-15
C_29351,test,0,0.04580202401612213,0.09524377
C_29356,test,0,0.0018941892597591373,2.6274156e-09
C_29373,test,0,0.12051257518500073,0.30414805
C_29377,test,0,0.012610160276997526,2.2586333e-05
C_29378,test,0,0.7086652084564945,1.6232867e-08
C_29381,test,0,0.04579109955917626,0.07427716
C_29382,test,0,0.18033226406848354,0.00016567472
C_29385,test,0,0.004147278007277219,0.12618002
C_29388,test,0,0.015131828835900807,2.066996e-09
C_29402,test,0,0.0035522118101037215,4.468788e-06
C_29407,test,0,0.3785976924091141,0.31150502
C_29415,test,0,0.029221840421706755,3.660928e-14
C_29426,test,0,0.005341907920025425,0.60074455
C_29427,test,0,0.0037854147851954087,1.3595839e-07
C_29433,test,0,0.0062271597608371705,1.2095622e-06
C_29449,test,0,0.3240080867667416,2.029958e-08
C_29468,test,0,0.1759527600093587,6.569729e-07
C_29470,test,0,0.3348110537571928,0.02059049
C_29471,test,0,0.07076068876406069,1.0894877e-05
C_29475,test,0,0.35452306746123907,0.81353325
C_29484,test,0,0.0866170248041792,8.447133e-06
C_29487,test,0,0.025204706596029764,0.0002275854
C_29488,test,0,0.25484425546239997,0.6755207
C_29498,test,0,0.00426198337790754,1.09485615e-13
C_29512,test,0,0.004501663676451288,1.9683735e-06
C_29530,test,0,0.041907071037369584,0.005138053
C_29553,test,0,0.03560427476904847,0.12160702
C_29557,test,0,0.0035522118101037215,7.2810125e-18
C_29560,test,0,0.0357422740616868,1.2127104e-07
C_29565,test,0,0.21150698469803883,0.0006857691
C_29575,test,0,0.2570518451740695,2.7225514e-08
C_29577,test,0,0.038928114166984856,0.07133019
C_29588,test,0,0.3406398300471801,1.433742e-09
C_29597,test,0,0.005231516287636099,6.7568465e-07
C_29602,test,0,0.006060077050487991,2.3691386e-05
C_29603,test,0,0.007312195763526873,1.6142129e-15
C_29608,test,0,0.11275699401204593,0.21196264
C_29616,test,0,0.005182020897995875,2.879078e-08
C_29619,test,0,0.009444247556940717,0.821757
C_29620,test,0,0.6109277784553078,1.0040781e-16
C_29621,test,0,0.06759198597700138,8.906275e-15
C_29626,test,0,0.28637766084049204,6.310501e-14
C_29630,test,0,0.05514096122185302,2.4354213e-06
C_29636,test,0,0.01890359188189665,0.1347218
C_29638,test,0,0.011491213664957839,1.0932849e-09
C_29639,test,0,0.04309055258943897,2.1149681e-13
C_29644,test,0,0.14999875435303098,4.8818822e-12
C_29654,test,0,0.007312195763526873,3.5399567e-05
C_29655,test,0,0.007312195763526873,2.354621e-06
C_29657,test,0,0.007312195763526873,6.2365315e-17
C_29663,test,0,0.11493246777187913,0.3039234
C_29664,test,0,0.005231516287636099,9.269871e-05
C_29666,test,0,0.013056619850718112,0.015110475
C_29674,test,0,0.020781434259555823,5.4306806e-26
C_29676,test,0,0.006647422634208696,2.7012845e-10
C_29687,test,0,0.152135127818197,0.11359122
C_29695,test,0,0.3752289326979122,3.3330446e-11
C_29697,test,0,0.08757819152453575,0.39311782
C_29701,test,0,0.004961757560973315,1.3403443e-08
C_29703,test,0,0.0368527087602681,0.3328443
C_29704,test,0,0.012379536295989129,4.3808322e-13
C_29722,test,0,0.0035522118101037215,1.3790926e-06
C_29737,test,0,0.007312195763526873,6.545421e-07
C_29761,test,0,0.05299110433597917,2.0296618e-25
C_29763,test,0,0.007312195763526873,4.2922787e-11
C_29768,test,0,0.00519178533650643,2.677349e-07
C_29773,test,0,0.004961757560973315,7.965883e-09
C_29775,test,0,0.5463183013479905,0.18131036
C_29783,test,0,0.320877705568785,0.78731495
C_29784,test,0,0.10862348355047563,1.2147963e-07
C_29802,test,0,0.005231516287636099,1.406436e-26
C_29805,test,0,0.009100305540404911,6.4025954e-07
C_29808,test,0,0.005231516287636099,1.8107725e-08
C_29822,test,0,0.11751700059166839,1.6744852e-06
C_29827,test,0,0.027511394465353136,0.0020292317
C_29829,test,0,0.008749367494289527,1.7946426e-05
C_29832,test,0,0.055880191205016715,0.08647179
C_29833,test,0,0.08909524628535534,3.499896e-07
C_29835,test,0,0.06093999192690561,3.1234392e-12
C_29839,test,0,0.8280421260880236,0.18543439
C_29853,test,0,0.004095614071346495,3.4640726e-07
C_29858,test,0,0.2790486828261742,0.00460599
C_29860,test,0,0.005231516287636099,1.2096872e-21
C_29861,test,0,0.012602033044862774,0.16433814
C_29878,test,0,0.0032765120392957633,4.363017e-06
C_29879,test,0,0.07202885436728423,2.4330074e-18
C_29880,test,0,0.1715040846006321,0.011887266
C_29882,test,0,0.09001564401592432,0.0020790463
C_29895,test,0,0.17152401041158266,8.983774e-21
C_29896,test,0,0.0020011001199925155,0.00072347454
C_29899,test,0,0.07075538174547352,2.9187118e-11
C_29910,test,0,0.12265931771473938,0.004227836
C_29911,test,0,0.005231516287636099,8.4339105e-09
C_29923,test,0,0.006953904240406827,1.5671425e-05
C_29955,test,0,0.05793182765421651,1.1146847e-12
C_29967,test,0,0.0034043423551476334,6.352182e-08
C_29971,test,0,0.0032765120392957633,5.8341255e-13
C_29978,test,0,0.3001203101721935,0.035344347
C_29992,test,0,0.1314595447591611,0.035221864
C_30000,test,0,0.15412701881896615,2.0810473e-09
C_30006,test,0,0.1071932077958409,0.37098724
C_30021,test,0,0.0044589144659508,8.7681576e-07
C_30022,test,0,0.011040959125822434,3.2473916e-05
C_30032,test,0,0.005691576700468177,1.6110288e-12
C_30053,test,0,0.0029606414988464784,4.6574635e-07
C_30062,test,0,0.34257429121263877,0.0020546468
C_30067,test,0,0.07239811595625917,1.1583843e-11
C_30068,test,0,0.08757066233459115,0.009082905
C_30069,test,0,0.003022678597415385,0.23880468
C_30071,test,0,0.023650764760592954,5.148897e-15
C_30072,test,0,0.07267415328268852,1.7225959e-12
C_30075,test,0,0.2850012609233797,5.088972e-10
C_30076,test,0,0.18472720159652298,0.16291678
C_30080,test,0,0.01993195757024361,9.920615e-11
C_30088,test,0,0.007312195763526873,3.581777e-09
C_30099,test,0,0.2982638466601181,0.0025014777
C_30106,test,0,0.09294067228594334,4.3680862e-07
C_30112,test,0,0.1305161922202904,7.708368e-12
C_30130,test,0,0.1826951174704532,0.07277189
C_30137,test,0,0.0073311731657455135,1.7772143e-05
C_30152,test,0,0.005231516287636099,0.00027105666
C_30156,test,0,0.007312195763526873,1.6620162e-12
C_30174,test,0,0.0445871920831634,3.8785046e-15
C_30179,test,0,0.009397262912556678,4.3342083e-12
C_30180,test,0,0.19793799148136915,0.25904036
C_30181,test,0,0.3769711789265392,5.546618e-05
C_30197,test,0,0.02271368584201458,0.032333452
C_30220,test,0,0.001229355393985292,1.847484e-19
C_30227,test,0,0.004961757560973315,5.7595178e-09
C_30231,test,0,0.009094937935773444,0.00020081108
C_30235,test,0,0.026823360697656173,8.1770406e-14
C_30256,test,0,0.00022404880462834065,5.5763976e-06
C_30264,test,0,0.11872898413719288,0.04998762
C_30265,test,0,0.014455756781519351,0.0010996923
C_30269,test,0,0.35648897183904477,8.4996145e-07
C_30271,test,0,0.06173305246881566,0.36757952
C_30274,test,0,0.0073311731657455135,1.6956728e-05
C_30279,test,0,0.10353909803898814,3.484552e-05
C_30286,test,0,0.044989781318374854,0.14366345
C_30290,test,0,0.013724037452235043,2.8632757e-10
C_30303,test,0,0.004501663676451288,1.878304e-07
C_30317,test,0,0.004961757560973315,5.075636e-09
C_30319,test,0,0.004914801749905312,2.0418424e-06
C_30324,test,0,0.1699342133760111,0.0011276153
C_30342,test,0,0.27810953455636495,0.000978834
C_30344,test,0,0.03701560507372777,0.007118924
C_30347,test,0,0.04255100329225486,0.00030655306
C_30375,test,0,0.005231516287636099,3.9567174e-05
C_30386,test,0,0.030567875135370712,0.23623711
C_30389,test,0,0.004179369363790335,2.7413098e-12
C_30395,test,0,0.05950842470763228,1.3538771e-12
C_30399,test,0,0.551113649645295,0.50409204
C_30414,test,0,0.004219194978886865,1.09540215e-05
C_30415,test,0,0.002707440315387494,3.6471158e-06
C_30427,test,0,0.006953904240406827,1.5140016e-05
C_30432,test,0,0.029824054914961914,1.8056451e-18
C_30444,test,0,0.1645961074734524,0.0024350144
C_30456,test,0,0.3293341777319415,0.04850567
C_30461,test,0,0.13191276678826533,0.8665946
C_30465,test,0,0.004602008641293844,5.362807e-18
C_30472,test,0,0.006953904240406827,1.5105462e-05
C_30483,test,0,0.007312195763526873,2.300781e-14
C_30490,test,0,0.006397998379820988,5.717118e-05
C_30492,test,0,0.005182020897995875,9.696324e-07
C_30507,test,0,0.0035522118101037215,6.283962e-05
C_30513,test,0,0.7364819253649509,0.408856
C_30534,test,0,0.005231516287636099,1.071524e-08
C_30543,test,0,0.12470299450534088,0.0051780767
C_30546,test,0,0.40423423575086337,2.3278983e-17
C_30553,test,0,0.006390527783754299,0.36564633
C_30571,test,0,0.05478329732052336,1.9957503e-07
C_30572,test,0,0.03926418780719812,0.2327131
C_30586,test,0,0.13020389294987428,0.00020841378
C_30595,test,0,0.03060017820481605,0.0046663256
C_30617,test,0,0.009383298429879802,1.0721966e-06
C_30618,test,0,0.05604141499664989,0.09272037
C_30626,test,0,0.0012494818962810645,2.6972616e-15
C_30646,test,0,0.008251711284907605,0.44255087
C_30647,test,0,0.32400802941075896,1.5542668e-11
C_30651,test,0,0.09902001635385838,0.19383585
C_30653,test,0,8.127289404420193e-05,5.587757e-05
C_30659,test,0,0.0032765120392957633,2.1660772e-13
C_30668,test,0,0.008736642841255757,0.09282909
C_30678,test,0,0.031189289265550046,7.055263e-05
C_30680,test,0,0.26622065745131934,0.546894
C_30689,test,0,0.00782949681406137,8.99808e-07
C_30694,test,0,0.060425950181051395,0.19261406
C_30697,test,0,0.09307585218113691,0.00013146068
C_30727,test,0,0.6312381502211862,0.0010102334
C_30751,test,0,0.007586289470296377,1.9186285e-05
C_30753,test,0,0.010383727901698465,2.1359388e-05
C_30760,test,0,0.0073311731657455135,1.8356823e-05
C_30779,test,0,0.010383727901698465,2.0121268e-05
C_30781,test,0,0.0028076480234739683,1.4073219e-18
C_30785,test,0,0.004961757560973315,1.7360724e-13
C_30797,test,0,0.060341904385093806,0.49827772
C_30811,test,0,0.006060077050487991,0.2067215
C_30812,test,0,0.44502387909732743,0.71147805
C_30829,test,0,0.499350341150678,0.6447972
C_30831,test,0,0.09347830603127875,1.447754e-09
C_30834,test,0,0.007920942161308422,3.6573996e-16
C_30838,test,0,0.005231516287636099,3.0470926e-25
C_30848,test,0,0.007469746864050528,1.9137198e-28
C_30849,test,0,0.8475740168971757,0.81875736
C_30852,test,0,0.5197036257779988,0.73027617
C_30854,test,0,0.05039748442997109,0.08878408
C_30858,test,0,0.12869205539366446,1.31147775e-11
C_30860,test,0,0.4574657766278219,0.5758374
C_30874,test,0,0.05638613498189708,7.610649e-06
C_30876,test,0,0.00426198337790754,1.1543854e-11
C_30880,test,0,0.018547447106472534,1.197345e-06
C_30881,test,0,0.10357094434580265,0.1139738
C_30882,test,0,0.14995294869692927,0.14663568
C_30884,test,0,0.009094937935773444,3.4558133e-07
C_30890,test,0,0.05167974161052772,1.0290226e-09
C_30897,test,0,0.03317280935701461,1.5410372e-10
C_30901,test,0,0.004501663676451288,2.5733317e-12
C_30904,test,0,0.004733474413386631,1.4958069e-05
C_30912,test,0,0.2988815296128157,2.216046e-12
C_30927,test,0,0.03381063734327802,0.010587043
C_30930,test,0,0.006060077050487991,2.2852695e-05
C_30939,test,0,0.004219194978886865,1.097863e-05
C_30950,test,0,0.07446061432594055,5.17115e-05
C_30964,test,0,0.8324560094767399,1.2760807e-05
C_30975,test,0,0.13604194592073507,0.25774664
C_30976,test,0,0.07392856807651355,4.1486783e-09
C_30986,test,0,0.014114871132914772,8.5617444e-07
C_30989,test,0,0.0762074579532668,3.1008012e-11
C_30997,test,0,0.14516712245936153,0.056833964
C_31000,test,0,0.007312195763526873,5.866908e-10
C_31005,test,0,0.0021515818605065806,5.6594777e-06
C_31006,test,0,0.15295460940290312,2.40778e-13
C_31019,test,0,0.511674404350585,0.8014149
C_31020,test,0,0.0039353640665449816,0.050688017
C_31025,test,0,0.06234580344212793,3.357302e-07
C_31031,test,0,0.14159888289177155,0.0040507903
C_31033,test,0,0.002539360458334039,3.072302e-11
C_31036,test,0,0.005231516287636099,4.9382837e-05
C_31047,test,0,0.016010071447948287,9.445193e-08
C_31050,test,0,0.003431555467490395,0.008839748
C_31052,test,0,0.023359655590418638,1.11567706e-10
C_31053,test,0,0.30421673370812385,1.0072174e-06
C_31054,test,0,0.007312195763526873,0.0003033454
C_31058,test,0,0.037066219820824114,0.11600467
C_31060,test,0,0.005231516287636099,4.4949593e-05
C_31061,test,0,0.0022006255546761634,4.7701697e-11
C_31062,test,0,0.3871003949122753,1.5143421e-09
C_31063,test,0,0.2665232100730838,0.00088564534
C_31069,test,0,0.51043500374291,0.9268156
C_31071,test,0,0.021113698874045978,4.2891584e-12
C_31073,test,0,0.24300741289182576,0.70244086
C_31087,test,0,0.005231516287636099,5.8996186e-10
C_31088,test,0,0.007586289470296377,0.23505165
C_31089,test,0,0.0073792472716839655,2.7878548e-05
C_31145,test,0,0.1760087371848972,0.8349537
C_31149,test,0,0.0048225005994023094,5.8932255e-08
C_31191,test,0,0.045828427743688144,0.40597594
C_31203,test,0,0.11393402786998622,2.2617984e-07
C_31205,test,0,0.007155469787231272,3.153882e-05
C_31209,test,0,0.025148683493094168,3.6057143e-05
C_31211,test,0,0.065371333401366,0.007224336
C_31214,test,0,0.003294322711544172,5.293877e-06
C_31227,test,0,0.4936809420707982,1.8054018e-13
C_31230,test,0,0.005182020897995875,0.000240304
C_31232,test,0,0.22838880327962502,0.017442085
C_31234,test,0,0.00426198337790754,2.9404607e-10
C_31237,test,0,0.005135948969276257,6.195874e-14
C_31238,test,0,0.00526369775691688,3.7322334e-08
C_31245,test,0,0.40531986768366657,2.23493e-09
C_31247,test,0,0.09794245243804559,9.705246e-08
C_31254,test,0,0.2119211866605225,0.00047502428
C_31257,test,0,0.04765221473929207,1.5849377e-14
C_31261,test,0,0.12234182508880974,0.11723385
C_31277,test,0,0.034039734588195994,0.016936742
C_31293,test,0,0.04428825759960785,0.27901784
C_31295,test,0,0.0016896998509031969,0.7273123
C_31299,test,0,0.024507868651619125,5.8498597e-09
C_31300,test,0,0.2573397585387116,3.984309e-05
C_31302,test,0,0.005737236695373871,1.2595145e-11
C_31305,test,0,0.263534025566468,0.00026770402
C_31312,test,0,0.006953904240406827,1.5333679e-05
C_31313,test,0,0.0852540378183127,0.0012955471
C_31327,test,0,0.02880369010111468,1.9758846e-09
C_31331,test,0,0.007312195763526873,9.5945376e-05
C_31335,test,0,0.018444841501337,0.0019656827
C_31339,test,0,0.009807235073641587,0.3749293
C_31341,test,0,0.5093790091569377,1.5651834e-06
C_31343,test,0,0.00949463951371053,5.3737264e-09
C_31348,test,0,0.033638307263410654,2.51928e-07
C_31356,test,0,0.006502999619550489,0.22390343
C_31357,test,0,0.0035522118101037215,1.8625584e-17
C_31368,test,0,0.022343156522012048,1.7790816e-08
C_31369,test,0,0.0064129912269579245,0.0047468287
C_31379,test,0,0.0048225005994023094,4.2398597e-08
C_31388,test,0,0.007312195763526873,6.371694e-07
C_31391,test,0,0.09395912274132008,9.678214e-17
C_31398,test,0,0.5447355075382507,0.37163478
C_31399,test,0,0.006060077050487991,0.16599064
C_31407,test,0,0.0036499085125048622,0.1627101
C_31412,test,0,0.2835959324933757,0.6158105
C_31414,test,0,0.0035522118101037215,2.9068492e-08
C_31416,test,0,0.008595743717073912,0.001717378
C_31425,test,0,0.005231516287636099,1.8560252e-18
C_31439,test,0,0.13073073711605135,0.00022239897
C_31447,test,0,0.07704976091562074,8.949235e-12
C_31454,test,0,0.8550326731248481,0.95558906
C_31456,test,0,0.012424021473690204,0.0388566
C_31458,test,0,0.019277392891953793,0.0022392087
C_31469,test,0,0.14799471155310998,1.2243724e-12
C_31473,test,0,0.5490520177601673,1.1608162e-05
C_31474,test,0,0.016327408058221533,8.634684e-10
C_31485,test,0,0.12909421345122202,0.910988
C_31495,test,0,0.007312195763526873,5.222702e-07
C_31511,test,0,0.006953904240406827,1.4751749e-05
C_31513,test,0,0.06497105018129472,0.0038669913
C_31522,test,0,0.03523421432594758,1.383729e-10
C_31537,test,0,0.0073311731657455135,1.7313769e-05
C_31563,test,0,0.05720615608243056,0.11264673
C_31574,test,0,0.004501663676451288,1.1711518e-05
C_31578,test,0,0.0019430999534797123,0.001108718
C_31579,test,0,0.5374138404162906,0.000783057
C_31581,test,0,0.05026688110490252,3.2036523e-11
C_31595,test,0,0.011908705824779554,4.868256e-06
C_31596,test,0,0.004698634765149174,0.0029570786
C_31597,test,0,0.004961757560973315,6.690667e-10
C_31599,test,0,0.006953904240406827,1.469246e-05
C_31610,test,0,0.005231516287636099,2.8122361e-14
C_31616,test,0,0.007312195763526873,1.6360152e-23
C_31631,test,0,0.20991144872566125,1.1885923e-11
C_31636,test,0,0.0017715463291835278,2.4673072e-12
C_31639,test,0,0.026823360697656173,0.0052941046
C_31642,test,0,0.21545278835417286,0.31244385
C_31657,test,0,0.009209733375557508,0.12511654
C_31664,test,0,0.20977006731866576,2.3941839e-06
C_31671,test,0,0.004602008641293844,1.4553152e-06
C_31673,test,0,0.1586223579372179,0.32541382
C_31683,test,0,0.3967574567007807,0.6841567
C_31702,test,0,0.0035522118101037215,1.1264316e-19
C_31704,test,0,0.22707973748037377,5.02683e-05
C_31705,test,0,0.06979525540810923,1.4914027e-08
C_31719,test,0,0.037217235511067,3.0121404e-20
C_31724,test,0,0.061693589719710916,4.1256124e-05
C_31732,test,0,0.08222366051014109,0.7590166
C_31737,test,0,0.004098131120410221,1.0372106e-08
C_31740,test,0,0.0035522118101037215,5.4658436e-08
C_31741,test,0,0.004937252346298991,0.09206131
C_31760,test,0,0.031951342816547455,0.56481475
C_31763,test,0,0.009089032394387766,5.0960294e-05
C_31765,test,0,0.5114938158207413,0.36963856
C_31770,test,0,0.01258213417737683,2.0822885e-14
C_31777,test,0,0.05910382481348015,0.47725424
C_31779,test,0,0.06050085881533906,1.4100017e-09
C_31781,test,0,0.0073792472716839655,2.9173749e-05
C_31786,test,0,0.2507233440600852,3.0807785e-09
C_31789,test,0,0.0035522118101037215,5.6085314e-06
C_31791,test,0,0.0507370991740485,4.094975e-09
C_31797,test,0,0.009207848159251162,8.005461e-15
C_31803,test,0,0.025894429057473845,0.00039735966
C_31813,test,0,0.004501663676451288,0.00087048236
C_31815,test,0,0.05291954506096759,6.5805018e-12
C_31817,test,0,0.010772432243380496,0.004777231
C_31821,test,0,0.03987080071705189,0.3649053
C_31822,test,0,0.004902968118960129,0.12055577
C_31847,test,0,0.0659934927288106,0.26398
C_31868,test,0,0.13621531990334204,0.06109731
C_31869,test,0,0.16347712411023033,4.4306933e-11
C_31873,test,0,0.0002032565638176159,0.9494483
C_31876,test,0,0.012892748176172515,0.1381344
C_31882,test,0,0.023105374961848422,0.011773682
C_31894,test,0,0.06227611733723013,1.1225426e-16
C_31900,test,0,0.573091381289759,5.829023e-07
C_31907,test,0,0.06741398821584751,2.896773e-10
C_31933,test,0,0.0011424608051714999,3.2539694e-05
C_31937,test,0,0.009397262912556678,8.521749e-12
C_31947,test,0,0.11447271764301525,2.7695935e-06
C_31966,test,0,0.0008365551181000291,0.0025043967
C_31971,test,0,0.1390295399354437,3.654238e-10
C_31988,test,0,0.18749689203816355,0.005040794
C_31993,test,0,0.041586799586293736,0.16165955
C_31995,test,0,0.007085278572767423,0.4035242
C_32005,test,0,0.23097557786185752,0.72455376
C_32039,test,0,0.0029195211390308576,1.6930405e-14
C_32047,test,0,0.9050398096366964,5.22607e-08
C_32068,test,0,0.005068387992822094,5.551936e-05
C_32080,test,0,0.01711082799323322,7.7316265e-10
C_32087,test,0,0.001922434009341981,4.4638105e-05
C_32088,test,0,0.0018528347985991489,5.1544503e-18
C_32090,test,0,0.7793686005052078,2.9262534e-07
C_32091,test,0,0.045119170537391555,0.20942557
C_32096,test,0,0.06556060493692215,0.7668573
C_32099,test,0,0.03628077655810829,0.500342
C_32101,test,0,0.11173647547292193,0.44572628
C_32102,test,0,0.13874276695123605,0.88768846
C_32119,test,0,0.021495728993439253,0.12900132
C_32159,test,0,0.4184910892992378,0.96728957
C_32161,test,0,0.004018428204119727,5.5467395e-09
C_32172,test,0,0.7122106614775968,0.010677591
C_32180,test,0,0.007951917683870198,2.4091825e-08
C_32181,test,0,0.007529133190965516,3.460893e-05
C_32196,test,0,0.4951108119172138,0.7262999
C_32210,test,0,0.2678191667765118,2.7935343e-07
C_32220,test,0,0.0022582445482674084,1.8895986e-05
C_32221,test,0,0.0809130899415663,0.0005405902
C_32228,test,0,0.029253981002682033,0.00467897
C_32232,test,0,0.031027839343789665,0.4371114
C_32240,test,0,0.01178044027721069,0.00010966774
C_32273,test,0,0.030605928902213784,0.010727418
C_32274,test,0,0.08546835032603523,0.6928887
C_32280,test,0,0.09717983675139093,2.9509529e-12
C_32291,test,0,0.040968073533145605,4.259394e-08
C_32294,test,0,0.002693404700157119,6.8381128e-06
C_32312,test,0,0.8297812884872772,2.0872783e-11
C_32316,test,0,0.10644245760866121,0.42462906
C_32327,test,0,0.10003567131054084,0.5152341
C_32332,test,0,0.13471774339085196,0.7083675
C_32338,test,0,0.00557341399112484,9.484023e-08
C_32342,test,0,0.009890742833692545,0.98852366
C_32362,test,0,0.005252862380805042,1.3558383e-06
C_32370,test,0,0.009284073235654824,1.7569231e-08
C_32377,test,0,0.013030695119041409,3.1694995e-08
C_32387,test,0,0.12034197242510336,0.1790892
C_32397,test,0,0.42641343290505035,0.9805597
C_32400,test,0,0.02012246418253277,4.0388106e-05
C_32405,test,0,0.31881053346706184,3.2926304e-11
C_32408,test,0,0.013288278654214955,2.2426803e-09
C_32410,test,0,0.008023717771798031,0.00010062271
C_32423,test,0,0.0029606414988464784,2.5282257e-05
C_32436,test,0,0.013454976559255628,1.5669398e-09
C_32455,test,0,0.0714411617262604,0.0018354406
C_32470,test,0,0.007360616318530081,9.453141e-12
C_32488,test,0,0.016974417829131342,0.22440755
C_32490,test,0,0.05725842129017802,0.0060372925
C_32499,test,0,0.007353009212350164,3.7349484e-05
C_32510,test,0,0.008612772016823802,0.0013654316
C_32517,test,0,0.0029195211390308576,8.5430446e-10
C_32519,test,0,0.008502149436238355,1.7669565e-06
C_32520,test,0,0.013051870180715127,1.9001221e-15
C_32530,test,0,0.0019572986103319886,4.3044437e-07
C_32535,test,0,0.00799716354560324,0.00023228605
C_32545,test,0,0.8428841473172888,0.66154873
C_32548,test,0,0.003938342441811399,2.207176e-05
C_32556,test,0,0.0032316403123403923,9.559879e-13
C_32559,test,0,0.038029676389171506,0.4380212
C_32571,test,0,0.8061937192404568,0.00016151191
C_32575,test,0,0.4048210848085876,0.9540929
C_32576,test,0,0.0037547925783685244,3.5367782e-05
C_32582,test,0,0.1274022207301001,0.72536767
C_32591,test,0,0.010592247806491347,6.4016867e-19
C_32593,test,0,0.8966912873530772,0.963904
C_32601,test,0,0.0036205152947176196,2.316973e-11
C_32610,test,0,0.28499486347844977,9.24322e-06
C_32612,test,0,0.011991595895322045,0.0055152155
C_32613,test,0,0.036982192146205004,0.8005286
C_32614,test,0,0.8788578554218921,0.42392036
C_32615,test,0,0.6258769486457304,4.071447e-13
C_32620,test,0,0.9214141734513352,0.08398012
C_32621,test,0,0.06483358424551225,0.01673621
C_32631,test,0,0.004197115565672536,8.8253255e-05
C_32632,test,0,0.037886902115437306,0.3663967
C_32633,test,0,0.1264016062404672,1.4415873e-09
C_32641,test,0,0.008678674201475839,8.359206e-15
C_32645,test,0,0.329283517509724,0.99731416
C_32655,test,0,0.005231516287636099,3.532922e-05
C_32659,test,0,0.025403916345076157,0.37578794
C_32660,test,0,0.15015043845294948,2.0842614e-05
C_32666,test,0,0.7081974082640172,2.5175662e-14
C_32681,test,0,0.1669145140089656,0.7061662
C_32685,test,0,0.014781801378885752,0.00018481856
C_32693,test,0,0.32993232047071214,2.909021e-05
C_32717,test,0,0.007752405398718205,1.47199635e-05
C_32719,test,0,0.007353009212350164,2.5284504e-07
C_32720,test,0,0.08718051965152279,0.08922738
C_32733,test,0,0.0021941214271048158,0.28269753
C_32739,test,0,0.2806310136478904,2.4187016e-10
C_32746,test,0,0.157006973095777,0.00015364177
C_32762,test,0,0.004961757560973315,7.2431344e-06
C_32777,test,0,0.15410815476409087,6.098155e-17
C_32799,test,0,0.0019233981930852516,6.2403793e-12
C_32805,test,0,0.35824585382946694,3.310046e-08
C_32810,test,0,0.8846685637094822,8.8377135e-05
C_32840,test,0,0.031043880276962484,2.4470188e-05
C_32841,test,0,0.02047907636236759,0.09062209
C_32843,test,0,0.12011009879895594,0.29108864
C_32844,test,0,0.002297729780472821,1.507548e-06
C_32855,test,0,0.12735202621733382,0.00027901266
C_32864,test,0,0.7167466441717497,0.94556326
C_32869,test,0,0.07370615245279823,3.4073257e-18
C_32872,test,0,0.7330569900427079,7.495222e-05
C_32880,test,0,0.021042557327711285,0.011742724
C_32883,test,0,0.3432830249398947,0.77073604
C_32887,test,0,0.036318562110190813,0.00034041374
C_32910,test,0,0.01637394898153913,8.428891e-05
C_32916,test,0,0.16426969344552475,6.249063e-05
C_32918,test,0,0.0034034932297830295,0.00034473813
C_32927,test,0,0.0365763653799035,1.5932443e-08
C_32934,test,0,0.11747945729887241,7.784072e-07
C_32940,test,0,0.06769087991916554,0.70635843
C_32942,test,0,0.019431188303540875,2.4263332e-07
C_32943,test,0,0.3088150052546268,2.394974e-06
C_32952,test,0,0.0026036727025389506,4.764289e-25
C_32970,test,0,0.019049244127308653,1.7564675e-08
C_32979,test,0,0.003377714342671308,1.2126069e-05
C_32980,test,0,0.18849020481403622,0.89276385
C_32984,test,0,0.020080485725763264,0.25838473
C_32985,test,0,0.04688173520244752,7.271015e-08
C_33010,test,0,0.002551961369732428,3.3509342e-09
C_33013,test,0,0.19542853278339622,9.868273e-09
C_33027,test,0,0.12094645536017878,7.9842764e-12
C_33028,test,0,0.0407600453788189,0.3829594
C_33029,test,0,0.05193309467178514,0.00018729726
C_33042,test,0,0.0018041649250876272,0.00679544
C_33045,test,0,0.04105705640087755,4.2630435e-07
C_33093,test,0,0.0027455818216597302,6.301829e-14
C_33094,test,0,0.00383424999858564,5.6702736e-22
C_33111,test,0,0.006111714841908258,0.51846695
C_33127,test,0,0.1264016062404672,4.6140934e-07
C_33144,test,0,0.07874563705388535,0.8904054
C_33145,test,0,0.04799129942037622,0.013651608
C_33163,test,0,0.005205259044140542,2.969788e-13
C_33174,test,0,0.022843186249886186,1.508576e-17
C_33175,test,0,0.3816603278791945,0.032544285
C_33184,test,0,0.006513567555103465,0.018716699
C_33188,test,0,0.0029606414988464784,1.2404222e-06
C_33194,test,0,0.0008172796377282526,0.5162108
C_33206,test,0,0.019431188303540875,2.1027708e-05
C_33220,test,0,0.0873642360925367,0.63151735
C_33229,test,0,0.18542169759266178,0.002313893
C_33240,test,0,0.041870332079152715,0.09391661
C_33244,test,0,0.03603335471767001,2.1723704e-13
C_33251,test,0,0.03374757956032331,0.07475913
C_33264,test,0,0.004500284398208156,2.9549426e-05
C_33267,test,0,0.0029606414988464784,1.2476622e-15
C_33275,test,0,0.0024380155565327712,3.961131e-07
C_33283,test,0,0.03663560730781737,6.846686e-07
C_33288,test,0,0.030771478165746026,1.6459771e-20
C_33290,test,0,0.6579278194912471,0.91146016
C_33291,test,0,0.019727937000153947,0.33340204
C_33292,test,0,0.004500284398208156,2.9498691e-05
C_33322,test,0,0.0037598819270042746,1.7529654e-05
C_33326,test,0,0.8386770274532068,0.013734503
C_33332,test,0,0.67448756629027,0.7977577
C_33335,test,0,0.44900731152352386,0.0002425342
C_33336,test,0,0.17985586993491262,3.7050157e-17
C_33339,test,0,0.028075390815744772,1.12014995e-07
C_33341,test,0,0.02552621423252897,0.5884123
C_33342,test,0,0.0028076480234739683,0.00010316899
C_33355,test,0,0.009988441304608684,1.6982378e-05
C_33376,test,0,0.04651057513900995,1.259676e-14
C_33378,test,0,0.29013408280619324,0.42598566
C_33379,test,0,0.35930173865894544,3.8078506e-11
C_33380,test,0,0.01132457444275241,1.5460783e-09
C_33391,test,0,0.03570431122016374,1.3414997e-05
C_33393,test,0,0.024056912797048295,9.749174e-05
C_33407,test,0,0.0028076480234739683,2.237196e-19
C_33420,test,0,0.07597830531392764,0.3530173
C_33422,test,0,0.44681355079177126,1.6426165e-07
C_33428,test,0,0.028154894440820727,0.03243414
C_33453,test,0,0.13244357775845003,0.53002834
C_33455,test,0,0.22635837696494834,4.0653275e-19
C_33465,test,0,0.059313918779888966,0.00048269675
C_33474,test,0,0.0044001150274836495,1.7646056e-05
C_33478,test,0,0.1558203731171087,0.7671868
C_33482,test,0,0.019679992068194138,0.7892124
C_33483,test,0,0.04657028532739932,0.33859858
C_33487,test,0,0.0670370867629884,2.0535329e-13
C_33498,test,0,0.2903682320341282,0.00094231294
C_33499,test,0,0.004018428204119727,1.7880412e-09
C_33511,test,0,0.2940183938924328,0.90392506
C_33515,test,0,0.014110103503211156,0.002354384
C_33533,test,0,0.3750831553600401,0.00018760556
C_33537,test,0,0.128898782509984,0.72313505
C_33540,test,0,0.0028076480234739683,3.7834878e-05
C_33555,test,0,0.9191187466812162,0.33393532
C_33559,test,0,0.04344722705368687,2.0214641e-17
C_33560,test,0,0.004500284398208156,2.4096933e-05
C_33566,test,0,0.6333778628901373,3.819431e-11
C_33586,test,0,0.1683889566875787,2.6476312e-11
C_33587,test,0,0.21129090542263532,0.7682577
C_33593,test,0,0.00900311473822837,1.479273e-10
C_33615,test,0,0.015650334409583994,2.4261855e-11
C_33618,test,0,0.8159491624197135,9.274629e-06
C_33632,test,0,0.005720690528384171,2.1728975e-16
C_33640,test,0,0.381279302600534,0.025101675
C_33642,test,0,0.007160039741805552,0.35253158
C_33645,test,0,0.0006028422197037775,0.082700096
C_33647,test,0,0.0037598819270042746,1.9578656e-05
C_33665,test,0,0.14008142119803538,0.69522727
C_33677,test,0,0.01586403339951767,0.9908276
C_33681,test,0,0.798048539437903,0.9954788
C_33682,test,0,0.023625417290326675,0.3130003
C_33698,test,0,0.037569464837286216,1.4153666e-06
C_33704,test,0,0.02131037101999918,0.33517566
C_33705,test,0,0.005645675941425749,1.2823824e-06
C_33709,test,0,0.44424682084539246,0.0011525885
C_33711,test,0,0.002551961369732428,4.6885516e-12
C_33718,test,0,0.0018528347985991489,1.1788162e-05
C_33738,test,0,0.0012331307069288555,0.001498642
C_33744,test,0,0.007220119356169031,1.07631756e-07
C_33748,test,0,0.4686933522064005,0.95022476
C_33749,test,0,0.6194363142426975,1.4686318e-14
C_33759,test,0,0.09949977048565274,0.89668727
C_33766,test,0,0.054761546342637926,3.5263032e-15
C_33770,test,0,0.4179667503340959,6.0563612e-05
C_33773,test,0,0.015609020776194256,4.5909068e-09
C_33774,test,0,0.7057873701094555,0.9583406
C_33775,test,0,0.5412998697789905,3.4462813e-10
C_33792,test,0,0.017375644887897886,0.0031360805
C_33802,test,0,0.026251573285854042,0.4448698
C_33820,test,0,0.1199671002946365,2.7961036e-07
C_33821,test,0,0.0021293556677582028,0.13735479
C_33824,test,0,0.002848490830566139,1.3562775e-05
C_33829,test,0,0.49157782297324326,2.1008607e-05
C_33836,test,0,0.39394294314163425,0.962318
C_33838,test,0,0.20416647194473003,1.0099586e-05
C_33840,test,0,0.7996852357091079,0.95888776
C_33847,test,0,0.01401942846088484,1.3048158e-11
C_33856,test,0,0.015900839182856466,3.4683572e-11
C_33857,test,0,0.0020343559958256223,2.7230884e-14
C_33872,test,0,0.03534549490607155,4.643804e-06
C_33873,test,0,0.028534937202378333,0.6893796
C_33878,test,0,0.8605421080059042,1.5510588e-12
C_33886,test,0,0.10654618450418313,0.00375908
C_33893,test,0,0.0018901871140495914,0.20127274
C_33905,test,0,0.5744490560945045,0.87930256
C_33911,test,0,0.09732619707016955,0.6937372
C_33963,test,0,0.03318461761588698,1.0772826e-19
C_33990,test,0,0.022157842408151465,0.1379617
C_33991,test,0,0.9209190662764101,0.9585724
C_34000,test,0,0.0025052726420783716,0.1926545
C_34003,test,0,0.4730921486120797,2.6211833e-17
C_34013,test,0,0.0029195211390308576,2.5752269e-16
C_34025,test,0,0.15422689203104908,1.4659027e-11
C_34027,test,0,0.0005211500037440464,1.7167162e-05
C_34029,test,0,0.9189226836246142,0.90818876
C_34031,test,0,0.3430235525558548,0.8807925
C_34045,test,0,0.009546328866560896,2.9326445e-06
C_34047,test,0,0.49101624265017285,0.99365026
C_34073,test,0,0.8484308893296337,2.9390065e-15
C_34078,test,0,0.10657276263684026,0.4146902
C_34106,test,0,0.002848490830566139,0.008871146
C_34108,test,0,0.009122038635962969,2.2456307e-08
C_34112,test,0,0.1073344426062171,0.79307985
C_34115,test,0,0.01199500444179176,3.6925205e-05
C_34117,test,0,0.0029195211390308576,3.159957e-07
C_34124,test,0,0.6821363075296231,1.8927356e-06
C_34129,test,0,0.16036194275242843,0.0010887894
C_34132,test,0,0.1232948727485525,0.00043974252
C_34133,test,0,0.005200302637151401,0.02737409
C_34137,test,0,0.003938342441811399,1.8478577e-05
C_34138,test,0,0.007200466736712451,6.990493e-07
C_34144,test,0,0.5612167951571329,0.63828135
C_34168,test,0,0.007339674396728619,3.596188e-12
C_34169,test,0,0.015838603984677742,4.2017073e-05
C_34186,test,0,0.07685192046902124,0.33260146
C_34188,test,0,0.02009196761405978,2.0296058e-08
C_34189,test,0,0.2866567592447064,1.5808982e-05
C_34206,test,0,0.02271368584201458,5.922856e-10
C_34217,test,0,0.049876698575873124,0.7699939
C_34240,test,0,0.5262399234541721,0.0010573545
C_34248,test,0,0.9109635631452365,5.6576844e-12
C_34261,test,0,0.0019101157802294151,1.5829896e-17
C_34269,test,0,0.0063461951395037885,0.1349867
C_34270,test,0,0.011313576868240725,0.38028318
C_34272,test,0,0.003938342441811399,2.2437964e-05
C_34275,test,0,0.6614690831509046,0.16323031
C_34282,test,0,0.0034910218234935637,2.6182624e-05
C_34285,test,0,0.0028076480234739683,0.00012304656
C_34288,test,0,0.0029606414988464784,4.1772107e-11
C_34289,test,0,0.003174552892155589,2.2177891e-11
C_34291,test,0,0.004419784434840032,0.00047642938
C_34294,test,0,0.32778426856011,0.0007097042
C_34298,test,0,0.7355285782159856,0.98334897
C_34301,test,0,0.7147668975046445,0.0017591327
C_34306,test,0,0.0808293238793868,9.154643e-09
C_34311,test,0,0.048765686046669775,0.6294934
C_34328,test,0,0.0021917504415823615,6.1934573e-16
C_34338,test,0,0.002399328349874578,3.1542356e-08
C_34347,test,0,0.7199616537627251,2.5592684e-20
C_34349,test,0,0.002784812822902772,8.3432846e-05
C_34375,test,0,0.0027455818216597302,3.6533294e-07
C_34380,test,0,0.009303391146065914,1.5591764e-06
C_34386,test,0,0.6775759444105052,0.91538906
C_34400,test,0,0.03050444062928369,3.028317e-05
C_34403,test,0,0.0314352019449999,2.2346452e-12
C_34410,test,0,0.14741068029553092,0.74962926
C_34421,test,0,0.005205259044140542,2.9392336e-13
C_34423,test,0,0.002848490830566139,1.0834874e-05
C_34424,test,0,0.33404016821796734,1.8003968e-11
C_34434,test,0,0.10814367698678622,8.3601e-06
C_34441,test,0,0.0028918359536165327,1.6070718e-17
C_34450,test,0,0.14295575774874023,1.1261127e-13
C_34461,test,0,0.14321207188587287,1.785946e-08
C_34463,test,0,0.009667534295435359,4.0684567e-10
C_34486,test,0,0.012805225652733515,4.6786682e-17
C_34488,test,0,0.010560153883170647,2.1348854e-12
C_34491,test,0,0.012828520290883487,2.1192943e-08
C_34512,test,0,0.2152524457646002,0.6852966
C_34520,test,0,0.051066870389709924,9.718004e-09
C_34531,test,0,0.46010048621910615,0.5017738
C_34537,test,0,0.0052557097682812415,1.07298064e-07
C_34549,test,0,0.03736920898180445,0.97698885
C_34552,test,0,0.011445513771322266,1.984491e-10
C_34570,test,0,0.015900839182856466,3.0453176e-08
C_34585,test,0,0.3057087999320475,2.929254e-06
C_34592,test,0,0.4081510914059279,0.955352
C_34596,test,0,0.004573852136997693,1.3377974e-05
C_34609,test,0,0.07638306151118929,7.759075e-06
C_34631,test,0,0.7730367177891246,1.0520994e-10
C_34634,test,0,0.013974766811650129,0.62711644
C_34640,test,0,0.004197115565672536,3.932978e-06
C_34644,test,0,0.009145848107276582,1.9825104e-06
C_34645,test,0,0.011785408992412911,3.0512907e-05
C_34648,test,0,0.03302424808781429,0.031032184
C_34652,test,0,0.003651405122459593,7.997425e-17
C_34655,test,0,0.009145848107276582,4.1275276e-23
C_34670,test,0,0.5289301678464653,0.0036615578
C_34671,test,0,0.3194582733730088,0.72157407
C_34678,test,0,0.004721484269352558,3.6184744e-08
C_34679,test,0,0.008420953510319054,6.3443842e-12
C_34680,test,0,0.39589514565472206,0.027528062
C_34681,test,0,0.05947322685324232,5.228327e-05
C_34685,test,0,0.5298640905663224,0.7035695
C_34694,test,0,0.5281747869744525,2.0827128e-11
C_34700,test,0,0.08313331793088102,0.49112162
C_34701,test,0,0.02312065851088101,7.3879645e-13
C_34703,test,0,0.0033774299470557953,1.3425725e-06
C_34705,test,0,0.5836677656462089,0.5255078
C_34708,test,0,0.054707389641611794,0.0028879715
C_34710,test,0,0.3200284500789135,0.007114069
C_34712,test,0,0.09408100293721762,0.23045097
C_34713,test,0,0.002848490830566139,2.6825718e-12
C_34723,test,0,0.2563922921069456,0.78225976
C_34725,test,0,0.006723289167746983,3.007119e-05
C_34734,test,0,0.0028076480234739683,1.5887235e-07
C_34738,test,0,0.002641556144337113,7.209766e-06
C_34741,test,0,0.006350825220039422,2.4859815e-05
C_34742,test,0,0.1760711272841288,2.2588842e-11
C_34744,test,0,0.005720690528384171,1.4321931e-08
C_34755,test,0,0.4713249110748967,0.0021741001
C_34758,test,0,0.006281805502355266,0.00020295232
C_34767,test,0,0.06630325172509191,0.002111134
C_34775,test,0,0.015659214361548882,2.2182164e-11
C_34785,test,0,0.025756363890029794,4.192265e-05
C_34800,test,0,0.01666628209017618,3.9588194e-05
C_34806,test,0,0.01494000030472877,4.4051856e-05
C_34813,test,0,0.003085433205414062,4.121908e-09
C_34816,test,0,0.005645868555756061,0.7680548
C_34822,test,0,0.013155410514508567,7.652132e-08
C_34823,test,0,0.0035547356477204435,3.2980628e-05
C_34840,test,0,0.08310578487719988,0.5557291
C_34842,test,0,0.9499959365671209,0.0018343052
C_34847,test,0,0.35450402864205605,0.0005613372
C_34851,test,0,0.1587993877471459,1.0105218e-09
C_34852,test,0,0.07747943337134403,6.7386486e-07
C_34856,test,0,0.009125313439641285,1.2837838e-10
C_34864,test,0,0.04298898451599828,1.7104797e-07
C_34870,test,0,0.0024991516450873536,2.2757757e-07
C_34876,test,0,0.5043944184248467,0.0018511236
C_34882,test,0,0.046488369457761414,0.92569995
C_34884,test,0,0.25767518118029265,0.6444011
C_34885,test,0,0.12929404099193825,0.75406134
C_34887,test,0,0.005205259044140542,1.7638163e-08
C_34889,test,0,0.13045717060188383,3.0290236e-11
C_34902,test,0,0.3276848533625554,5.128937e-09
C_34904,test,0,0.012724904771960779,1.1954963e-09
C_34909,test,0,0.0011395581499738338,3.8380272e-09
C_34910,test,0,0.013096568832755269,0.8041056
C_34927,test,0,0.018513187299753542,1.4591468e-18
C_34932,test,0,0.1871952445341925,1.6726926e-05
C_34939,test,0,0.06903953706630903,3.2086263e-17
C_34942,test,0,0.005231516287636099,8.693978e-14
C_34946,test,0,0.023856526657392366,3.808729e-15
C_34968,test,0,0.029662296341044787,0.65686023
C_34969,test,0,0.2048377733339369,6.4726606e-09
C_34973,test,0,0.0028076480234739683,3.1079125e-11
C_34975,test,0,0.028945602516130774,0.2587571
C_34981,test,0,0.06658925815349262,1.2266304e-06
C_34982,test,0,0.0335308680193859,0.027443249
C_34985,test,0,0.7850967976799565,0.0004089413
C_34993,test,0,0.06645138871846244,2.1381666e-07
C_35003,test,0,0.0028076480234739683,2.5754003e-11
C_35015,test,0,0.0075468048840892175,1.6362375e-07
C_35019,test,0,0.326734453393271,0.54312664
C_35030,test,0,0.03186125809176072,0.062076993
C_35036,test,0,0.01463670754668629,0.5521359
C_35037,test,0,0.7715961778477731,0.45896947
C_35045,test,0,0.03800165710329318,3.2004923e-20
C_35058,test,0,0.002655652262523886,0.004407204
C_35059,test,0,0.35237647866040445,6.9726135e-05
C_35061,test,0,0.04702045465779972,0.784439
C_35069,test,0,0.005917675340739698,4.887025e-12
C_35076,test,0,0.1862956605345186,1.4334057e-07
C_35077,test,0,0.004152692780641034,2.1122774e-05
C_35086,test,0,0.2498789609604872,1.6508942e-06
C_35118,test,0,0.005216213556276695,3.8042963e-17
C_35119,test,0,0.008751004449267196,0.37416866
C_35123,test,0,0.001384005557623172,0.16911311
C_35135,test,0,0.0022582445482674084,0.00012278002
C_35143,test,0,0.02991528449515011,0.1469849
C_35147,test,0,0.0027786645729304753,0.027606972
C_35149,test,0,0.005216213556276695,1.3589668e-07
C_35152,test,0,0.0017309551932497026,7.4491545e-06
C_35160,test,0,0.0575827332432992,0.36368474
C_35163,test,0,0.2900155851777687,1.4407776e-11
C_35167,test,0,0.17826760102496905,5.255501e-06
C_35172,test,0,0.0075468048840892175,6.134348e-15
C_35176,test,0,0.002438852858887222,0.009864939
C_35179,test,0,0.04212066228644779,3.590655e-13
C_35185,test,0,0.004613792066988259,0.015571714
C_35189,test,0,0.0028076480234739683,4.6670827e-09
C_35195,test,0,0.028377528017924397,1.0923839e-10
C_35224,test,0,0.6241408711150747,1.5336356e-07
C_35227,test,0,0.2146719598673983,0.9483938
C_35232,test,0,0.004500284398208156,3.0203915e-05
C_35235,test,0,0.04074226088476861,0.12832373
C_35245,test,0,0.0013080291345843765,4.236983e-15
C_35252,test,0,0.5529840470439809,0.9219755
C_35253,test,0,0.08008903101110156,0.5805301
C_35259,test,0,0.010107571512639362,7.0978583e-15
C_35268,test,0,0.005223901812265354,7.327071e-10
C_35272,test,0,0.011869747494603325,0.0018788144
C_35285,test,0,0.001558447540303123,8.384461e-09
C_35293,test,0,0.004197115565672536,8.84109e-09
C_35295,test,0,0.006723289167746983,3.1386528e-05
C_35308,test,0,0.002848490830566139,6.160011e-08
C_35311,test,0,0.0056449336351186204,1.7564842e-08
C_35312,test,0,0.008031107304154579,0.009390146
C_35316,test,0,0.002206212010644597,2.0121689e-11
C_35323,test,0,0.42307654800660627,6.462865e-13
C_35324,test,0,0.001635839853461093,7.6821774e-21
C_35326,test,0,0.09153092290486645,0.7889491
C_35337,test,0,0.007200466736712451,0.00010313044
C_35346,test,0,0.00432597975815353,0.6894792
C_35353,test,0,0.6332853521872766,0.36816287
C_35359,test,0,0.1363976652362484,0.24418412
C_35361,test,0,0.07949016385794394,0.45048138
C_35366,test,0,0.692365748658991,1.217479e-09
C_35375,test,0,0.14469626466863253,0.70511496
C_35380,test,0,0.21716447114142984,0.04825245
C_35381,test,0,0.024015484518493915,0.15321974
C_35390,test,0,0.002658527414818793,7.5852164e-05
C_35392,test,0,0.002707440315387494,3.1242602e-09
C_35394,test,0,0.015838603984677742,4.111077e-05
C_35397,test,0,0.21472472234243847,0.30160078
C_35411,test,0,0.18296856317696528,8.107092e-11
C_35412,test,0,0.0022316432023081565,1.745343e-12
C_35413,test,0,0.13919186694850727,0.25219506
C_35415,test,0,0.1278462679793588,1.1163182e-13
C_35438,test,0,0.7276534358102166,0.9058247
C_35440,test,0,0.14823577429361437,1.2505849e-12
C_35458,test,0,0.015510319033040166,1.492163e-11
C_35463,test,0,0.1384155220284337,2.2998392e-09
C_35466,test,0,0.0037088903908871628,1.5944244e-11
C_35469,test,0,0.0029195211390308576,0.00010283975
C_35470,test,0,0.006237357445996603,1.5752727e-10
C_35472,test,0,0.0029195211390308576,2.8967431e-06
C_35474,test,0,0.0027810207476016576,2.0776048e-09
C_35514,test,0,0.16884091892835443,0.97504514
C_35516,test,0,0.014994376031500768,8.176441e-05
C_35529,test,0,0.1181222630128252,3.8623217e-08
C_35541,test,0,0.005216213556276695,1.05952935e-08
C_35545,test,0,0.014817116553876315,1.29575e-09
C_35551,test,0,0.08704321605982092,1.3045217e-05
C_35553,test,0,0.006156524828061369,1.8428615e-05
C_35558,test,0,0.4072686072205477,0.0035694356
C_35569,test,0,0.2409615687883048,0.0010346768
C_35572,test,0,0.03364912808232601,0.2291198
C_35592,test,0,0.0026957358541015463,2.5339437e-08
C_35602,test,0,0.3009851250575819,0.3425466
C_35608,test,0,0.6367979121855826,1.47722e-14
C_35609,test,0,0.0062842312798236325,5.749686e-08
C_35623,test,0,0.6706082411262768,0.5733336
C_35629,test,0,0.08850782001747903,0.081160724
C_35653,test,0,0.10587801719403657,5.935525e-09
C_35656,test,0,0.08670706590440776,0.0005479677
C_35667,test,0,0.0022916805970382786,1.8193199e-12
C_35671,test,0,0.173841175086797,0.027550653
C_35675,test,0,0.886394568208472,0.026672902
C_35679,test,0,0.9323523162567905,1.8424533e-10
C_35691,test,0,0.018210528947922536,0.029670127
C_35692,test,0,0.779483200847505,0.6547645
C_35699,test,0,0.06087855593458784,9.519683e-06
C_35708,test,0,0.03186780777762775,0.34643593
C_35709,test,0,0.0012400346905956702,2.7461621e-15
C_35718,test,0,0.1718407775553553,4.917245e-08
C_35725,test,0,0.00310986698904187,5.7053273e-10
C_35726,test,0,0.27729822688962424,0.0019597365
C_35730,test,0,0.11065963174790865,1.8962617e-16
C_35732,test,0,0.03881081989783945,0.0015102611
C_35746,test,0,0.010806962329401334,2.980641e-05
C_35752,test,0,0.06638874304929498,0.00046483698
C_35758,test,0,0.0032751010304070687,0.00039281134
C_35759,test,0,0.7460140412714522,0.00015489417
C_35761,test,0,0.03994482392043401,0.6768571
C_35790,test,0,0.2669568105080515,0.9346287
C_35804,test,0,0.355154598919746,0.9832622
C_35807,test,0,0.005808654074845075,0.82971746
C_35815,test,0,0.00483810517859926,1.6695026e-07
C_35832,test,0,0.32224467542318763,0.00018577016
C_35833,test,0,0.002707440315387494,1.0569306e-10
C_35845,test,0,0.386539679034614,0.0008492946
C_35848,test,0,0.11841594950489195,4.2579345e-06
C_35853,test,0,0.6201969505288938,1.9005494e-08
C_35862,test,0,0.0029606414988464784,3.382628e-11
C_35880,test,0,0.004197115565672536,0.00010915287
C_35887,test,0,0.024411471125814484,6.848397e-07
C_35888,test,0,0.41167070287122265,0.6862705
C_35890,test,0,0.07513576546387933,2.418032e-06
C_35893,test,0,0.003327280204071467,0.00063604023
C_35894,test,0,0.8708460228814889,0.0031842494
C_35896,test,0,0.0029049781841109946,0.30054393
C_35900,test,0,0.015027016375883773,1.9522158e-10
C_35903,test,0,0.0026036727025389506,9.747711e-12
C_35910,test,0,0.0028076480234739683,1.7373743e-05
C_35922,test,0,0.07667759783797673,8.15105e-06
C_35928,test,0,0.004829043184469749,7.051973e-05
C_35933,test,0,0.031887795340339496,0.35171187
C_35937,test,0,0.012256185333269094,1.97735e-06
C_35940,test,0,0.1280321172423666,0.07656786
C_35942,test,0,0.3934236791288283,1.5605552e-05
C_35953,test,0,0.2578736576544538,0.8000817
C_35967,test,0,0.13196714692268635,0.7727175
C_35989,test,0,0.19192732630872059,1.06164175e-11
C_35995,test,0,0.0035547356477204435,3.2157168e-05
C_36000,test,0,0.00483810517859926,1.0913296e-11
C_36003,test,0,0.16367355653001642,0.20843151
C_36005,test,0,0.0032684930663125725,2.2650765e-10
C_36011,test,0,0.0029606414988464784,1.3020364e-11
C_36012,test,0,0.007916712566844028,1.7999772e-08
C_36014,test,0,0.0038925896226934416,1.6300745e-09
C_36021,test,0,0.1931403681041869,0.7378599
C_36045,test,0,0.7946303214547538,0.9711132
C_36052,test,0,0.04592781183077128,0.0047684875
C_36056,test,0,0.09211228372437025,5.865325e-07
C_36073,test,0,0.46715776687590305,2.5314084e-15
C_36084,test,0,0.3081237754996457,0.026373712
C_36088,test,0,0.5520918254095175,0.69643027
C_36091,test,0,0.0222588257983654,0.82701874
C_36092,test,0,0.003327280204071467,3.775165e-14
C_36100,test,0,0.4100446433167811,0.9160471
C_36102,test,0,0.05254769775579707,0.056025524
C_36118,test,0,0.23425887795055406,1.5821552e-11
C_36119,test,0,0.0010867844577613654,0.0066023325
C_36122,test,0,0.0035551593519050906,4.1699738e-07
C_36124,test,0,0.05693139308425358,0.043435507
C_36132,test,0,0.002784812822902772,1.3927836e-08
C_36158,test,0,0.10231961609335606,9.505648e-05
C_36161,test,0,0.25801778739812,0.20838952
C_36163,test,0,0.0964699931150723,0.9400751
C_36167,test,0,0.15059900127967968,5.5185162e-11
C_36169,test,0,0.006707184031666716,7.4336485e-06
C_36170,test,0,0.4823896819472651,0.21918441
C_36175,test,0,0.009523710236190173,1.0226454e-14
C_36187,test,0,0.021084027807185036,5.24319e-13
C_36196,test,0,0.011477319233110473,0.00012320986
C_36201,test,0,0.4077443796948661,0.77531564
C_36204,test,0,0.06412409369749608,0.50565726
C_36223,test,0,0.23280917442454638,0.81617427
C_36229,test,0,0.3633340335605904,0.3445323
C_36234,test,0,0.18716864647521875,2.694877e-14
C_36235,test,0,0.005252862380805042,0.0009969288
C_36236,test,0,0.0029195211390308576,9.630617e-07
C_36237,test,0,0.0075468048840892175,5.8995113e-12
C_36248,test,0,0.24143401163166903,2.2766778e-12
C_36261,test,0,0.0044856863691944875,1.6240133e-17
C_36277,test,0,0.13670455936371517,0.5089829
C_36281,test,0,0.3350903958697384,0.86437875
C_36284,test,0,0.01199500444179176,3.854452e-05
C_36285,test,0,0.02295390316310065,5.1086805e-05
C_36288,test,0,0.15686252308482357,0.39789143
C_36294,test,0,0.009657864083637226,5.1882232e-18
C_36304,test,0,0.18965344775386506,1.303639e-15
C_36310,test,0,0.3354164685743943,1.0230937e-07
C_36315,test,0,0.0027270434249504687,3.024069e-05
C_36323,test,0,0.08469904554401822,0.00030504778
C_36352,test,0,0.10966288155713562,9.488624e-11
C_36361,test,0,0.5179071405289563,0.91024464
C_36373,test,0,0.15810782742124194,1.2703932e-05
C_36383,test,0,0.06352107702808396,0.8152342
C_36384,test,0,0.00409092902673202,3.011766e-17
C_36386,test,0,0.3836076658529687,0.90977347
C_36390,test,0,0.002643228146307535,2.5391104e-12
C_36392,test,0,0.000980108752698638,0.035075318
C_36393,test,0,0.0029195211390308576,3.5077492e-06
C_36394,test,0,0.024612416645292026,8.490844e-06
C_36399,test,0,0.035455400005248064,0.37592986
C_36424,test,0,0.004197115565672536,2.0061475e-06
C_36426,test,0,0.0032316403123403923,1.1613705e-08
C_36433,test,0,0.027088884797908698,7.0977603e-07
C_36435,test,0,0.00014864174725249114,1.9653965e-14
C_36441,test,0,0.0022102651682220902,6.977158e-16
C_36449,test,0,0.01919228946927837,1.3114128e-07
C_36460,test,0,0.02638330539044946,1.0348393e-08
C_36463,test,0,0.11886651575836912,0.1479822
C_36481,test,0,0.09803821812547897,2.3992637e-08
C_36489,test,0,0.002551961369732428,5.3195478e-12
C_36494,test,0,0.018943510329025186,0.38930112
C_36495,test,0,0.22665906458881382,0.0058797253
C_36502,test,0,0.0072651383370383165,2.7664275e-12
C_36507,test,0,0.011489448012674802,1.6774518e-06
C_36516,test,0,0.5986987044061116,1.7020872e-10
C_36522,test,0,0.09573923588040062,4.4614312e-12
C_36527,test,0,0.0029195211390308576,2.0334298e-16
C_36530,test,0,0.0003523028333440496,0.00058547413
C_36548,test,0,0.007108549190536971,1.2546424e-07
C_36549,test,0,0.14386349610991597,0.9838675
C_36558,test,0,0.05276361367856079,2.1860483e-06
C_36569,test,0,0.023478853626764915,0.018709587
C_36579,test,0,0.0026937723219636906,0.0049781254
C_36603,test,0,0.010705587283054643,1.1287488e-21
C_36627,test,0,0.004961757560973315,2.4712972e-07
C_36635,test,0,0.03731193842050664,3.1937734e-08
C_36647,test,0,0.11013466954441341,1.45953045e-05
C_36648,test,0,0.04689067587058995,1.757222e-11
C_36657,test,0,0.0029195211390308576,2.1777918e-25
C_36668,test,0,0.17298338716491052,0.1872438
C_36673,test,0,0.08209439842691421,0.45402783
C_36677,test,0,0.2473646031890429,1.1925114e-19
C_36681,test,0,0.008580483913345791,4.28589e-05
C_36686,test,0,0.15908884149851396,2.0951236e-07
C_36688,test,0,0.6826976679575237,7.1396182e-09
C_36693,test,0,0.17732723408258202,9.347034e-05
C_36701,test,0,0.02960970288721443,0.09705925
C_36706,test,0,0.022637129800383144,3.5624709e-07
C_36707,test,0,0.1787219906980279,0.0011984732
C_36708,test,0,0.3366528740691985,0.58894444
C_36719,test,0,0.014218292078516956,3.1634567e-10
C_36728,test,0,0.19181207221264557,0.66878057
C_36731,test,0,0.019740519801162447,0.16401424
C_36733,test,0,0.10020797963668512,0.0051745013
C_36739,test,0,0.2618778788611155,1.02759135e-08
C_36749,test,0,0.0029606414988464784,8.443159e-07
C_36750,test,0,0.016468630181029665,3.7190006e-05
C_36751,test,0,0.32222049316606244,0.00048587847
C_36780,test,0,0.2953746025323829,2.364816e-12
C_36788,test,0,0.013152485219399204,0.00014225891
C_36795,test,0,0.03575838509934443,0.56650066
C_36800,test,0,0.0063655438417903,3.620171e-05
C_36807,test,0,0.5486731334257717,0.958998
C_36808,test,0,0.0029195211390308576,1.6872985e-22
C_36820,test,0,0.7389200880758066,7.666272e-07
C_36833,test,0,0.0033731555464207776,0.18846971
C_36835,test,0,0.002853565814370787,4.4108692e-05
C_36844,test,0,0.6447379473698615,3.4457178e-06
C_36854,test,0,0.0054157804260878874,1.2614378e-11
C_36858,test,0,0.007353009212350164,9.833949e-08
C_36867,test,0,0.06850635892662281,1.04270175e-05
C_36872,test,0,0.06624533594238224,0.00031551992
C_36877,test,0,0.008484048490012448,8.133495e-08
C_36882,test,0,0.0039477977878334064,2.5369542e-05
C_36899,test,0,0.01603511667111729,0.00076407247
C_36908,test,0,0.009404978566307188,3.3689255e-05
C_36912,test,0,0.03911612134737544,0.5602444
C_36921,test,0,0.0027810207476016576,1.4251838e-06
C_36927,test,0,0.007463268634360629,3.778189e-11
C_36954,test,0,0.027522391477634574,1.1774951e-07
C_36966,test,0,0.24181696184238963,0.5090432
C_36968,test,0,0.10079603744847836,0.5070059
C_36973,test,0,0.00426198337790754,5.659657e-09
C_36974,test,0,0.20099347789045224,0.00055552786
C_36990,test,0,0.03960940156562035,9.859381e-19
C_37003,test,0,0.26627905263025425,0.4035343
C_37005,test,0,0.003878728550058611,4.714774e-05
C_37013,test,0,0.11789390650850458,0.0005533306
C_37014,test,0,0.00011109197397114516,3.0694234e-09
C_37015,test,0,0.033490084657227144,0.1478363
C_37021,test,0,0.008694678691173782,2.7432296e-08
C_37039,test,0,0.07362095022277584,0.008427454
C_37041,test,0,0.2360365319798837,0.0021133139
C_37044,test,0,0.33202461361678137,4.5619947e-10
C_37052,test,0,0.11349364423273406,0.6338103
C_37054,test,0,0.007353009212350164,2.2444509e-10
C_37060,test,0,0.00014770722267060246,1.1517562e-09
C_37064,test,0,0.019835595076435956,2.4174919e-11
C_37068,test,0,0.8089857144019758,9.081134e-16
C_37078,test,0,0.11908203282677152,6.319686e-07
C_37093,test,0,0.0028076480234739683,4.582569e-13
C_37095,test,0,0.002227431657723123,2.4773692e-06
C_37104,test,0,0.208650232160982,0.64126253
C_37112,test,0,0.0029195211390308576,7.726691e-09
C_37125,test,0,0.20020897986555455,0.04432797
C_37141,test,0,0.18399501918505204,0.5442528
C_37142,test,0,0.06808167536310135,2.2142505e-08
C_37144,test,0,0.94557918224462,0.32701108
C_37145,test,0,0.022414125363135622,0.25231707
C_37150,test,0,0.0049733861207032545,2.6876822e-05
C_37155,test,0,0.013592775920425779,0.0001950174
C_37157,test,0,0.2421802475661218,0.9247518
C_37163,test,0,0.07434794308903644,1.2778555e-20
C_37164,test,0,0.0010855411207682996,2.7918315e-10
C_37175,test,0,0.009720658353414074,3.3308846e-05
C_37177,test,0,0.42369358524214246,0.706067
C_37185,test,0,0.0028076480234739683,8.369135e-10
C_37210,test,0,0.007732793711994659,0.024141423
C_37211,test,0,0.0011840793446972599,3.1671976e-07
C_37232,test,0,0.17105289785786845,1.7698325e-07
C_37234,test,0,0.1664981268250206,0.8657752
C_37235,test,0,0.12459480575780447,0.5961481
C_37245,test,0,0.5908974042833871,1.444034e-06
C_37248,test,0,0.42641343290505035,0.31982332
C_37252,test,0,0.13317730569733216,0.0056573004
C_37254,test,0,0.41944084865562575,1.4850182e-06
C_37261,test,0,0.026982808238242475,2.6992847e-11
C_37263,test,0,0.4179667503340959,0.00022311941
C_37265,test,0,0.18174862072191025,2.455816e-10
C_37271,test,0,0.02353273797470807,0.5203549
C_37286,test,0,0.01857685951868114,9.5266336e-11
C_37295,test,0,0.8513672808312535,3.3308772e-11
C_37298,test,0,0.14339203659783012,0.26072118
C_37299,test,0,0.06978220677291135,4.1423e-05
C_37309,test,0,0.002450993072082391,0.0016009446
C_37320,test,0,0.03641183208460539,0.69121027
C_37349,test,0,0.011824771148454677,0.00085316476
C_37352,test,0,0.01892736697651557,3.5606006e-20
C_37355,test,0,0.15607132394729847,4.6719633e-09
C_37363,test,0,0.006181710575580298,0.0017676792
C_37370,test,0,0.008067372335563856,1.2935317e-14
C_37377,test,0,0.0725611649497412,0.7378176
C_37379,test,0,0.03561514613722349,1.2314623e-15
C_37386,test,0,0.03591501083230169,3.3753484e-09
C_37390,test,0,0.7411341870170454,3.8543744e-06
C_37395,test,0,0.06423678463310298,0.019178027
C_37397,test,0,0.030542695212517863,0.00025275745
C_37402,test,0,0.0029195211390308576,0.0002479649
C_37415,test,0,0.4458938369230914,0.9228647
C_37425,test,0,0.9327698182905135,0.96629715
C_37429,test,0,0.08293169752545261,0.0061501004
C_37430,test,0,0.008580483913345791,4.318021e-05
C_37437,test,0,0.006577811987776379,0.53142315
C_37440,test,0,0.18405136016198326,1.7265507e-05
C_37441,test,0,0.006057444836247177,2.6413793e-09
C_37443,test,0,0.0034068211272652023,2.6141011e-05
C_37445,test,0,0.027052029936708362,6.467402e-17
C_37456,test,0,0.2578838233961863,3.480204e-12
C_37461,test,0,0.006577518528479836,3.037309e-14
C_37463,test,0,0.19865594685881985,0.5480484
C_37464,test,0,0.005917675340739698,4.0237604e-09
C_37467,test,0,0.011157022055170055,0.00015408646
C_37475,test,0,0.004129900897170159,0.76002234
C_37476,test,0,0.3710893111178718,1.8801813e-12
C_37482,test,0,0.5917219111292618,0.8661837
C_37485,test,0,0.01845301983335048,0.021115324
C_37486,test,0,0.0029195211390308576,1.2326281e-07
C_37491,test,0,0.00407587695972266,2.4347375e-05
C_37500,test,0,0.49443080699341413,0.00051480887
C_37506,test,0,0.6322048616963697,1.6462202e-07
C_37521,test,0,0.4269508763047044,0.9493269
C_37531,test,0,0.002848490830566139,6.704998e-11
C_37535,test,0,0.005810179807163283,1.9397248e-05
C_37536,test,0,0.0037598819270042746,2.0634578e-05
C_37544,test,0,0.15712350835309544,1.2415478e-10
C_37562,test,0,0.1701463119616144,0.6932234
C_37565,test,0,0.10302695246616356,0.63071036
C_37568,test,0,0.007463268634360629,7.989036e-18
C_37576,test,0,0.3014763873350262,0.865567
C_37595,test,0,0.0018528347985991489,4.898495e-07
C_37604,test,0,0.0028076480234739683,0.00016271313
C_37610,test,0,0.032610873773101186,0.8656414
C_37619,test,0,0.009523710236190173,8.397837e-10
C_37625,test,0,0.1114375943587744,4.8728795e-11
C_37634,test,0,0.6248586169236862,0.08619697
C_37637,test,0,0.35450540800931735,0.86750335
C_37669,test,0,0.13201144172274618,3.866066e-08
C_37673,test,0,0.19866689362945467,0.0076696263
C_37690,test,0,0.020030804582024983,0.6385848
C_37702,test,0,0.11216344726385112,5.649368e-09
C_37704,test,0,0.003278034745739941,0.0035136098
C_37711,test,0,0.48367159205630306,2.384207e-10
C_37720,test,0,0.8388486431377602,0.046237327
C_37727,test,0,0.068276720280064,6.7498013e-07
C_37735,test,0,0.04203491431158971,1.3935435e-08
C_37741,test,0,0.002784812822902772,0.00016609435
C_37742,test,0,0.0063655438417903,3.6889942e-05
C_37744,test,0,0.005983235276674797,0.15816674
C_37756,test,0,0.018955100237636684,6.0689763e-05
C_37765,test,0,0.002641556144337113,7.009077e-06
C_37785,test,0,0.03772290192895204,0.7561018
C_37800,test,0,0.45575198631332536,2.1597725e-06
C_37804,test,0,0.0035551593519050906,5.495405e-07
C_37806,test,0,0.031914133217944805,4.8044274e-08
C_37807,test,0,0.05811891156344548,4.741867e-11
C_37824,test,0,0.002641556144337113,0.0071414807
C_37829,test,0,0.001273527799069447,0.7456243
C_37843,test,0,0.0029195211390308576,2.1204734e-07
C_37849,test,0,0.24529361167780575,0.7699674
C_37862,test,0,0.6873603689832463,1.5309339e-05
C_37873,test,0,0.01199500444179176,3.7008474e-05
C_37885,test,0,0.10219032734553067,0.7317486
C_37888,test,0,0.04533878113940363,2.2504192e-20
C_37889,test,0,0.9527096400903796,0.00424417
C_37900,test,0,0.28143991166898374,2.9093698e-14
C_37915,test,0,0.01876200963412732,0.04904494
C_37916,test,0,0.03559709803543777,2.4105051e-09
C_37918,test,0,0.00854621490501364,2.0248285e-06
C_37921,test,0,0.025876029695886052,7.5622706e-13
C_37922,test,0,0.10133544124921355,5.2561344e-10
C_37924,test,0,0.0045946324024272196,9.859649e-07
C_37925,test,0,0.005236600938531021,7.1023196e-17
C_37927,test,0,0.0026036727025389506,8.406034e-08
C_37929,test,0,0.0029606414988464784,2.935014e-14
C_37941,test,0,0.0015517225320066845,0.0700775
C_37953,test,0,0.0024166262742740746,0.00014801676
C_37957,test,0,0.03603335471767001,0.0053006196
C_37967,test,0,0.13054198648119958,6.5846245e-05
C_37985,test,0,0.0033731555464207776,0.29820377
C_37987,test,0,0.20721472863308826,6.118722e-08
C_37988,test,0,0.005216213556276695,0.0001669564
C_37996,test,0,0.0024214525164657752,3.3431164e-07
C_38002,test,0,0.5062730379250513,5.5656972e-05
C_38003,test,0,0.0182835793734538,4.884188e-06
C_38007,test,0,0.04842458259828579,6.7934605e-05
C_38010,test,0,0.11922327653693972,0.00034630642
C_38011,test,0,0.3850963381702334,1.7519675e-06
C_38017,test,0,0.07507623116996777,0.6078488
C_38018,test,0,0.07431160230681133,5.0300795e-09
C_38024,test,0,0.009523710236190173,0.00045918312
C_38027,test,0,0.5034909621819892,1.3974212e-16
C_38029,test,0,0.0025659818923557637,9.740443e-16
C_38033,test,0,0.006350825220039422,1.0813132e-08
C_38038,test,0,0.012174017565845009,7.818608e-05
C_38040,test,0,0.006856806141780314,0.0001625906
C_38063,test,0,0.014395157632301963,5.4575406e-07
C_38072,test,0,0.04191643383464501,1.5542111e-14
C_38073,test,0,0.6373177652884369,0.945872
C_38078,test,0,0.5584800885313612,0.0042279284
C_38098,test,0,0.006161335641721446,2.65539e-05
C_38102,test,0,0.09081600649686795,0.78108025
C_38105,test,0,0.10888616285070045,7.738247e-05
C_38112,test,0,0.0012533633908860641,7.895968e-07
C_38116,test,0,0.0076258646405332545,3.1402393e-05
C_38123,test,0,0.0027455818216597302,2.5918028e-09
C_38133,test,0,0.005216213556276695,2.8430654e-13
C_38137,test,0,0.8761689269385783,0.97151077
C_38142,test,0,0.07428567832432358,3.642378e-07
C_38148,test,0,0.002712170141063593,1.3767835e-11
C_38154,test,0,0.034695948696475604,2.4300748e-08
C_38158,test,0,0.46025162868142516,0.8590974
C_38167,test,0,0.1540664523784408,0.45992553
C_38169,test,0,0.003060058306863683,1.8250428e-17
C_38176,test,0,0.002551961369732428,5.550601e-06
C_38182,test,0,0.49587586609175527,1.5661157e-12
C_38189,test,0,0.26433591087658337,0.8865641
C_38197,test,0,0.026509966158054763,2.1639538e-05
C_38215,test,0,0.0010316162470185236,1.7935946e-06
C_38217,test,0,0.00407587695972266,2.0467225e-05
C_38220,test,0,0.45975224267012604,0.010854063
C_38225,test,0,0.0029606414988464784,7.425786e-05
C_38226,test,0,0.4885804970014033,0.007187348
C_38230,test,0,0.0535624495451143,1.2332512e-07
C_38231,test,0,0.11691510824098743,1.3224719e-08
C_38237,test,0,0.0015247030713683868,2.0615675e-05
C_38253,test,0,0.026680875837925166,0.00011003594
C_38254,test,0,0.0018684501928648118,0.0019027294
C_38257,test,0,0.0007825312214986767,0.00016818143
C_38258,test,0,0.009923456916255619,3.8710576e-05
C_38264,test,0,0.025788559998917927,1.14951045e-14
C_38275,test,0,0.05303749036924508,0.4595353
C_38285,test,0,0.25079076155932006,0.037147544
C_38288,test,0,0.0017631030616858943,0.016710196
C_38293,test,0,0.004018428204119727,2.5294727e-05
C_38313,test,0,0.3309453291755507,0.96387255
C_38339,test,0,0.21957395547683603,0.7972292
C_38345,test,0,0.005917675340739698,2.2463846e-08
C_38354,test,0,0.013697268879384385,7.970672e-20
C_38370,test,0,0.6860633529977563,0.000107986314
C_38372,test,0,0.06586002703700308,1.2291084e-08
C_38378,test,0,0.030879437877953272,0.013506673
C_38381,test,0,0.9357271547993804,0.7957374
C_38423,test,0,0.8734445099441209,0.95983285
C_38425,test,0,0.053388641150647,0.44968665
C_38441,test,0,0.0029606414988464784,1.7192786e-05
C_38448,test,0,0.010723479172885055,6.6685054e-08
C_38455,test,0,0.067037366477571,1.5503705e-06
C_38456,test,0,0.5298706136227727,2.4962823e-15
C_38477,test,0,0.014745752906757689,1.2355747e-08
C_38479,test,0,0.06646479718990567,3.0847722e-12
C_38486,test,0,0.004721484269352558,1.3824814e-05
C_38499,test,0,0.8684988263901395,0.98865974
C_38507,test,0,0.5688601397904753,5.499138e-12
C_38520,test,0,0.022726123146494578,6.5369146e-13
C_38533,test,0,0.1950428730059113,0.71502787
C_38534,test,0,0.06769089979714155,1.6108793e-07
C_38538,test,0,0.0654343778158723,0.5993433
C_38539,test,0,0.004152692780641034,2.6161662e-05
C_38546,test,0,0.016291634243052692,1.0002722e-20
C_38554,test,0,0.07599558606563979,2.3517158e-10
C_38557,test,0,0.029414089724417527,3.2084665e-10
C_38558,test,0,0.18203763242560883,0.009922496
C_38565,test,0,0.004197115565672536,8.904268e-08
C_38574,test,0,0.6539875326884401,5.772858e-09
C_38575,test,0,0.08569475965137102,3.936735e-07
C_38588,test,0,0.0063655438417903,3.4820074e-05
C_38604,test,0,0.015052450268979028,4.4553384e-14
C_38609,test,0,0.7800800005323165,0.84157276
C_38613,test,0,0.0035780089699177686,4.5525375e-10
C_38624,test,0,0.00160832675549115,2.8518548e-08
C_38644,test,0,0.0063655438417903,3.49249e-05
C_38652,test,0,0.3728151409859626,0.84761703
C_38653,test,0,0.5353025855286152,2.7931348e-11
C_38658,test,0,0.006156524828061369,2.1609823e-05
C_38666,test,0,0.013996148796087536,3.4399327e-05
C_38682,test,0,0.0022006255546761634,1.7224134e-14
C_38686,test,0,0.029885330914582828,1.5044671e-13
C_38689,test,0,0.007437601057326444,2.9238977e-12
C_38690,test,0,0.0029195211390308576,2.3005488e-10
C_38697,test,0,0.3198216082321894,2.9486756e-07
C_38708,test,0,0.0028076480234739683,1.1566287e-08
C_38710,test,0,0.03512737275657372,1.8080304e-10
C_38732,test,0,0.00020843145560247108,4.289136e-11
C_38733,test,0,0.2050176204225967,0.83751523
C_38743,test,0,0.09168581254256487,0.53477657
C_38749,test,0,0.2183074713134414,0.0022763698
C_38751,test,0,0.47026325054234547,0.99842095
C_38765,test,0,0.2433743251950435,0.70179635
C_38784,test,0,0.15419691716875475,8.644497e-12
C_38801,test,0,0.018216615252876527,2.4432737e-12
C_38804,test,0,0.0075468048840892175,3.3044062e-27
C_38805,test,0,0.5708233179980335,3.189206e-13
C_38806,test,0,0.31201267640524827,1.1781708e-23
C_38833,test,0,0.495588233997655,1.1921687e-14
C_38835,test,0,0.007353009212350164,2.2178004e-16
C_38847,test,0,0.5750425085230956,0.5443178
C_38861,test,0,0.4336983437064657,5.6398618e-05
C_38862,test,0,0.11442600193230254,0.88768923
C_38863,test,0,0.28143991166898374,3.45954e-13
C_38867,test,0,0.9175712184332185,7.1776574e-13
C_38871,test,0,0.2176875709857791,0.7387566
C_38886,test,0,0.11546933287096443,0.0017812778
C_38894,test,0,0.29000197905836933,0.09569029
C_38902,test,0,0.06484521780724306,0.69911766
C_38903,test,0,0.08088154244344765,0.004224064
C_38905,test,0,0.011694661989130158,7.157455e-07
C_38920,test,0,0.029531251331247718,4.3298237e-06
C_38923,test,0,0.0028076480234739683,2.6148236e-08
C_38937,test,0,0.001695564139898838,3.3790054e-10
C_38938,test,0,0.2631724904910891,2.0394005e-05
C_38940,test,0,0.20404864860822722,0.004221425
C_38954,test,0,0.17919198691002688,0.96598625
C_38969,test,0,0.0022918062974880914,0.006504045
C_38973,test,0,0.1002284033880012,4.4865743e-18
C_38977,test,0,0.18209163893507854,0.52570707
C_38980,test,0,0.13106858327250767,4.8281832e-05
C_38995,test,0,0.15841906219152596,0.0026265625
C_38996,test,0,0.5085666503382473,0.019563332
C_38999,test,0,0.0008518758975264496,4.8834335e-07
C_39000,test,0,0.06340831407725737,1.992886e-13
C_39006,test,0,0.2740520052574516,2.0719763e-05
C_39011,test,0,0.018579120281580392,6.0098015e-16
C_39022,test,0,0.022414125363135622,0.2389356
C_39024,test,0,0.026182585431132246,2.505399e-14
C_39033,test,0,0.43349891537381313,9.747495e-18
C_39035,test,0,0.056963634765826034,0.20126234
C_39086,test,0,0.07839301365464985,0.010723821
C_39090,test,0,0.01559324892641014,0.08573851
C_39094,test,0,0.0028540454412815217,0.077488214
C_39098,test,0,0.02867173178893259,0.37268138
C_39101,test,0,0.26812601374628214,0.82626814
C_39122,test,0,0.002175751476759255,1.5438548e-11
C_39124,test,0,0.10752496773962165,0.94102705
C_39138,test,0,0.01512505593261786,4.08936e-18
C_39139,test,0,0.002784812822902772,1.0681337e-06
C_39142,test,0,0.10782755349798664,0.8399179
C_39148,test,0,0.005231516287636099,7.2275054e-11
C_39150,test,0,0.004152692780641034,2.1169457e-05
C_39155,test,0,0.002848490830566139,5.278131e-08
C_39163,test,0,0.0029606414988464784,2.4891234e-14
C_39164,test,0,0.12114108132801696,0.99575484
C_39165,test,0,0.21258200857114665,0.91774184
C_39172,test,0,0.6936781907976495,0.9107341
C_39175,test,0,0.39952257834401944,0.00074234826
C_39189,test,0,0.003920714682922612,3.5591015e-08
C_39190,test,0,0.002551961369732428,0.00012618882
C_39195,test,0,0.4745358227862529,0.80299664
C_39197,test,0,0.0386457279689566,4.4432875e-14
C_39210,test,0,0.0028076480234739683,9.418304e-07
C_39214,test,0,0.003085433205414062,2.6922916e-07
C_39218,test,0,0.004197115565672536,7.724401e-05
C_39226,test,0,0.010985657489540878,7.660308e-16
C_39234,test,0,0.006156524828061369,2.11467e-05
C_39238,test,0,0.01882162262471517,1.2109917e-17
C_39239,test,0,0.6602755307248509,0.6665302
C_39246,test,0,0.07527834682670358,9.759468e-12
C_39248,test,0,0.39463256766639804,0.9519085
C_39252,test,0,0.11764343146981779,3.3119917e-07
C_39264,test,0,0.28984519425700045,0.98153555
C_39267,test,0,0.1542055417516137,0.13009253
C_39273,test,0,0.007529133190965516,3.408818e-05
C_39275,test,0,0.1909046220399937,0.110471755
C_39279,test,0,0.026637403563920685,0.062815785
C_39287,test,0,0.0032597874474615774,0.47812837
C_39302,test,0,0.0046088232352543956,2.42122e-05
C_39304,test,0,0.5771496998877167,0.17183208
C_39315,test,0,0.1799348781224688,0.02903184
C_39322,test,0,0.12720490977361984,3.5924344e-14
C_39332,test,0,0.3742439910899382,0.0010026734
C_39344,test,0,0.0047575560331132504,2.8598553e-05
C_39354,test,0,0.049041914303971784,0.0016401174
C_39358,test,0,0.266945714258426,2.0033095e-09
C_39360,test,0,0.09070202165447139,0.2941123
C_39361,test,0,0.26692504266456063,0.36374792
C_39362,test,0,0.005917675340739698,5.172431e-07
C_39368,test,0,0.05019065175357251,1.1039554e-05
C_39370,test,0,0.8797234431037951,0.904563
C_39371,test,0,0.011205045116017567,7.8022276e-22
C_39372,test,0,0.9119048067855737,4.1519495e-08
C_39376,test,0,0.005771091651397752,2.342931e-14
C_39399,test,0,0.7009495446027318,4.753236e-09
C_39404,test,0,0.0011041717271598269,8.09707e-13
C_39405,test,0,0.0025816035036477277,2.7298962e-05
C_39413,test,0,0.14813313154098864,0.00086769037
C_39420,test,0,0.005205259044140542,1.0429367e-10
C_39432,test,0,0.12111422757999141,0.025849875
C_39436,test,0,0.16392321389105116,0.8858355
C_39440,test,0,0.002784812822902772,3.6177403e-06
C_39443,test,0,0.0663499142213248,1.120977e-15
C_39460,test,0,0.004961757560973315,4.1517283e-19
C_39474,test,0,0.002812294441232585,3.5377077e-08
C_39487,test,0,0.0054113536500925985,2.6638794e-05
C_39491,test,0,0.08261670515532915,6.91935e-07
C_39501,test,0,0.3685390105564726,0.47317863
C_39503,test,0,0.004018428204119727,4.5578698e-26
C_39504,test,0,0.43901907654811284,0.0011587115
C_39509,test,0,0.030235435627683646,9.424662e-19
C_39513,test,0,0.4103696019368178,1.6199834e-08
C_39514,test,0,0.0035522118101037215,4.735064e-10
C_39524,test,0,0.12964043310120615,0.025654469
C_39527,test,0,0.2135395670722086,8.954088e-11
C_39532,test,0,0.024985167065736186,0.0011894549
C_39533,test,0,0.0022582445482674084,3.3943186e-07
C_39539,test,0,0.01195568125839136,1.086343e-05
C_39540,test,0,0.7206147234852891,0.90648305
C_39541,test,0,0.2823333702413746,0.90828377
C_39552,test,0,0.005400692123719876,4.983301e-05
C_39555,test,0,0.1701749716816281,0.97915864
C_39557,test,0,0.6884928785690639,2.417218e-06
C_39559,test,0,0.007834068218584246,2.0450205e-16
C_39560,test,0,0.626086111567994,0.9464024
C_39564,test,0,0.0660085705812356,1.231462e-08
C_39572,test,0,0.10178291107303399,0.0019230711
C_39579,test,0,0.159653026604331,1.4878958e-09
C_39581,test,0,0.0320088611565641,1.1820264e-06
C_39582,test,0,0.17369384078821765,6.518478e-16
C_39588,test,0,0.00423595223370623,4.2270825e-17
C_39590,test,0,0.004197115565672536,4.782165e-12
C_39595,test,0,0.28414786721600516,6.4079913e-06
C_39601,test,0,0.0711177281013622,5.4561022e-09
C_39616,test,0,0.00298411562176705,1.0390298e-09
C_39619,test,0,0.004914801749905312,1.09925194e-10
C_39637,test,0,0.6464424917934881,1.4376707e-14
C_39642,test,0,0.00383424999858564,3.0747394e-08
C_39657,test,0,0.004197115565672536,1.7902764e-09
C_39659,test,0,0.19554073411751405,1.0340116e-06
C_39667,test,0,0.10515666660854657,1.8113588e-09
C_39671,test,0,0.006057444836247177,1.4833294e-07
C_39672,test,0,0.0029606414988464784,5.2987223e-14
C_39688,test,0,0.02555025949966483,8.0512296e-19
C_39696,test,0,0.014267686267447142,0.00050074165
C_39704,test,0,0.05091164033471976,2.9835923e-07
C_39705,test,0,0.00965915546245358,3.6421945e-05
C_39715,test,0,0.8787014231335752,0.9464782
C_39718,test,0,0.8477289449736675,0.9831141
C_39719,test,0,0.011916304418523703,0.0009556003
C_39728,test,0,0.8397440403155924,0.5311934
C_39734,test,0,0.0033731555464207776,2.3456367e-05
C_39737,test,0,0.5506309355923423,1.899183e-12
C_39739,test,0,0.1552316076421475,3.1573746e-10
C_39741,test,0,0.0029195211390308576,2.1608996e-06
C_39744,test,0,0.019568979569507646,0.13893807
C_39745,test,0,0.010698006597595728,0.22169669
C_39760,test,0,0.07399730902275167,0.6729953
C_39762,test,0,0.4713569287527226,5.0954865e-11
C_39773,test,0,0.01635964430564815,5.1074588e-17
C_39781,test,0,0.05078176838759243,0.92298454
C_39791,test,0,0.0801325456453662,2.9959635e-10
C_39793,test,0,0.005917675340739698,1.034881e-15
C_39801,test,0,0.004197115565672536,0.00010274683
C_39828,test,0,0.4725010448105599,0.67578954
C_39833,test,0,0.013084787924215293,0.024621973
C_39864,test,0,0.010876659109409914,7.8385954e-14
C_39869,test,0,0.2618579983654998,2.6260102e-11
C_39877,test,0,0.0019572986103319886,1.0268619e-13
C_39885,test,0,0.0568341380468547,0.7204439
C_39887,test,0,0.027387879639185903,0.0005460932
C_39891,test,0,0.0029195211390308576,5.426598e-07
C_39898,test,0,0.0028076480234739683,1.489398e-06
C_39901,test,0,0.009466793615874004,6.428715e-08
C_39902,test,0,0.12085899238461795,0.85694414
C_39906,test,0,0.0669578557582472,0.32733756
C_39911,test,0,0.0028076480234739683,1.2486824e-13
C_39912,test,0,0.024811488546889693,5.590955e-05
C_39919,test,0,0.18122152152110588,1.6273893e-14
C_39921,test,0,0.009383298429879802,0.002231768
C_39924,test,0,0.005216213556276695,3.1212534e-05
C_39933,test,0,0.003990670161178941,0.24084847
C_39935,test,0,0.011541099120274843,1.8767289e-18
C_39939,test,0,0.7830651678667732,1.2291019e-11
C_39940,test,0,0.26469390393751807,0.00039616428
C_39958,test,0,0.0033342616610360473,0.34187406
C_39960,test,0,0.4270782187379271,2.2362945e-09
C_39963,test,0,0.008420953510319054,1.8292383e-10
C_39969,test,0,0.008749367494289527,1.831164e-05
C_39972,test,0,0.03099226873184562,6.082992e-06
C_39981,test,0,0.050965877585161495,0.19862235
C_39985,test,0,0.46851374900804016,5.054815e-17
C_39988,test,0,0.0027635776822285503,0.4035774
C_39990,test,0,0.056224910263062915,0.0008631212
C_39991,test,0,0.16361263006115445,7.5540884e-06
C_40012,test,0,0.8336137793710554,0.6474782
C_40014,test,0,0.27583623674749386,5.5663465e-09
C_40021,test,0,0.0017328930658355838,0.008454551
C_40028,test,0,0.7462174422793775,0.9049936
C_40032,test,0,0.0032316403123403923,1.800575e-19
C_40037,test,0,0.004197115565672536,1.3235953e-11
C_40038,test,0,0.011578866527044525,4.635605e-17
C_40040,test,0,0.0038158298233877384,1.5901552e-10
C_40043,test,0,0.0012107651565431002,0.030998508
C_40061,test,0,0.039814507329127544,3.1598676e-05
C_40067,test,0,0.1902767467529383,7.17809e-06
C_40069,test,0,0.0473244644283521,0.596462
C_40073,test,0,0.009192681398520091,2.9601755e-12
C_40078,test,0,0.004602008641293844,0.0015870604
C_40091,test,0,0.013046609614318713,1.4328809e-09
C_40096,test,0,0.3591966983651785,0.65177995
C_40101,test,0,0.024127582347023873,0.033895504
C_40106,test,0,0.018908771491832642,1.7983288e-06
C_40115,test,0,0.004500284398208156,2.4199597e-05
C_40118,test,0,0.007463268634360629,9.09006e-08
C_40125,test,0,0.0038912086059815203,1.9501505e-05
C_40127,test,0,0.006118718644313034,0.17779696
C_40129,test,0,0.8448289934508775,0.9668356
C_40155,test,0,0.39159125901053066,4.1551026e-05
C_40170,test,0,0.006723289167746983,2.94545e-05
C_40171,test,0,0.5863171090232155,4.2793113e-16
C_40173,test,0,0.0035522118101037215,1.1390746e-12
C_40198,test,0,0.002641556144337113,2.1549387e-13
C_40199,test,0,0.0027455818216597302,5.8480214e-07
C_40210,test,0,0.0037598819270042746,1.4727404e-05
C_40216,test,0,0.0029606414988464784,1.9470917e-06
C_40220,test,0,0.13293542209919149,0.0005049064
C_40226,test,0,0.004602008641293844,3.9083358e-11
C_40234,test,0,0.015174522372131686,6.139508e-07
C_40238,test,0,0.010722438960585156,3.7205706e-15
C_40239,test,0,0.0006309743042835454,0.00037766708
C_40241,test,0,0.0882696830245889,0.00047671032
C_40251,test,0,0.002255371314193092,0.0008513125
C_40253,test,0,0.5819739544337894,0.8264826
C_40263,test,0,0.6341666468041106,1.3125042e-14
C_40264,test,0,0.15926928290003048,2.0972768e-13
C_40265,test,0,0.0558654923154297,0.2913315
C_40267,test,0,0.0029195211390308576,3.1323767e-23
C_40271,test,0,0.7966251355061652,1.6969897e-12
C_40278,test,0,0.0680297122436123,0.25467947
C_40280,test,0,0.845662678302799,0.99885845
C_40291,test,0,0.01538146692670653,5.3042777e-06
C_40293,test,0,0.06566078060555126,1.0558104e-10
C_40298,test,0,0.021444119881035305,4.556079e-11
C_40300,test,0,0.0023651480411204773,0.0022015444
C_40310,test,0,0.038165649805496915,2.115209e-14
C_40312,test,0,0.06688294531920687,3.8428752e-06
C_40340,test,0,0.00383424999858564,9.508463e-07
C_40341,test,0,0.0047575560331132504,2.461009e-05
C_40350,test,0,0.022314286323540305,0.0012857413
C_40354,test,0,0.5035964181704238,2.4195073e-05
C_40356,test,0,0.022710363752899334,4.1189264e-06
C_40368,test,0,0.0009878567356690923,5.726948e-06
C_40371,test,0,0.054752392898237794,0.006560755
C_40389,test,0,0.6204068574519191,0.9566497
C_40395,test,0,0.01745046608490596,0.06722727
C_40409,test,0,0.0005197895891564109,6.7461274e-06
C_40410,test,0,0.002551961369732428,3.318909e-12
C_40423,test,0,0.002383043684418522,7.9540735e-16
C_40427,test,0,0.16552377134551313,4.847068e-13
C_40429,test,0,0.08241325235837385,4.228664e-09
C_40432,test,0,0.5217021031093014,1.1615098e-06
C_40433,test,0,0.04517671137330708,2.717452e-05
C_40449,test,0,0.0021717435266957823,7.444241e-11
C_40454,test,0,0.08404861473286677,0.5888551
C_40459,test,0,0.13559691679861444,6.075511e-11
C_40467,test,0,0.047578446656228665,0.3704619
C_40484,test,0,0.005216213556276695,1.6895092e-09
C_40504,test,0,0.7704818798321478,7.4700704e-11
C_40517,test,0,0.01616044806471529,7.8624396e-07
C_40526,test,0,0.6382900287860025,0.87129074
C_40527,test,0,0.0032316403123403923,2.6418594e-08
C_40544,test,0,0.002290660047872393,0.261381
C_40552,test,0,0.13869653586437589,3.106314e-10
C_40561,test,0,0.004197115565672536,1.3236848e-13
C_40564,test,0,0.0046970358761317995,3.046987e-05
C_40567,test,0,0.7973884115544732,0.948858
C_40573,test,0,0.20780255847188325,9.203788e-09
C_40579,test,0,0.0383397431641975,9.082989e-08
C_40586,test,0,0.006156524828061369,1.7169716e-05
C_40587,test,0,0.17686361161439865,0.00552701
C_40591,test,0,0.006151887830528984,0.85183686
C_40597,test,0,0.028001944742249426,0.52384603
C_40599,test,0,0.007752405398718205,5.9004568e-12
C_40608,test,0,0.006916294690561605,0.41468832
C_40617,test,0,0.1688026282588867,0.4712018
C_40618,test,0,0.02940787940830766,0.45651704
C_40631,test,0,0.18011428830072718,3.9053943e-10
C_40634,test,0,0.011333342714752467,2.2914781e-11
C_40645,test,0,0.0028076480234739683,2.8511931e-05
C_40658,test,0,0.23780171873468886,4.2724256e-17
C_40663,test,0,0.0028076480234739683,4.421603e-10
C_40667,test,0,0.047245767014876004,7.534904e-07
C_40669,test,0,0.8424010778523155,0.07508761
C_40670,test,0,0.055388515823548576,8.039755e-06
C_40677,test,0,0.001857532589852872,2.2242058e-12
C_40680,test,0,0.0029606414988464784,0.00035500192
C_40687,test,0,0.02996992968789418,0.7463473
C_40693,test,0,0.016035013142086368,2.5369016e-13
C_40709,test,0,0.04681463634361395,1.2081373e-14
C_40723,test,0,0.005236600938531021,9.218656e-23
C_40726,test,0,0.20441885262653386,3.0433956e-08
C_40729,test,0,0.7667919175390829,0.0027013663
C_40731,test,0,0.07332403883854155,0.9719258
C_40742,test,0,0.5375093951757465,3.9690937e-12
C_40750,test,0,0.09104343470722172,0.20400476
C_40754,test,0,0.2511799879620724,1.1250006e-13
C_40757,test,0,0.011445513771322266,5.9977555e-07
C_40776,test,0,0.016140863061617862,0.16357337
C_40789,test,0,0.08979706026700114,0.9013642
C_40790,test,0,0.00954571166830489,0.79921395
C_40796,test,0,0.07180363883508868,3.001477e-10
C_40802,test,0,0.004190320828789699,0.00017002487
C_40812,test,0,0.0076409280194015645,1.2128415e-06
C_40828,test,0,0.004500284398208156,2.8551463e-05
C_40830,test,0,0.0035547356477204435,3.3217424e-05
C_40846,test,0,0.5625651515391931,2.7145904e-07
C_40851,test,0,0.08351135049476985,4.577182e-08
C_40880,test,0,0.002352509093668899,4.5580073e-08
C_40885,test,0,0.0037598819270042746,1.6323846e-05
C_40890,test,0,0.02684704849803898,9.278415e-06
C_40893,test,0,0.08296820009263325,0.76800776
C_40901,test,0,0.011167023467400625,1.1846242e-12
C_40902,test,0,0.3625282562445036,2.1217377e-15
C_40907,test,0,0.019625677359808243,0.17973475
C_40916,test,0,0.09697949435184339,0.94143504
C_40921,test,0,0.004197115565672536,7.496469e-09
C_40922,test,0,0.0023878030193823178,3.464496e-11
C_40930,test,0,0.00829039604954754,5.9526367e-19
C_40935,test,0,0.007750690189997053,0.6792848
C_40936,test,0,0.02174585465816403,0.90146726
C_40937,test,0,0.15680444302789198,1.9387944e-06
C_40940,test,0,0.020940696578942958,0.00018420002
C_40943,test,0,0.17794566902772538,5.3499694e-05
C_40970,test,0,0.03893384671002069,6.89696e-05
C_40987,test,0,0.00265940915863364,0.03550163
C_40994,test,0,0.16826127122564413,0.1823209
C_40995,test,0,0.00555556607400374,0.058538284
C_41002,test,0,0.04691400049561931,1.5128485e-05
C_41005,test,0,0.08149700978274488,7.8514066e-05
C_41016,test,0,0.9159517385323491,2.7329086e-09
C_41019,test,0,0.22223154207291648,2.5112692e-14
C_41023,test,0,0.0032316403123403923,2.4287495e-08
C_41029,test,0,0.05665849098825066,0.00279765
C_41030,test,0,0.10959087507333415,8.845083e-10
C_41032,test,0,0.009720658353414074,3.336219e-05
C_41033,test,0,0.0028076480234739683,3.373289e-06
C_41038,test,0,0.11729094296020028,0.0008383963
C_41039,test,0,0.5375093951757465,0.0011529729
C_41041,test,0,0.01615243107373542,0.43576655
C_41044,test,0,0.01643764845964358,1.0280491e-10
C_41047,test,0,0.04506330528140461,3.6626484e-24
C_41048,test,0,0.0046970358761317995,2.7214302e-05
C_41051,test,0,0.8794402455578175,0.95133895
C_41061,test,0,0.29499797801113564,0.87220377
C_41068,test,0,0.0045161958144945245,0.22168404
C_41086,test,0,0.0192361781963554,0.0006329372
C_41094,test,0,0.0075468048840892175,2.7131644e-11
C_41097,test,0,0.7293146638533193,0.89389056
C_41106,test,0,0.047415114143119844,5.3002343e-05
C_41110,test,0,0.056622631765099955,0.9473813
C_41132,test,0,0.020111887142762,0.00015703072
C_41134,test,0,0.004599568208727962,1.3915002e-09
C_41149,test,0,0.0032316403123403923,3.3962457e-13
C_41153,test,0,0.0028230786364694914,3.44375e-06
C_41155,test,0,0.062405077284960295,3.523643e-10
C_41164,test,0,0.7631797469193572,0.00029491098
C_41192,test,0,0.012367848049811333,1.721827e-05
C_41194,test,0,0.03115418752447755,1.4021767e-08
C_41196,test,0,0.4846633397672928,6.387383e-05
C_41199,test,0,0.013989824603181478,2.9304078e-06
C_41220,test,0,0.6414394055174848,0.50563705
C_41225,test,0,0.030778724177630255,1.0943833e-07
C_41233,test,0,0.002707440315387494,5.221852e-13
C_41234,test,0,0.0685029411595578,8.949002e-18
C_41257,test,0,0.0035923469352626513,2.4742198e-05
C_41259,test,0,0.11444595849483255,0.00043659878
C_41271,test,0,0.013051870180715127,8.322633e-11
C_41284,test,0,0.17059783556856134,2.3453504e-05
C_41289,test,0,0.15862148408539778,2.6047445e-11
C_41297,test,0,0.15025411446689182,1.3604137e-15
C_41314,test,0,0.015535316380985988,0.28634936
C_41334,test,0,0.020793182861789355,4.5006193e-08
C_41345,test,0,0.21602823812787764,5.2760775e-08
C_41351,test,0,0.19264388900823737,2.4039698e-14
C_41355,test,0,0.009853759447597506,1.0014094e-05
C_41360,test,0,0.010107571512639362,3.5132826e-13
C_41363,test,0,0.06283551802676908,1.2239066e-05
C_41367,test,0,0.6017869375542337,2.2980414e-05
C_41369,test,0,0.2222133660890626,0.00021128576
C_41370,test,0,0.5045604432210549,6.306512e-16
C_41372,test,0,0.5572320044040668,0.49560317
C_41391,test,0,0.07808159303092613,8.1030356e-07
C_41397,test,0,0.00310986698904187,6.7014157e-06
C_41399,test,0,0.11932493732271347,1.5087172e-06
C_41400,test,0,0.01529431493481641,0.020014219
C_41406,test,0,0.16504446866488337,1.0614225e-12
C_41409,test,0,0.007452097839812619,2.215877e-08
C_41410,test,0,0.042434053577607676,0.13863437
C_41413,test,0,0.06067237461786876,1.2101093e-05
C_41414,test,0,0.024672623391971068,3.3885444e-10
C_41436,test,0,0.2995053616182161,2.9327572e-07
C_41445,test,0,0.004322396847745181,0.3487613
C_41449,test,0,0.011389107202845502,4.810166e-16
C_41454,test,0,0.001104330725487698,1.2654868e-18
C_41463,test,0,0.4923626978471306,0.00026876046
C_41464,test,0,0.0037320984138816773,1.0737525e-11
C_41465,test,0,0.028005629653846904,0.00021857441
C_41485,test,0,0.020650175551212877,2.8174527e-05
C_41491,test,0,0.06344762708880185,8.247676e-16
C_41499,test,0,0.002657845773603566,2.4103267e-12
C_41518,test,0,0.018451178788372255,1.445086e-13
C_41526,test,0,0.006350825220039422,2.8053533e-13
C_41532,test,0,0.0026601911190807597,0.2862045
C_41534,test,0,0.7831964759601211,3.551233e-17
C_41559,test,0,0.270978172988397,0.9335017
C_41569,test,0,0.11500283898074357,0.26933777
C_41574,test,0,0.03306362516632571,1.9897745e-06
C_41575,test,0,0.789094794847387,6.2422245e-08
C_41576,test,0,0.00243453577105948,0.6910611
C_41581,test,0,0.8731682892203663,0.00090095814
C_41584,test,0,0.14771673925782408,0.87444204
C_41588,test,0,0.02169783463179607,3.935797e-15
C_41602,test,0,0.004947607766902245,5.553194e-10
C_41608,test,0,0.0037320984138816773,1.43303005e-05
C_41611,test,0,0.0026036727025389506,2.640188e-11
C_41615,test,0,0.27721371578841913,0.5750695
C_41619,test,0,0.01628731580682132,1.23298e-16
C_41632,test,0,0.010939524958759644,6.614001e-05
C_41635,test,0,0.5603013728813239,0.8802004
C_41640,test,0,0.5766460395187456,4.801139e-07
C_41644,test,0,0.2865134845151846,5.0892136e-06
C_41651,test,0,0.9258108683751144,0.77447057
C_41655,test,0,0.09613768546837842,5.269879e-13
C_41663,test,0,0.006763141755440326,0.06093329
C_41668,test,0,0.004330914265744888,3.6749803e-05
C_41684,test,0,0.0028076480234739683,1.1799517e-06
C_41685,test,0,0.13176970957677347,1.2214354e-09
C_41693,test,0,0.0271546417864892,3.3319837e-05
C_41698,test,0,0.014678684042934789,5.9531205e-05
C_41704,test,0,0.0028076480234739683,0.00015830138
C_41717,test,0,0.12887448800246024,3.011487e-07
C_41726,test,0,0.13895251769418313,3.82834e-09
C_41727,test,0,0.09920057284270324,0.9998462
C_41730,test,0,0.16862376983349384,0.0005481241
C_41743,test,0,0.052200096812764364,0.8636138
C_41750,test,0,0.01199500444179176,3.798983e-05
C_41755,test,0,0.46933373520684235,0.9367632
C_41757,test,0,0.155139873377589,0.9964819
C_41765,test,0,0.0029195211390308576,2.7102266e-07
C_41770,test,0,0.0022016024238952557,0.0025697262
C_41785,test,0,0.15255742262463365,3.456144e-09
C_41792,test,0,0.004334957692229412,0.0038331447
C_41797,test,0,0.0018528347985991489,2.900256e-10
C_41801,test,0,0.10893592075301341,9.907573e-10
C_41810,test,0,0.00802313102322142,0.12911804
C_41827,test,0,0.1770829806260627,0.89139414
C_41833,test,0,0.09075061030370547,0.00050223613
C_41840,test,0,0.48538086271536757,2.0438323e-07
C_41842,test,0,0.23430177779393896,0.0028779074
C_41843,test,0,0.0013853359040114821,0.000422582
C_41847,test,0,0.00383424999858564,0.0017171965
C_41849,test,0,0.14622132944725372,0.0314553
C_41863,test,0,0.9524566376330944,8.440825e-14
C_41877,test,0,0.06951211270208794,0.53499055
C_41881,test,0,0.01330660873816301,1.5751361e-08
C_41893,test,0,0.007636726596147976,0.0005876959
C_41901,test,0,0.0018998708758040798,0.24486408
C_41902,test,0,0.0044107956158445615,6.811289e-18
C_41929,test,0,0.3225905473164033,0.9889109
C_41936,test,0,0.004214239512482547,4.538032e-22
C_41938,test,0,0.3901980370603569,0.97104686
C_41940,test,0,0.00183140560383179,7.3103367e-13
C_41942,test,0,0.3181901505902166,0.5655076
C_41947,test,0,0.0032316403123403923,6.842162e-05
C_41948,test,0,0.0034910218234935637,2.2925213e-05
C_41957,test,0,0.023873052700754387,1.2796783e-15
C_41962,test,0,0.11157704843177708,3.4302337e-14
C_41971,test,0,0.7651301277703572,4.5235905e-11
C_41974,test,0,0.012805225652733515,3.9608665e-19
C_41981,test,0,0.12351315933107826,1.1966974e-07
C_41984,test,0,0.006463364722152366,0.0020420419
C_41986,test,0,0.00715315219518656,2.4152005e-08
C_41990,test,0,0.001562399801114154,4.968953e-10
C_41992,test,0,0.7788916798255505,0.87331736
C_41997,test,0,0.34161205826903945,5.109273e-06
C_42004,test,0,0.0029606414988464784,5.807367e-10
C_42008,test,0,0.00483810517859926,0.00010078586
C_42023,test,0,0.0019572986103319886,6.13719e-07
C_42025,test,0,0.14636451568224892,9.108628e-07
C_42026,test,0,0.003938342441811399,2.2405397e-05
C_42046,test,0,0.014149400136585336,0.0017136649
C_42049,test,0,0.501839982110443,8.081911e-11
C_42061,test,0,0.0047575560331132504,2.4468158e-05
C_42077,test,0,0.562211544380071,0.9990145
C_42079,test,0,0.006286572095483698,0.00010423341
C_42093,test,0,0.005775192969616728,0.0012142749
C_42098,test,0,0.06132748590424654,0.0061392705
C_42101,test,0,0.0794843204899821,7.455704e-07
C_42102,test,0,0.019854665092423823,2.8591518e-05
C_42113,test,0,0.2844021817981701,1.5122411e-05
C_42131,test,0,0.024311313656751,0.35801864
C_42139,test,0,0.031070240229619114,0.109553315
C_42140,test,0,0.0770004052664319,3.7607342e-10
C_42153,test,0,0.7926119928105718,2.6731752e-11
C_42158,test,0,0.006830384593697984,1.2638668e-09
C_42184,test,0,0.05331743151571863,2.4589808e-13
C_42186,test,0,0.004468495615213973,1.9963165e-05
C_42188,test,0,0.032264036856992695,1.2842754e-11
C_42204,test,0,0.005718100457589407,2.1614541e-10
C_42206,test,0,0.03383274759816261,3.434364e-05
C_42207,test,0,0.12278379217686343,0.87567616
C_42215,test,0,0.07288002870402582,0.7131892
C_42230,test,0,0.003938342441811399,2.2219976e-05
C_42232,test,0,0.5756146112456872,6.180475e-09
C_42235,test,0,0.004484618422213418,8.9428984e-17
C_42236,test,0,0.0029606414988464784,1.2622128e-11
C_42245,test,0,0.002707440315387494,1.6805869e-06
C_42249,test,0,0.09380614305101526,1.5147416e-08
C_42252,test,0,0.30793474468584936,9.102531e-09
C_42253,test,0,0.24297644553476314,0.06302472
C_42265,test,0,0.02268217282771596,0.0102451295
C_42267,test,0,0.2567226196596093,0.0011183427
C_42280,test,0,0.183274391531303,7.743635e-05
C_42300,test,0,0.046557867724316415,0.38483375
C_42309,test,0,0.55416875153736,0.0015764184
C_42318,test,0,0.8172039148809198,0.8022752
C_42324,test,0,0.2532718131206033,0.0075186323
C_42332,test,0,0.0037598819270042746,1.7229764e-05
C_42336,test,0,0.31062527588998096,5.2038647e-17
C_42340,test,0,0.009404978566307188,3.576717e-05
C_42344,test,0,0.006350825220039422,4.450572e-11
C_42352,test,0,0.16152068819671653,0.0039639627
C_42354,test,0,0.027840188213836957,1.2095161e-14
C_42360,test,0,0.08737351808117126,0.00015884402
C_42372,test,0,0.08259047512125575,4.0632872e-16
C_42375,test,0,0.010335069123790978,0.6711592
C_42391,test,0,0.01071257289758914,3.0253323e-05
C_42394,test,0,0.02660871866450746,9.234844e-05
C_42397,test,0,0.06484521780724306,0.69967467
C_42399,test,0,0.005068387992822094,3.4118708e-11
C_42403,test,0,0.09742686883767736,0.55486
C_42405,test,0,0.02757726017171692,0.33001015
C_42412,test,0,0.037564543015493786,0.00011379225
C_42417,test,0,0.003278034745739941,3.7026715e-09
C_42429,test,0,0.005216213556276695,5.3096952e-05
C_42431,test,0,0.7815866448539035,1.5415222e-10
C_42433,test,0,0.07055795529626627,0.0040021464
C_42438,test,0,0.01506761212931204,6.514622e-05
C_42448,test,0,0.01563780315795989,0.026017033
C_42449,test,0,0.0025511917046790542,0.7064679
C_42452,test,0,0.0029195211390308576,1.112461e-05
C_42455,test,0,0.2337819858760514,0.59666973
C_42459,test,0,0.09718321963108217,2.6049446e-10
C_42462,test,0,0.20099398680328479,6.5503623e-06
C_42469,test,0,0.020059497800783158,2.4695163e-07
C_42475,test,0,0.006442380996040132,1.1115637e-12
C_42477,test,0,0.4141197504027715,2.7543848e-07
C_42479,test,0,0.015900839182856466,7.340814e-07
C_42485,test,0,0.026462088420946345,5.846695e-08
C_42490,test,0,0.5147604634510526,8.225306e-08
C_42493,test,0,0.08967350305236202,0.04131219
C_42495,test,0,0.6799600253103844,0.88477474
C_42508,test,0,0.0217214959909329,0.330052
C_42511,test,0,0.12642492110943804,0.7092898
C_42513,test,0,0.028036974780664456,2.726103e-05
C_42514,test,0,0.002707440315387494,1.4246252e-22
C_42517,test,0,0.48367159205630306,0.04764589
C_42519,test,0,0.09167757365374976,9.243391e-05
C_42529,test,0,0.0028076480234739683,4.7554474e-17
C_42534,test,0,0.01138092678357459,2.0044621e-05
C_42536,test,0,0.08730037020510449,2.2818001e-11
C_42554,test,0,0.25088350222368183,1.0922309e-05
C_42555,test,0,0.5329214117125318,1.098963e-17
C_42558,test,0,0.061133677401861354,0.010165358
C_42567,test,0,0.7892700161994259,5.3429297e-14
C_42572,test,0,0.0996740387495998,1.1498844e-12
C_42580,test,0,0.3550718643304018,1.7058842e-09
C_42587,test,0,0.5647494014417318,0.75048697
C_42589,test,0,0.002848490830566139,1.7768106e-18
C_42591,test,0,0.0038925896226934416,6.144939e-21
C_42592,test,0,0.004216036690461816,0.10453087
C_42596,test,0,0.06659899466162494,0.69482017
C_42598,test,0,0.009404978566307188,3.2635315e-05
C_42600,test,0,0.84830630717989,9.909691e-17
C_42604,test,0,0.0017318663349426518,0.020457916
C_42607,test,0,0.9603817728187272,1.4865347e-12
C_42608,test,0,0.08333611789401671,4.880561e-06
C_42615,test,0,0.09945681413268516,0.02933567
C_42631,test,0,0.18896669341088543,0.99627304
C_42634,test,0,0.24679447304986601,0.8438224
C_42635,test,0,0.232497281326273,0.007476288
C_42638,test,0,0.004152692780641034,2.6806913e-05
C_42643,test,0,0.06924940503442797,7.781665e-13
C_42648,test,0,0.37762879681430417,8.965754e-06
C_42652,test,0,0.002175751476759255,7.303511e-12
C_42654,test,0,0.0028076480234739683,2.2254956e-06
C_42657,test,0,0.0029606414988464784,0.0001228449
C_42661,test,0,0.1314008984195579,0.64970344
C_42671,test,0,0.004152692780641034,2.5109854e-05
C_42683,test,0,0.004152692780641034,2.202525e-05
C_42685,test,0,0.009523710236190173,5.663575e-06
C_42705,test,0,0.14838165648077814,0.58315504
C_42715,test,0,0.010152859090612367,0.00027811818
C_42717,test,0,0.0075468048840892175,3.1971984e-12
C_42721,test,0,0.04650981799943126,0.054242045
C_42724,test,0,0.0032316403123403923,3.3143922e-12
C_42730,test,0,0.004501663676451288,2.0387351e-06
C_42745,test,0,0.10264125798182493,8.608953e-09
C_42752,test,0,0.17984041299451117,0.7367905
C_42759,test,0,0.011694661989130158,1.4899043e-05
C_42763,test,0,0.054220335841982534,0.24347469
C_42771,test,0,0.005358115106774545,1.575497e-15
C_42799,test,0,0.0022962578846993952,0.0026692231
C_42820,test,0,0.0038912086059815203,1.7772822e-05
C_42830,test,0,0.1487600866680686,0.76220673
C_42832,test,0,0.015450541033462413,3.7161335e-10
C_42836,test,0,0.028161569047717,1.4763572e-05
C_42844,test,0,0.03201221879747393,0.00013122184
C_42845,test,0,0.029224868590515003,1.6836328e-05
C_42855,test,0,0.18096009104907623,0.9273216
C_42863,test,0,0.046998395401789454,1.2792865e-17
C_42865,test,0,0.7276884931745801,1.0638571e-15
C_42870,test,0,0.002055506104829,8.909435e-05
C_42874,test,0,0.07916447287070633,6.0602724e-05
C_42879,test,0,0.05335340908136821,0.47012448
C_42884,test,0,0.005564398456219906,4.4814805e-09
C_42892,test,0,0.003897732415717932,0.4683012
C_42908,test,0,0.007994801303955149,8.7534896e-23
C_42910,test,0,0.14661336076432088,0.99170154
C_42927,test,0,0.08002024041311166,0.77572644
C_42929,test,0,0.06732752457845362,1.8484907e-13
C_42931,test,0,0.037131129292227005,0.48269832
C_42946,test,0,0.003920714682922612,0.00016921878
C_42949,test,0,0.01027772725962053,1.77507e-10
C_42961,test,0,0.018569327753128355,0.02572708
C_42963,test,0,0.004721484269352558,4.874248e-10
C_42971,test,0,0.6177281292578679,7.647798e-08
C_42974,test,0,0.00411189602216413,6.198093e-15
C_42975,test,0,0.0028918359536165327,1.2280192e-07
C_42992,test,0,0.008695444891827615,0.00016109693
C_42994,test,0,0.14412144276919267,5.781285e-05
C_42998,test,0,0.004490959344750178,2.098622e-05
C_43002,test,0,0.006767732434668053,3.358558e-05
C_43006,test,0,0.1319704454553679,5.196089e-07
C_43015,test,0,0.002786201998781315,0.3879765
C_43016,test,0,0.0028076480234739683,5.3536543e-05
C_43024,test,0,0.0029642596590212194,1.0055935e-06
C_43026,test,0,0.009987113733870727,1.5988775e-05
C_43037,test,0,0.542165067686312,2.7783718e-09
C_43044,test,0,0.4644351310853149,4.901767e-15
C_43051,test,0,0.12953065252636997,4.7469438e-11
C_43055,test,0,0.006299959266988621,0.029071614
C_43059,test,0,0.018689857496834307,0.0071842927
C_43074,test,0,0.042451956897052064,8.476324e-09
C_43084,test,0,0.0029195211390308576,5.7631437e-09
C_43086,test,0,0.005628804205231709,0.74722
C_43097,test,0,0.01099556278315122,3.540892e-05
C_43101,test,0,0.847699777205613,6.795575e-07
C_43106,test,0,0.12361859960158267,0.9606371
C_43119,test,0,0.0067125389222466286,0.7332093
C_43120,test,0,0.0029606414988464784,9.925709e-06
C_43127,test,0,0.006723289167746983,3.072891e-05
C_43136,test,0,0.004197115565672536,2.1098006e-07
C_43145,test,0,0.00483810517859926,1.7212944e-06
C_43154,test,0,0.010722438960585156,2.561464e-14
C_43159,test,0,0.18210556983995685,0.011366777
C_43162,test,0,0.2704671842371984,0.6686055
C_43188,test,0,0.0073311731657455135,1.7372682e-05
C_43196,test,0,0.029420381612327733,0.0006185312
C_43199,test,0,0.25649730354626854,0.8844181
C_43200,test,0,0.9303989405728496,8.607035e-08
C_43213,test,0,0.2811551650645432,0.7709732
C_43226,test,0,0.05290824798350528,3.1223805e-11
C_43238,test,0,0.003029262545236695,0.22677359
C_43251,test,0,0.40685086903428225,9.815089e-06
C_43257,test,0,0.38456815015632373,7.440111e-05
C_43258,test,0,0.06680302630365671,1.110462e-06
C_43275,test,0,0.0019513254448531236,0.0001702064
C_43280,test,0,0.0031917135363052026,0.8831246
C_43285,test,0,0.0029195211390308576,2.5461145e-07
C_43291,test,0,0.02350785736355797,0.0004505668
C_43296,test,0,0.002707440315387494,1.3330838e-22
C_43297,test,0,0.0029195211390308576,7.368101e-06
C_43304,test,0,0.24668890449595463,3.1729404e-16
C_43307,test,0,0.4060916377115867,0.94084704
C_43313,test,0,0.005401536044337793,5.0781955e-07
C_43328,test,0,0.001125952993527535,5.764859e-09
C_43338,test,0,0.0018528347985991489,1.1479321e-08
C_43344,test,0,0.16920556041623033,1.880048e-09
C_43354,test,0,0.0016745101695745618,1.1604397e-13
C_43362,test,0,0.04289388318556937,8.036686e-05
C_43366,test,0,0.004152692780641034,2.6847156e-05
C_43369,test,0,0.0029195211390308576,1.0591701e-07
C_43372,test,0,0.0030755851023005487,0.14020376
C_43387,test,0,0.006953904240406827,1.5762062e-05
C_43397,test,0,0.41490524847605076,0.0010520471
C_43405,test,0,0.033137253529162816,0.00038904956
C_43422,test,0,0.2149624324956214,0.75606775
C_43427,test,0,0.2516384742799515,0.76733994
C_43438,test,0,0.027112673003066023,0.9875721
C_43441,test,0,0.002214261663052396,6.1965434e-19
C_43447,test,0,0.0758017511966853,5.074428e-12
C_43448,test,0,0.0026036727025389506,7.8933025e-20
C_43452,test,0,0.032011170911275845,2.8147922e-24
C_43460,test,0,0.010863686049632159,0.00025822298
C_43465,test,0,0.004163139926248653,1.1139302e-12
C_43475,test,0,0.03252009604256291,0.8358238
C_43476,test,0,0.3068583503136107,2.8226615e-10
C_43487,test,0,0.46889318596873414,1.6152634e-07
C_43489,test,0,0.8222560895128028,1.6045116e-13
C_43491,test,0,0.005216213556276695,0.049597543
C_43503,test,0,0.03686546291209566,7.065014e-10
C_43514,test,0,0.09942971572978337,0.011386598
C_43524,test,0,0.12900940818839823,3.0361164e-10
C_43528,test,0,0.0033731555464207776,2.355392e-05
C_43535,test,0,0.629436428871573,0.9990138
C_43543,test,0,0.02378805227812192,0.08637784
C_43547,test,0,0.12038530357361359,0.92005605
C_43551,test,0,0.00432318859958846,0.48233044
C_43553,test,0,0.4663550005158744,0.8088966
C_43557,test,0,0.47783394749181574,0.95893246
C_43558,test,0,0.000399177708333863,2.1736067e-05
C_43560,test,0,0.642204922912144,0.8966766
C_43561,test,0,0.022467702585326443,6.477754e-15
C_43576,test,0,0.07052069100635334,0.6916357
C_43586,test,0,0.003223337332479106,6.6090906e-09
C_43587,test,0,0.0025816035036477277,2.892655e-05
C_43590,test,0,0.21757915071460557,3.3382812e-06
C_43591,test,0,0.01748685831838518,0.6892246
C_43596,test,0,0.011167023467400625,3.5313925e-22
C_43606,test,0,0.1115074630196772,1.03011634e-13
C_43612,test,0,0.0015993126098392259,1.9351827e-08
C_43632,test,0,0.0165461079145664,4.286694e-17
C_43638,test,0,0.7337638223577541,0.8476767
C_43643,test,0,0.0035439372936990946,9.721954e-09
C_43648,test,0,0.1295469974260946,0.89789605
C_43650,test,0,0.011404062415334025,0.21291585
C_43656,test,0,0.2182116454774175,0.9296724
C_43659,test,0,0.0030860680146679712,2.53786e-28
C_43661,test,0,0.005231516287636099,7.590494e-09
C_43679,test,0,0.060743824279950905,0.28519878
C_43690,test,0,0.0316354710565494,1.1434962e-15
C_43697,test,0,0.375949777856888,2.7338263e-09
C_43698,test,0,0.1805520160862161,2.0987193e-07
C_43701,test,0,0.7165274626935216,0.003153618
C_43705,test,0,0.006339005805206116,0.63800603
C_43721,test,0,0.20813639045792903,0.014455221
C_43723,test,0,0.008857574270865962,0.5519853
C_43724,test,0,0.9204350006673567,7.428117e-05
C_43729,test,0,0.1274916710236518,1.3999004e-11
C_43730,test,0,0.00027978273834450854,8.152541e-11
C_43731,test,0,0.0026036727025389506,6.323455e-21
C_43737,test,0,0.3262173460252874,0.8147777
C_43753,test,0,0.0032152464876931642,1.5647855e-10
C_43756,test,0,0.0037598819270042746,2.0028225e-05
C_43773,test,0,0.015575893342601203,8.2224076e-05
C_43774,test,0,0.004624119839143552,0.270717
C_43775,test,0,0.20780255847188325,3.8871093e-08
C_43786,test,0,0.009404978566307188,3.295919e-05
C_43795,test,0,0.10015476554856677,4.0625347e-20
C_43798,test,0,0.04519935276582387,8.054154e-10
C_43799,test,0,0.009499752600892086,8.93349e-09
C_43822,test,0,0.17318509518687025,2.078047e-18
C_43826,test,0,0.00665363831300132,0.40542337
C_43830,test,0,0.005600039354648469,0.3997684
C_43836,test,0,0.08290907688549627,5.77353e-09
C_43838,test,0,0.09225004196440503,2.1069237e-09
C_43839,test,0,0.001810106222106623,4.8518345e-08
C_43843,test,0,0.002245471078050122,3.013475e-08
C_43859,test,0,0.0027270434249504687,3.0420892e-05
C_43864,test,0,0.02496150870170683,1.0903328e-15
C_43868,test,0,0.27642608830036886,6.606812e-08
C_43883,test,0,0.0066794912981035315,6.983025e-21
C_43886,test,0,0.011489448012674802,5.7285426e-10
C_43887,test,0,0.008580483913345791,4.3586308e-05
C_43901,test,0,0.005917675340739698,8.4747837e-10
C_43906,test,0,0.06874336259854341,0.0024379347
C_43911,test,0,0.20193119840684026,2.212859e-14
C_43915,test,0,0.3055769540223553,0.0002902231
C_43921,test,0,0.013360630073570766,8.860102e-12
C_43935,test,0,0.009720658353414074,3.355395e-05
C_43941,test,0,0.5350999687169428,0.0036225389
C_43944,test,0,0.04966216859047965,8.8799546e-14
C_43948,test,0,0.8134687678669227,0.0005069792
C_43949,test,0,0.9298936904432995,0.00065916084
C_43950,test,0,0.0022625032654746175,7.102918e-24
C_43956,test,0,0.3192141130220641,0.32898176
C_43964,test,0,0.003938342441811399,2.3251738e-05
C_43968,test,0,0.00962452903197926,2.794706e-08
C_43975,test,0,0.004197115565672536,0.008693704
C_43985,test,0,0.0183364706492105,2.1064726e-10
C_43996,test,0,0.005917675340739698,5.5712323e-24
C_43997,test,0,0.0002360535378402661,2.2083e-07
C_44001,test,0,0.00895778222082515,1.2037478e-05
C_44005,test,0,0.00426198337790754,5.1344437e-06
C_44021,test,0,0.011901410114835207,5.702915e-09
C_44036,test,0,0.005338193460567178,0.00030819644
C_44040,test,0,0.25236909609638075,0.02169661
C_44053,test,0,0.7334577708708221,0.114388
C_44056,test,0,0.6137084661550796,2.3967259e-15
C_44060,test,0,0.01679059060191793,6.0170393e-12
C_44068,test,0,0.004033305040974524,0.108142674
C_44070,test,0,0.47138268668868144,1.1667747e-23
C_44080,test,0,0.008203683855950716,4.1478026e-05
C_44093,test,0,0.006998583453077898,0.6018364
C_44094,test,0,0.013051870180715127,5.7533606e-07
C_44097,test,0,0.002071885859903532,1.4103721e-05
C_44104,test,0,0.5850370516414419,0.7729958
C_44107,test,0,0.016189945068421887,1.3461177e-10
C_44108,test,0,0.20592869574298872,0.5907074
C_44110,test,0,0.45190328520039935,6.589401e-10
C_44121,test,0,0.002428949627477954,3.844321e-09
C_44143,test,0,0.12167600331695044,0.93471247
C_44157,test,0,0.006709741827032809,0.00033763808
C_44171,test,0,0.01623941086694997,4.839828e-06
C_44184,test,0,0.0028076480234739683,3.6147705e-07
C_44191,test,0,0.018867484219693465,4.3517244e-05
C_44200,test,0,0.01199500444179176,3.6475685e-05
C_44206,test,0,0.8004876691009822,1.08402915e-07
C_44226,test,0,0.003013766710967255,0.465637
C_44227,test,0,0.002848490830566139,2.5702403e-13
C_44233,test,0,0.2111072273717965,1.9377312e-08
C_44241,test,0,0.1368346581258657,0.014547865
C_44248,test,0,0.23026339853377337,6.083642e-05
C_44251,test,0,0.004538636776984552,2.6532307e-05
C_44265,test,0,0.08160687475546381,0.59381324
C_44271,test,0,0.008274691544833648,0.1854642
C_44273,test,0,0.04795592406015235,4.335615e-05
C_44291,test,0,0.11408374850227165,2.0126181e-05
C_44295,test,0,0.016189945068421887,0.0012209569
C_44300,test,0,0.0018528347985991489,5.148316e-12
C_44301,test,0,0.012194133243440404,8.723035e-09
C_44304,test,0,0.34822607333968225,0.5455767
C_44308,test,0,0.6931157542983606,0.07554847
C_44312,test,0,0.04409605489858268,0.0048915106
C_44324,test,0,0.014569507414746836,0.18446398
C_44328,test,0,0.0038925896226934416,1.4140253e-09
C_44332,test,0,0.0075468048840892175,2.539538e-11
C_44334,test,0,0.031028639075794895,7.5768944e-06
C_44337,test,0,0.0047575560331132504,2.5052163e-05
C_44340,test,0,0.7830651678667732,2.03694e-05
C_44341,test,0,0.019065982335001896,0.00017998955
C_44342,test,0,0.000731194077421292,0.0004006778
C_44343,test,0,0.04607001435122567,1.7742665e-06
C_44348,test,0,0.4966519549455471,0.9308468
C_44352,test,0,0.02017956058657326,0.32725874
C_44354,test,0,0.009335565727109082,1.8794645e-06
C_44364,test,0,0.10060387221565961,1.3632178e-05
C_44374,test,0,0.01653263065492294,4.261807e-05
C_44375,test,0,0.08921074379969207,4.470165e-06
C_44394,test,0,0.2611638421054212,0.00056009035
C_44399,test,0,0.7305107424709221,0.8197294
C_44400,test,0,0.7900141839510542,5.4037413e-05
C_44401,test,0,0.0044001150274836495,1.76083e-05
C_44402,test,0,0.0029606414988464784,1.0871629e-13
C_44403,test,0,0.011824771148454677,5.4248223e-05
C_44404,test,0,0.07753270884502775,0.93244904
C_44409,test,0,0.0007326937324234261,0.13181508
C_44419,test,0,0.23807516298074732,0.46453467
C_44422,test,0,0.28130166946793334,0.02422393
C_44432,test,0,0.006767732434668053,2.9418065e-05
C_44433,test,0,0.07340806414464753,0.018867973
C_44436,test,0,0.01177484042209722,4.301253e-05
C_44448,test,0,0.03446149885128989,1.15792e-08
C_44457,test,0,0.8867712082958313,0.038437948
C_44466,test,0,0.009383298429879802,5.4359726e-16
C_44469,test,0,0.2818331770799087,6.7198004e-14
C_44470,test,0,0.8463879282245551,0.9564605
C_44473,test,0,0.04605328968650157,2.6869133e-05
C_44489,test,0,0.5242404720543303,0.78364104
C_44499,test,0,0.14938553708318777,7.775124e-07
C_44500,test,0,0.34285368205483624,0.73352927
C_44511,test,0,0.14795383746329985,0.002967585
C_44516,test,0,0.0049733861207032545,4.641878e-13
C_44522,test,0,0.0076258646405332545,2.950786e-05
C_44525,test,0,0.11228481009199165,0.63100207
C_44526,test,0,0.002848490830566139,1.9417999e-13
C_44546,test,0,0.07345482500260736,0.041894156
C_44560,test,0,0.23739146167145683,1.4374935e-05
C_44573,test,0,0.0807921054732483,0.38899878
C_44581,test,0,0.7803016529472452,0.000421469
C_44583,test,0,0.006767732434668053,2.9216988e-05
C_44584,test,0,0.03302424808781429,1.9776347e-05
C_44587,test,0,0.32164832810739324,0.9635204
C_44588,test,0,0.037516770288513517,4.354859e-08
C_44594,test,0,0.0028076480234739683,5.6802296e-23
C_44595,test,0,0.005262427933787152,0.00031031095
C_44608,test,0,0.3803147185421778,0.00010803936
C_44614,test,0,0.05335340908136821,0.5455655
C_44621,test,0,0.00242443584486367,1.2946671e-14
C_44630,test,0,0.02540652608642898,0.63751495
C_44633,test,0,0.003938342441811399,2.2830305e-05
C_44634,test,0,0.08983057709232604,8.8710345e-10
C_44639,test,0,0.10613566620180473,0.035605323
C_44641,test,0,0.20124662059928738,0.73901016
C_44644,test,0,0.0028076480234739683,1.2080074e-23
C_44646,test,0,0.603662436179281,1.7294435e-12
C_44652,test,0,0.012558466101300793,0.010739337
C_44655,test,0,0.06474863621840757,1.5424789e-06
C_44656,test,0,0.0033342616610360473,0.37650868
C_44664,test,0,0.0032316403123403923,0.000119189404
C_44717,test,0,0.023399709712964862,0.3069391
C_44725,test,0,0.3352768135376473,0.0006543959
C_44726,test,0,0.26469390393751807,0.0008112178
C_44729,test,0,0.07321387034172981,2.5776243e-09
C_44732,test,0,0.007180699051133682,0.020138796
C_44755,test,0,0.004225780654451154,8.989476e-11
C_44757,test,0,0.0018528347985991489,2.6349834e-13
C_44759,test,0,0.23430177779393896,1.4282715e-10
C_44762,test,0,0.004839864388738801,0.0005837437
C_44768,test,0,0.006350825220039422,7.32786e-07
C_44775,test,0,0.026718818848253435,0.09079704
C_44778,test,0,0.010026955138670917,1.5173316e-09
C_44809,test,0,0.0029325675248436127,1.8391605e-05
C_44812,test,0,0.03537514646335851,0.013081862
C_44816,test,0,0.0032316403123403923,2.6530854e-06
C_44827,test,0,0.417393934924234,1.5606706e-12
C_44839,test,0,0.005718100457589407,1.7479401e-10
C_44840,test,0,0.05747313959528381,1.2414091e-06
C_44854,test,0,0.0965443429855449,0.8348932
C_44859,test,0,0.0029606414988464784,3.2823118e-05
C_44863,test,0,0.017132077621457163,0.53836143
C_44865,test,0,0.00937824520031985,1.4700479e-13
C_44867,test,0,0.002233445112104776,0.854186
C_44886,test,0,0.0030661724332278996,8.261343e-08
C_44905,test,0,0.056793187527867176,2.1211119e-10
C_44911,test,0,0.006723289167746983,2.9547793e-05
C_44918,test,0,0.004484618422213418,4.908984e-10
C_44927,test,0,0.6418752960132571,0.00023576913
C_44931,test,0,0.010409122410492215,0.4891499
C_44933,test,0,0.0027455818216597302,1.6007604e-10
C_44941,test,0,0.002061454202522984,5.681703e-08
C_44949,test,0,0.0028076480234739683,9.138839e-05
C_44954,test,0,0.0028918359536165327,8.166675e-18
C_44958,test,0,0.1333467122693814,0.61648214
C_44961,test,0,0.1766527057751581,0.000554653
C_44967,test,0,0.006722722960004509,3.8080878e-05
C_44978,test,0,0.5479037038860964,0.97494
C_44979,test,0,0.003849092307393519,0.30482548
C_44983,test,0,0.06221046211791432,0.532413
C_44984,test,0,0.060587882740385526,0.8905897
C_44990,test,0,0.9221474819216,0.90704185
C_44994,test,0,0.0026957358541015463,9.001624e-11
C_45002,test,0,0.6584464475499641,0.6936289
C_45003,test,0,0.04799652956909578,0.7211828
C_45021,test,0,0.0035522118101037215,5.8036935e-09
C_45024,test,0,0.8199069767530377,0.05217383
C_45030,test,0,0.08493595793366232,6.3148906e-07
C_45033,test,0,0.6615462499983463,0.0012253573
C_45039,test,0,0.009404978566307188,3.4656885e-05
C_45060,test,0,0.23036512118316674,9.209811e-13
C_45064,test,0,0.005807670809334905,1.7104828e-11
C_45068,test,0,0.0032593536802641623,1.5247867e-14
C_45069,test,0,0.2716668609852128,3.001257e-08
C_45071,test,0,0.03641741150712331,0.0026555047
C_45079,test,0,0.0025390005463241,0.25992125
C_45080,test,0,0.0034357932550090242,0.00030125098
C_45081,test,0,0.7487288392746918,6.66131e-12
C_45107,test,0,0.005917675340739698,9.399856e-18
C_45131,test,0,0.035652435142909604,0.801059
C_45136,test,0,0.07104483471964577,5.180359e-07
C_45139,test,0,0.004852304069447536,1.1999882e-08
C_45142,test,0,0.024957800647700302,5.33523e-05
C_45146,test,0,0.47815930029090176,0.93595153
C_45153,test,0,0.001571925826264849,4.598297e-08
C_45160,test,0,0.1721028302164296,0.8237084
C_45168,test,0,0.010722438960585156,7.960998e-15
C_45179,test,0,0.11567040585614576,3.3012582e-11
C_45182,test,0,0.05950154513100351,2.1292051e-07
C_45197,test,0,0.8086515351806104,0.21197006
C_45209,test,0,0.29924079497981493,2.1693922e-14
C_45214,test,0,0.2799548555177917,5.052333e-15
C_45230,test,0,0.263526522197167,0.03527168
C_45251,test,0,0.10416447553820461,1.1755511e-12
C_45256,test,0,0.09434187395576508,0.62028944
C_45260,test,0,0.2607874896868414,6.385463e-06
C_45261,test,0,0.06524428488840417,3.0765635e-12
C_45268,test,0,0.17431822821170648,1.5066535e-19
C_45269,test,0,0.0027455818216597302,6.867595e-17
C_45281,test,0,0.13788513901972296,0.01579062
C_45293,test,0,0.002848490830566139,4.8554054e-09
C_45307,test,0,0.053133468890652166,8.9454176e-07
C_45311,test,0,0.025806945677630404,0.0029162935
C_45327,test,0,0.6861119211859775,0.9422692
C_45328,test,0,0.008677060994799712,0.61597145
C_45336,test,0,0.013221040555607511,3.8928472e-05
C_45342,test,0,0.002667942503502386,0.000727732
C_45345,test,0,0.22122097302592966,0.85744154
C_45347,test,0,0.07057426666377888,0.8427692
C_45357,test,0,0.004152692780641034,2.6109095e-05
C_45366,test,0,0.3702620261522712,0.6911909
C_45381,test,0,9.085096821329024e-05,2.5613689e-12
C_45383,test,0,0.0075468048840892175,1.5242743e-11
C_45395,test,0,0.0047575560331132504,2.7799912e-05
C_45421,test,0,0.0046441769370237015,9.848473e-05
C_45426,test,0,0.5270722727987669,1.5321788e-08
C_45427,test,0,0.006723289167746983,2.9422217e-05
C_45432,test,0,0.01491329221098683,5.8501975e-08
C_45436,test,0,0.03068115460987391,0.12000123
C_45452,test,0,0.013152485219399204,6.561539e-05
C_45455,test,0,0.012610160276997526,2.2273482e-05
C_45468,test,0,0.0898233893044101,1.5182106e-05
C_45473,test,0,0.01424844070111396,8.2540487e-07
C_45483,test,0,0.0027591530348449627,3.4547293e-07
C_45493,test,0,0.12477838870271116,0.0035785337
C_45499,test,0,0.00367915157797786,5.5564913e-05
C_45500,test,0,0.1488522138936791,3.992791e-05
C_45510,test,0,0.38680218368147185,0.45153
C_45515,test,0,0.1444459788142813,7.50066e-09
C_45528,test,0,0.028088261165623175,0.0028487379
C_45533,test,0,0.011617813092845587,0.000105567386
C_45534,test,0,0.20581581854728695,0.00021867009
C_45547,test,0,0.06770378574098504,0.0037053267
C_45548,test,0,0.005917675340739698,3.761507e-11
C_45555,test,0,0.005061379755914045,1.9623478e-10
C_45564,test,0,0.1748002582113697,0.0005647466
C_45565,test,0,0.015705565607060913,4.162448e-05
C_45589,test,0,0.12916836097462409,0.00033158736
C_45590,test,0,0.002776526973056814,0.007542903
C_45591,test,0,0.0058281435565803235,0.010454524
C_45603,test,0,0.033951881667018,0.016589709
C_45609,test,0,0.8061743084561395,0.00069206505
C_45610,test,0,0.015754166735391255,1.1646217e-09
C_45620,test,0,0.03789367738944938,5.577024e-10
C_45621,test,0,0.020055196053303838,0.03880463
C_45622,test,0,0.0028076480234739683,8.972938e-09
C_45626,test,0,0.11531777910809474,0.65845793
C_45637,test,0,0.01139458324370802,1.1429626e-06
C_45641,test,0,0.8413258454977744,0.90755
C_45644,test,0,0.00310986698904187,3.4597008e-08
C_45648,test,0,0.24962782300756667,0.5149573
C_45654,test,0,0.043326015642228856,2.475046e-05
C_45660,test,0,0.0029325675248436127,2.4028884e-10
C_45664,test,0,0.2170955150456319,8.711336e-05
C_45667,test,0,0.03213169522855455,0.30282643
C_45670,test,0,0.8289100540143555,0.6608465
C_45672,test,0,0.10889777062029213,0.92300165
C_45674,test,0,0.09465811127233839,1.3520649e-13
C_45679,test,0,0.3134213355969953,7.55482e-16
C_45680,test,0,0.04848370669658683,0.0061700856
C_45686,test,0,0.6327712408077532,0.9244698
C_45687,test,0,0.022431700070439264,1.861598e-11
C_45695,test,0,0.4139002218300377,0.94660413
C_45701,test,0,0.0028497873032395232,5.957139e-10
C_45703,test,0,0.34201366401115857,0.9207826
C_45705,test,0,0.005221278716804436,0.8404728
C_45706,test,0,0.8112139268537437,3.4421443e-09
C_45740,test,0,0.003938342441811399,2.2217773e-05
C_45741,test,0,0.3144445523908488,0.60524666
C_45744,test,0,0.061850660179092604,1.7269772e-09
C_45746,test,0,0.02113634291650995,0.0827514
C_45747,test,0,0.007960071197123771,0.8499787
C_45748,test,0,0.012671552472258079,0.0013065091
C_45750,test,0,0.0007328779568764006,0.0009534781
C_45752,test,0,0.0029195211390308576,6.861233e-13
C_45760,test,0,0.07315681894569045,1.3386424e-16
C_45763,test,0,0.006830384593697984,7.929924e-17
C_45770,test,0,0.9705765243022288,2.1816854e-23
C_45771,test,0,0.0011069395135871218,0.9241874
C_45773,test,0,0.02316086147944473,2.0938706e-10
C_45787,test,0,0.11583792454397786,1.8239726e-06
C_45790,test,0,0.11337936721479,0.017684575
C_45791,test,0,0.01239483198653603,9.056881e-09
C_45801,test,0,0.10985086496668081,2.5674899e-05
C_45802,test,0,0.31883213767875623,0.008345042
C_45806,test,0,0.6070767125228106,1.8834047e-08
C_45808,test,0,0.006350825220039422,1.5686688e-12
C_45813,test,0,0.6494430865609172,0.74782467
C_45820,test,0,0.016210991594918046,0.1955614
C_45839,test,0,0.014272219612236266,1.3304033e-08
C_45840,test,0,0.08142095179013376,1.1562706e-13
C_45846,test,0,0.0028918359536165327,3.547749e-08
C_45847,test,0,0.004018428204119727,4.8704547e-05
C_45849,test,0,0.0029606414988464784,8.8173303e-16
C_45851,test,0,0.07536406852572504,0.74268645
C_45862,test,0,0.01840550179954887,1.955324e-06
C_45867,test,0,0.0032316403123403923,1.1209942e-07
C_45869,test,0,0.0028683609862068652,0.19502805
C_45870,test,0,0.06641907565798197,0.89994454
C_45873,test,0,0.6835789388979806,0.7581766
C_45891,test,0,0.004258801671033864,1.4648068e-05
C_45896,test,0,0.009389332645874755,5.4730854e-06
C_45914,test,0,0.8106314906494917,6.651915e-08
C_45923,test,0,0.7818300518006557,6.5967164e-05
C_45937,test,0,0.005917675340739698,4.3937555e-07
C_45941,test,0,0.0026957358541015463,0.00038036142
C_45944,test,0,0.020336439716242733,6.538353e-05
C_45947,test,0,0.006500504523737056,0.00071774866
C_45951,test,0,0.22720793084151641,0.077985026
C_45971,test,0,0.025030218854317693,0.5320959
C_45977,test,0,0.003938342441811399,2.2325967e-05
C_45981,test,0,0.002848490830566139,3.4691777e-06
C_45987,test,0,0.15935591786791387,0.1310199
C_45996,test,0,0.1724979340516774,0.8013735
C_46044,test,1,0.8689608587484472,0.97258615
C_46045,test,1,0.8361653428345498,0.9961479
C_46046,test,1,0.9873557814927532,0.9905533
C_46047,test,1,0.9543431602879152,0.9803774
C_46048,test,1,0.705364832053974,0.8342076
C_46049,test,1,0.9008892369219087,0.9999993
C_46050,test,1,0.9349488138366248,0.9460119
C_46051,test,1,0.7529420506036183,0.5623568
C_46052,test,1,0.9047311648101943,0.981024
C_46053,test,1,0.8738914459430838,0.9842391
C_46054,test,1,0.3380851673065421,0.99999774
C_46055,test,1,0.4181253385069181,0.9999994
C_46056,test,1,0.8882114364765309,0.97992295
C_46057,test,1,0.6831045702911219,0.9904772
C_46058,test,1,0.9476519651117601,0.99996424
C_46059,test,1,0.9047311648101943,0.9822025
C_46060,test,1,0.7759118776038114,0.88623285
C_46061,test,1,0.9426326496824079,0.9999083
C_46062,test,1,0.6993215717431103,0.9955662
C_46063,test,1,0.964301021916834,0.9628598
C_46064,test,1,0.6355652992631974,0.8846309
C_46065,test,1,0.9167093703031235,0.9730839
C_46066,test,1,0.9878975505378561,0.99998224
C_46067,test,1,0.5899729375555647,0.8536466
C_46068,test,1,0.6415734974719639,0.9618158
C_46069,test,1,0.7429219155262498,0.92610776
C_46070,test,1,0.9486074356171122,0.99488336
C_46071,test,1,0.7859683880556336,0.5286593
C_46072,test,1,0.9415749372623813,0.9947674
C_46073,test,1,0.18666510500990474,0.994148
C_46074,test,1,0.7880629421723467,0.45650697
C_46075,test,1,0.04661135069285312,0.79450285
C_46076,test,1,0.9612747852237173,0.97071004
C_46077,test,1,0.7324456642670077,0.5971405
C_46078,test,1,0.7930453662145689,0.8713361
C_46079,test,1,0.1619913877193805,0.0836911
C_46080,test,1,0.8282589727746864,0.99997354
C_46081,test,1,0.7119249768446981,0.99953485
C_46082,test,1,0.9250295254579484,0.9146381
C_46239,test,1,0.8560110385501924,0.97284114
C_46240,test,1,0.5991762459944271,0.8543715
C_46241,test,1,0.9342939296524967,0.9889924
C_46242,test,1,0.789896836788539,0.98384297
C_46243,test,1,0.0033786902428971193,0.44078997
C_46244,test,1,0.2515635799733234,0.99999964
C_46245,test,1,0.4543466572632391,0.9997999
C_46246,test,1,0.9080490219292696,0.99996233
C_46247,test,1,0.3176429986498361,0.99586415
C_46248,test,1,0.8549691742786476,0.8638867
C_46249,test,1,0.8589873294711091,0.9810932
C_46250,test,1,0.9694420201483741,0.9957449
C_46251,test,1,0.22131412204867096,0.99678
C_46252,test,1,0.6391805564633251,0.9940789
C_46253,test,1,0.8448742596151099,0.99370813
C_46254,test,1,0.6147893670214262,0.99745506
C_46255,test,1,0.1791818847518999,0.8643189
C_46256,test,1,0.9786154611477454,0.98528624
C_46257,test,1,0.9869083955067234,0.88166106
C_46258,test,1,0.980418603388657,0.85873646
C_46259,test,1,0.9426332745691061,0.83768034
C_46260,test,1,0.8031769546514339,0.15595624
C_46261,test,1,0.937963142501876,0.98441136
C_46262,test,1,0.8139955556792363,0.6985478
C_46263,test,1,0.9700036034732146,0.992645
C_46264,test,1,0.9402720001190278,0.98490334
C_46265,test,1,0.9700036034732146,0.9926374
C_46266,test,1,0.9484095832369484,0.997959
C_46267,test,1,0.9795846328958777,0.945449
C_46268,test,1,0.9651639246863288,0.9316694
C_46269,test,1,0.9969073907373123,0.99929905
C_46270,test,1,0.9910935823878231,0.99348915
C_46271,test,1,0.9782882080507644,0.99756527
C_46272,test,1,0.7423149821315679,0.3931292
C_46273,test,1,0.9851240614876193,0.9497722
C_46274,test,1,0.9968772405355247,0.9821333
C_46275,test,1,0.8280900616905695,0.22069618
C_46276,test,1,0.8036049446799122,0.6457603
C_46277,test,1,0.9855757221196516,0.99904364
C_46278,test,1,0.9931789310739988,0.98954695
C_46279,test,1,0.9499267976381932,0.8767077
C_46280,test,1,0.8922075658854715,0.849916
C_46281,test,1,0.9762815425352102,0.99545765
C_46282,test,1,0.9703071608003149,0.95878947
C_46283,test,1,0.41567255183015234,1.0
C_46284,test,1,0.3918090299809901,1.0
C_46285,test,1,0.32282403662567577,1.0
C_46286,test,1,0.0801817365470972,1.0
C_46287,test,1,0.09211612606433661,1.0
C_46288,test,1,0.098968697313426,1.0
C_46289,test,1,0.8559964279508157,1.0
C_46290,test,1,0.36335154518148655,1.0
C_46291,test,1,0.45187607551224535,1.0
C_46292,test,1,0.12299820504216717,1.0
C_46293,test,1,0.37896315266933683,1.0
C_46294,test,1,0.112014468001306,1.0
C_46295,test,1,0.09630313157485243,1.0
C_46296,test,1,0.37129537603728924,1.0
C_46297,test,1,0.24877251685092788,1.0
C_46298,test,1,0.3384283886789143,1.0
C_46299,test,1,0.33427389601880575,1.0
C_46300,test,1,0.20691617571484747,1.0
C_46301,test,1,0.17538179647991564,1.0
C_46302,test,1,0.420642320497551,1.0
C_46303,test,1,0.4582503133785073,1.0
C_46304,test,1,0.3004097020491751,1.0
C_46305,test,1,0.2501513558991418,1.0
C_46306,test,1,0.8263129186659175,1.0
C_46307,test,1,0.4708514542892283,1.0
C_46308,test,1,0.23156171884994597,1.0
C_46309,test,1,0.36759972262029544,1.0
C_46310,test,1,0.03857852521355196,1.0
C_46311,test,1,0.19029127580813393,1.0
C_46312,test,1,0.7294675745989022,1.0
C_46313,test,1,0.15665245276165957,1.0
C_46314,test,1,0.3698993638993513,1.0
C_46315,test,1,0.19566641644209867,1.0
C_46316,test,1,0.1988488395329082,1.0
C_46317,test,1,0.8441127248864451,0.99999714
C_46318,test,1,0.13099871515207998,1.0
C_46319,test,1,0.08675450049428969,1.0
C_46320,test,1,0.6890976642730031,1.0
C_46350,test,1,0.3093390342459323,1.0
C_46351,test,1,0.1970746557588049,0.9999999
C_46352,test,1,0.7703178406746806,1.0
C_46353,test,1,0.9302558019787829,0.9999999
C_46354,test,1,0.11615549600305057,0.9999999
C_46355,test,1,0.6854328875861828,1.0
C_46356,test,1,0.30831378877534177,0.9999999
C_46357,test,1,0.9861963763689982,1.0
C_46358,test,1,0.6985895370290969,0.9999999
C_46359,test,1,0.9667959144419366,0.99999416
C_46360,test,1,0.7457407390620843,1.0
C_46361,test,1,0.9273178946146946,1.0
C_46362,test,1,0.6691485067275238,1.0
C_46363,test,1,0.513619558780908,1.0
C_46364,test,1,0.7146800236593547,1.0
C_46365,test,1,0.9926230653908151,1.0
C_46366,test,1,0.9588579511225953,1.0
C_46367,test,1,0.7474363631616413,1.0
C_46368,test,1,0.9144261420445952,1.0
C_46369,test,1,0.9719829827384865,1.0
C_46370,test,1,0.15831963106742597,1.0
C_46371,test,1,0.7394491035480509,0.9999999
C_46372,test,1,0.17093219087038775,0.9999999
C_46373,test,1,0.40506782534379066,0.9999999
C_46374,test,1,0.39383176724555685,0.9999999
C_46375,test,1,0.7866449335672437,1.0
C_46376,test,1,0.8994864198113541,0.9999999
C_46377,test,1,0.2720538897941282,0.9999999
C_46378,test,1,0.5030821364014084,1.0
C_46379,test,1,0.9040964851992935,1.0
C_46380,test,1,0.9333724648017471,1.0
C_46381,test,1,0.4527636244051891,0.9999999
C_46382,test,1,0.12007027327367839,0.9999999
C_46383,test,1,0.36497932594241345,1.0
C_46384,test,1,0.5174116036518552,1.0
C_46385,test,1,0.9867669151133553,1.0
C_46496,test,1,0.7504704426830604,1.0
C_46497,test,1,0.28559566884384663,1.0
C_46498,test,1,0.31712436621169254,1.0
C_46499,test,1,0.08880862310739114,1.0
C_46500,test,1,0.2364248756256585,1.0
C_46501,test,1,0.885116176593917,1.0
C_46502,test,1,0.17832367045091424,1.0
C_46503,test,1,0.10911149597096698,1.0
C_46504,test,1,0.70908053894927,1.0
C_46505,test,1,0.2023947225045745,1.0
C_46506,test,1,0.7774914136498485,1.0
C_46507,test,1,0.30043593788888656,1.0
C_46508,test,1,0.2635352772440586,1.0
C_46509,test,1,0.11572785264030583,1.0
C_46510,test,1,0.22373937972954733,1.0
C_46511,test,1,0.23468427768222663,1.0
C_46512,test,1,0.1492149675545294,1.0
C_46513,test,1,0.25650760258050803,1.0
C_46514,test,1,0.48577964415849856,0.9999994
C_46515,test,1,0.2023947225045745,1.0
C_46516,test,1,0.308449493896542,1.0
C_46517,test,1,0.5798230012710347,1.0
C_46518,test,1,0.21045277930348777,1.0
C_46519,test,1,0.13539098966876092,1.0
C_46520,test,1,0.2210064441566305,1.0
C_46521,test,1,0.4338552086840449,1.0
C_46522,test,1,0.32284319481885954,1.0
C_46523,test,1,0.13077545899060555,1.0
C_46524,test,1,0.36769296050398503,1.0
C_46525,test,1,0.25185566719709,1.0
C_46526,test,1,0.1359995193996422,1.0
C_46527,test,1,0.2333425402121052,1.0
C_46528,test,1,0.2712052432148648,1.0
C_46529,test,1,0.22069948116245539,1.0
C_46530,test,1,0.1732267717504859,1.0
C_46531,test,1,0.1131171297140905,1.0
C_46532,test,1,0.2721719999735401,1.0
C_46533,test,1,0.2813525610293052,1.0
C_46534,test,1,0.20941873706701916,1.0
C_46535,test,1,0.14791016273745233,1.0
C_46536,test,1,0.7858680252670961,1.0
C_46537,test,1,0.24320926856129924,1.0
C_46538,test,1,0.2595519548926076,1.0
C_46539,test,1,0.1640912864094259,1.0
C_46540,test,1,0.28316418435368634,1.0
C_46541,test,1,0.7797125647546154,1.0
C_46542,test,1,0.998409663551631,0.9999989
C_46543,test,1,0.997531746262976,0.99597675
C_46544,test,1,0.9965004238137493,0.9999999
C_46545,test,1,0.995451949156338,1.0
C_46546,test,1,0.9948750063226659,0.9999993
C_46547,test,1,0.99816488125015,0.9962798
C_46548,test,1,0.870807897944686,0.99999166
C_46549,test,1,0.9890778193296326,0.9999999
C_46550,test,1,0.9919516041698037,0.99877244
C_46551,test,1,0.997558955731858,0.99513537
C_46552,test,1,0.995451949156338,1.0
C_46553,test,1,0.9904243170344224,0.9999993
C_46554,test,1,0.9890778193296326,1.0
C_46555,test,1,0.9981839773523347,0.99999917
C_46556,test,1,0.9911969656781134,0.9999995
C_47293,test,1,0.9895761858975898,1.0
C_47294,test,1,0.9352181159078351,1.0
C_47295,test,1,0.989600669037583,1.0
C_47296,test,1,0.9895761858975898,1.0
C_47297,test,1,0.9421236774949123,1.0
C_47298,test,1,0.9914588953010905,1.0
C_47299,test,1,0.9894856863118913,1.0
C_47300,test,1,0.9692102853346333,1.0
C_47301,test,1,0.9914588953010905,1.0
C_47302,test,1,0.9895761858975898,1.0
C_47303,test,1,0.9895761858975898,1.0
C_47304,test,1,0.9895761858975898,1.0
C_47305,test,1,0.9914588953010905,1.0
C_47306,test,1,0.9894856863118913,1.0
C_47307,test,1,0.9914588953010905,1.0
C_47308,test,1,0.9901745488610496,1.0
C_47309,test,1,0.9443726289412878,1.0
C_47310,test,1,0.9914588953010905,1.0
C_47311,test,1,0.9914588953010905,1.0
C_47312,test,1,0.9927276639866013,1.0
C_47313,test,1,0.08465562384799659,1.0
C_47314,test,1,0.989600669037583,1.0
C_47315,test,1,0.9895761858975898,1.0
C_47316,test,1,0.9914588953010905,1.0
C_47317,test,1,0.9443726289412878,1.0
C_47318,test,1,0.9914588953010905,1.0
C_47319,test,1,0.9914588953010905,1.0
C_47320,test,1,0.9914588953010905,1.0
C_47321,test,1,0.9914588953010905,1.0
C_47322,test,1,0.9914588953010905,1.0
C_47323,test,1,0.9895761858975898,1.0
C_47324,test,1,0.9877643710459043,1.0
C_47325,test,1,0.9903021226883003,1.0
C_47326,test,1,0.9894856863118913,1.0
C_47327,test,1,0.9894856863118913,1.0
C_47328,test,1,0.989600669037583,1.0
C_47329,test,1,0.9914588953010905,1.0
C_47330,test,1,0.9352181159078351,1.0
C_47331,test,1,0.9927447992993552,1.0
C_47332,test,1,0.9914588953010905,1.0
C_47333,test,1,0.09720510070923183,1.0
C_47334,test,1,0.15252524861095862,0.99984217
C_47335,test,1,0.9914588953010905,1.0
C_47336,test,1,0.9914588953010905,1.0
C_47337,test,1,0.9926643227165054,1.0
C_47338,test,1,0.9894856863118913,1.0
C_47339,test,1,0.9877643710459043,1.0
C_47340,test,1,0.9914588953010905,1.0
C_47389,test,1,0.30944872257987355,0.99434495
C_47390,test,1,0.21413716296793248,0.9368704
C_47391,test,1,0.9053211901613487,0.98614454
C_47392,test,1,0.8936671698346056,0.81489235
C_47393,test,1,0.5419794281714153,0.9547368
C_47394,test,1,0.5340763939710996,0.99999857
C_47395,test,1,0.830100472174345,0.9760573
C_47396,test,1,0.989552000861054,0.9963832
C_47397,test,1,0.16672652247624645,0.9366833
C_47398,test,1,0.12524642641543224,0.9999963
C_47399,test,1,0.3559529294817476,0.9704434
C_47400,test,1,0.22282473499797345,0.8449513
C_47401,test,1,0.6840231935262014,0.98406893
C_47402,test,1,0.8027794488921646,0.96663326
C_47403,test,1,0.6619062183152988,0.93093294
C_47404,test,1,0.8166400593401495,0.9889171
C_47405,test,1,0.17854380364404596,0.84518653
C_47406,test,1,0.7076870704065253,0.9987355
C_47407,test,1,0.5579574481303244,0.93486756
C_47408,test,1,0.8275240859819131,0.9997851
C_47409,test,1,0.8308790418362929,0.9998754
C_47410,test,1,0.6489495524906699,0.8926073
C_47411,test,1,0.3062535145440679,0.986159
C_47412,test,1,0.9184571014829933,0.99729353
C_47413,test,1,0.6134089613675855,0.99428624
C_47414,test,1,0.47100443831354866,0.9984194
C_47415,test,1,0.8617288327600298,0.94494337
C_47416,test,1,0.9602348766261142,0.99764484
C_47417,test,1,0.4137422822068035,0.9997683
C_47418,test,1,0.7983709252359603,0.9923394
C_47419,test,1,0.9610151623029511,0.9828986
C_47420,test,1,0.987332168443554,0.8959947
C_47421,test,1,0.9945780073789382,0.9931851
C_47422,test,1,0.8294387919229841,0.9604574
C_47423,test,1,0.9958653132749371,0.992822
C_47424,test,1,0.9804408942723649,0.9420962
C_47425,test,1,0.9585942889194183,0.99986136
C_47426,test,1,0.8582462335108997,0.88380575
C_47427,test,1,0.9131527094530895,0.92437583
C_47428,test,1,0.9541049307434656,0.99497
C_47429,test,1,0.8969981126451336,0.8149928
C_47430,test,1,0.9614902287529417,0.9987458
C_47431,test,1,0.9931453581263031,0.9284206
C_47432,test,1,0.9399366619079934,0.7601809
C_47433,test,1,0.960522820510805,0.95286757
C_47434,test,1,0.9922521137901344,0.98974293
C_47435,test,1,0.2360338161287964,0.167493
C_47436,test,1,0.9504338401680111,0.9248748
C_47437,test,1,0.6152110051894758,0.9754377
C_47438,test,1,0.6929814407455414,0.86303705
C_47439,test,1,0.9634266341479047,0.9924744
C_47440,test,1,0.9362730050864526,0.579646
C_47441,test,1,0.0713842335999516,0.004163047
C_47442,test,1,0.993034205174243,0.712318
C_47443,test,1,0.11048919506373013,0.004524648
C_47444,test,1,0.9914183871232456,0.99976414
C_47445,test,1,0.9666228794809804,0.9974884
C_47446,test,1,0.9062313473713375,0.9983575
C_47447,test,1,0.9919270520893,0.9999237
C_47448,test,1,0.984660970701393,0.9638246
C_47449,test,1,0.5265532278356092,0.7819156
C_47450,test,1,0.5872590508261917,0.4997656
C_47451,test,1,0.9939487690768608,0.99801326
C_47452,test,1,0.9572854138741634,0.9999788
C_47453,test,1,0.9199822397743463,0.9136674
C_47454,test,1,0.9934423311597466,0.98058045
C_47455,test,1,0.9920888798909452,0.9739411
C_47456,test,1,0.6625684672300802,0.5666213
C_47457,test,1,0.9899232993114371,0.9914795
C_48073,test,1,0.5150301424516945,0.9988047
C_48074,test,1,0.8822381931070815,0.97952205
C_48075,test,1,0.5377837346605393,0.99552035
C_48076,test,1,0.8970885433119887,0.9575045
C_48077,test,1,0.8225407519250043,0.7458938
C_48078,test,1,0.8342341050720086,0.9969785
C_48079,test,1,0.8436655287279791,0.98623174
C_48080,test,1,0.2281753808504472,0.99378926
C_48081,test,1,0.15366490460390125,0.43548718
C_48082,test,1,0.8292194553367459,0.9954631
C_48083,test,1,0.1800845190004757,0.87982535
C_48084,test,1,0.19828569993175782,0.7668569
C_48085,test,1,0.8486255145822293,0.9999386
C_48086,test,1,0.8864285168107836,0.99896145
C_48087,test,1,0.9259700246843028,0.52560055
C_48088,test,1,0.8242719593649595,0.99562895
C_48089,test,1,0.8129133359593805,0.95045245
C_48090,test,1,0.39692780323482985,0.78670466
C_48091,test,1,0.2954046945199641,0.9641311
C_48092,test,1,0.07014002756009935,0.12039807
C_48093,test,1,0.11424612338766027,0.9646967
C_48094,test,1,0.1544020458141801,0.95519257
C_48095,test,1,0.10338574829313958,0.99753356
C_48096,test,1,0.9147962687693743,0.7421368
C_48097,test,1,0.5169023242747891,0.96860296
C_48098,test,1,0.6902172485652303,0.997965
C_48099,test,1,0.26272299846246616,0.9971169
C_48100,test,1,0.502426509292382,0.9979955
C_48101,test,1,0.21899600173991315,0.9681032
C_48102,test,1,0.5263119768740384,0.9989278
C_48103,test,1,0.14156936859572558,0.24427302
C_48104,test,1,0.19742515751016124,0.7916004
C_48105,test,1,0.5699187252004838,0.9986274
C_48106,test,1,0.564593177816315,0.17356989
C_48107,test,1,0.6750555043540577,0.7969278
C_48108,test,1,0.4372794136140879,0.99182254
C_48109,test,1,0.9985468010728936,1.0
C_48110,test,1,0.9984250193901051,1.0
C_48111,test,1,0.9984250193901051,1.0
C_48112,test,1,0.9903024976805506,0.9999995
C_48113,test,1,0.9885947378434992,0.9999999
C_48114,test,1,0.9985468010728936,1.0
C_48115,test,1,0.9985468010728936,0.9999999
C_48116,test,1,0.9984250193901051,1.0
C_48117,test,1,0.9984250193901051,1.0
C_48118,test,1,0.9984250193901051,0.9999999
C_48119,test,1,0.9903024976805506,0.9999994
C_48120,test,1,0.9985468010728936,1.0
C_48121,test,1,0.9941913362626519,0.9999999
C_48122,test,1,0.9975597058381882,1.0
C_48123,test,1,0.9885947378434992,0.9999999
C_48124,test,1,0.9975597058381882,0.9999999
C_48125,test,1,0.9885947378434992,0.9999999
C_48126,test,1,0.9984250193901051,1.0
C_48127,test,1,0.9985468010728936,1.0
C_48128,test,1,0.998463243207871,0.9990976
C_48129,test,1,0.9985468010728936,1.0
C_48130,test,1,0.9984250193901051,1.0
C_48455,test,1,0.3847651727032769,0.98476243
C_48456,test,1,0.15740857659109195,0.02432926
C_48457,test,1,0.12986540042260225,0.7878706
C_48458,test,1,0.13345228380562305,0.054398213
C_48459,test,1,0.3218173482714915,0.9753278
C_48460,test,1,0.9034998507594112,0.9324172
C_48461,test,1,0.1297375648689872,0.68880546
C_48462,test,1,0.2168305545141613,0.33253756
C_48463,test,1,0.38307531821457463,0.7633393
C_48464,test,1,0.2508861981321094,0.9625471
C_48465,test,1,0.3467573304196979,0.10105322
C_48466,test,1,0.35355823615859505,0.7076383
C_48467,test,1,0.6229470780464028,0.94359577
C_48468,test,1,0.23634153731701402,0.09091654
C_48469,test,1,0.13124622636593958,0.017306607
C_48470,test,1,0.26779487614027225,0.24523544
C_48676,test,1,0.9976344484867447,1.0
C_48677,test,1,0.9887038659345234,1.0
C_48678,test,1,0.9976344484867447,1.0
C_48679,test,1,0.988696667489746,1.0
C_48680,test,1,0.9977877630620842,1.0
C_48681,test,1,0.9879209402137794,1.0
C_48682,test,1,0.9977877630620842,1.0
C_48683,test,1,0.9970249061918895,1.0
C_48684,test,1,0.988696667489746,1.0
C_48685,test,1,0.997057686470422,0.9999999
C_48686,test,1,0.9976344484867447,0.99999976
C_48687,test,1,0.9887038659345234,1.0
C_48688,test,1,0.997057686470422,1.0
C_48689,test,1,0.984846492567702,1.0
C_48690,test,1,0.9976344484867447,1.0
C_48691,test,1,0.9976604229464121,0.9934088
C_48692,test,1,0.9887038659345234,1.0
C_48693,test,1,0.9976344484867447,1.0
C_48908,test,1,0.8067679279853336,0.8846009
C_48909,test,1,0.6104090672083844,0.9861122
C_48910,test,1,0.97578768609289,0.9066159
C_48911,test,1,0.9603595789118676,0.99353975
C_48912,test,1,0.2673067504849314,0.8260718
C_48913,test,1,0.9825924316327276,0.99082184
C_48914,test,1,0.740201209990152,0.89777535
C_48915,test,1,0.9315689702017607,0.9997104
C_48916,test,1,0.8552473734236582,0.99860066
C_48917,test,1,0.6512581034923082,0.90072215
C_48918,test,1,0.9252168088170271,0.990338
C_48919,test,1,0.8751358695963015,0.96243006
C_48920,test,1,0.8209207976701963,0.97976387
C_48921,test,1,0.5883693082276422,0.9995092
C_48922,test,1,0.8065787664884145,0.9773415
C_48923,test,1,0.9226771149218176,0.43363342
C_48924,test,1,0.8657617901149188,0.9590572
C_48925,test,1,0.12554329958739333,0.96848464
C_48926,test,1,0.9974920250876927,0.99766904
C_48927,test,1,0.8109918180046638,0.99493694
C_48964,test,1,0.985830286159056,1.0
C_48965,test,1,0.05532943609956367,1.0
C_48966,test,1,0.8524991421002007,1.0
C_48967,test,1,0.7350528133063763,1.0
C_48968,test,1,0.4484086445048319,1.0
C_48969,test,1,0.12354963501400243,1.0
C_48970,test,1,0.9663399064542587,1.0
C_48971,test,1,0.9739079397454564,1.0
C_48972,test,1,0.12937075076183857,1.0
C_48973,test,1,0.9321275013792538,1.0
C_48974,test,1,0.9660980003117815,1.0
C_48975,test,1,0.5992068082938472,1.0
C_48976,test,1,0.9754671108360098,1.0
C_48977,test,1,0.17314329061797235,1.0
C_48978,test,1,0.48271853057400343,1.0
C_48979,test,1,0.7511430379656724,1.0
C_48980,test,1,0.8466751522189355,1.0
C_48981,test,1,0.7712955497084013,1.0
C_48982,test,1,0.9421422487470781,1.0
C_48983,test,1,0.8996565580354762,1.0
C_48984,test,1,0.6286514857318327,1.0
C_48985,test,1,0.7330770906887727,1.0
C_48986,test,1,0.9513631157461971,1.0
C_48987,test,1,0.6565511961927025,1.0
C_48988,test,1,0.7982820582022381,1.0
C_48989,test,1,0.7184668644562955,1.0
C_48990,test,1,0.9553085420778912,1.0
C_48991,test,1,0.8768679525112407,1.0
C_48992,test,1,0.9291443402552315,0.9999858
C_48993,test,1,0.6382092739263386,1.0
C_48994,test,1,0.9916598136357307,0.9999701
C_48995,test,1,0.9896996324158437,0.99989796
C_48996,test,1,0.9939448887052211,1.0
C_48997,test,1,0.994808345584551,0.9998671
C_48998,test,1,0.9902106612641058,1.0
C_48999,test,1,0.9970282293035114,1.0
C_49000,test,1,0.9957813555573923,0.9999976
C_49001,test,1,0.993377206897815,0.99986005
C_49002,test,1,0.9932921913370208,1.0
C_49003,test,1,0.991285440525812,0.99999034
C_49004,test,1,0.990486145060322,0.9997651
C_49005,test,1,0.9965521920995292,0.99994314
C_49006,test,1,0.9930515948030292,0.9999682
C_49007,test,1,0.993369088152813,0.99939847
C_49008,test,1,0.99194802639046,0.9999633
C_49009,test,1,0.9949890096537154,0.9999839
C_49010,test,1,0.993638791526231,0.9998117
C_49011,test,1,0.9925499366381184,0.9999727
C_49012,test,1,0.9921028403812023,0.99998033
C_49013,test,1,0.9862253716966483,1.0
C_49014,test,1,0.997249479982481,0.9999995
C_49015,test,1,0.9980012509473632,0.99999607
C_49016,test,1,0.9930427875926168,0.9999914
C_49017,test,1,0.9894111606318956,0.99998605
C_49018,test,1,0.9919911075468452,1.0
C_49019,test,1,0.9882321466079335,0.9999678
C_49020,test,1,0.9925875984114663,0.9998087
C_49021,test,1,0.9945337105597429,0.99998283
C_49022,test,1,0.992563276936944,0.9999951
C_49023,test,1,0.9864122957733233,0.99981385
C_49024,test,1,0.9975104133561611,0.9999988
C_49025,test,1,0.9928862057619361,0.99995327
C_49026,test,1,0.9919911075468452,1.0
C_49027,test,1,0.9973679287352158,0.9999901
C_49438,test,1,0.9974307542755929,1.0
C_49439,test,1,0.9973960888945502,1.0
C_49440,test,1,0.9975972387509967,1.0
C_49441,test,1,0.9712655422717654,1.0
C_49442,test,1,0.9972157058836968,1.0
C_49443,test,1,0.9972157058836968,1.0
C_49444,test,1,0.9975369334565144,0.99984527
C_49445,test,1,0.9972157058836968,1.0
C_49446,test,1,0.9974307542755929,1.0
C_49447,test,1,0.9973960888945502,1.0
C_49448,test,1,0.9975369334565144,0.99987435
C_49449,test,1,0.9975762074025448,1.0
C_49450,test,1,0.9974307542755929,1.0
C_49451,test,1,0.9975762074025448,1.0
C_49452,test,1,0.9671207170090284,1.0
C_49453,test,1,0.9972157058836968,1.0
C_49454,test,1,0.9648949949831471,1.0
C_49455,test,1,0.9974307542755929,1.0
C_49456,test,1,0.9972157058836968,1.0
C_49457,test,1,0.9975762074025448,1.0
C_49458,test,1,0.9973960888945502,1.0
C_49459,test,1,0.9695893043011959,1.0
C_49460,test,1,0.9972157058836968,1.0
C_49461,test,1,0.9972157058836968,1.0
C_49462,test,1,0.9695893043011959,1.0
C_49463,test,1,0.9973733015190127,1.0
C_49464,test,1,0.9975972387509967,1.0
C_49465,test,1,0.9975762074025448,1.0
C_49466,test,1,0.9973960888945502,1.0
C_49467,test,1,0.9972157058836968,1.0
C_49468,test,1,0.997878703819604,0.99922097
C_49469,test,1,0.34364483383439254,1.0
C_49470,test,1,0.9972157058836968,1.0
C_49471,test,1,0.9694929604118615,0.9977556
C_49472,test,1,0.9973960888945502,1.0
C_49473,test,1,0.9976029279197003,1.0
C_49474,test,1,0.9712655422717654,1.0
C_49475,test,1,0.9980472818748768,0.99979717
C_49476,test,1,0.9976029279197003,1.0
C_49477,test,1,0.969190593298162,1.0
C_49478,test,1,0.9975762074025448,1.0
C_49479,test,1,0.9712655422717654,1.0
C_49480,test,1,0.9975972387509967,1.0
C_49481,test,1,0.9976029279197003,1.0
C_49482,test,1,0.9972157058836968,1.0
C_49483,test,1,0.9671207170090284,1.0
C_49484,test,1,0.9671207170090284,1.0
C_49485,test,1,0.969190593298162,1.0
C_49551,test,1,0.9826359124595574,0.91984385
C_49552,test,1,0.9477661272616879,0.9998989
C_49553,test,1,0.9900073826155648,0.9826645
C_49554,test,1,0.8593123493781593,0.9802177
C_49555,test,1,0.1034123664690934,0.12640722
C_49556,test,1,0.9693714406131445,0.22540282
C_49557,test,1,0.49009480451311277,0.965868
C_49558,test,1,0.10176833382386154,0.19031076
C_49559,test,1,0.1797202704226682,0.8434049
C_49560,test,1,0.24196260120824442,0.3063661
C_49561,test,1,0.9242165906090265,0.5742576
C_49562,test,1,0.3272467167957738,0.22783805
C_49563,test,1,0.4661293192741863,0.03327293
C_49564,test,1,0.5658504308939264,0.9926636
C_49565,test,1,0.8778309058887865,0.19367132
C_49566,test,1,0.07730757916632164,0.046661444
C_49567,test,1,0.8212180551235843,0.99952984
C_49568,test,1,0.18103433925697895,0.94902366
C_49569,test,1,0.9342750513981989,0.9867954
C_49570,test,1,0.2632941722636864,0.2777854
C_49571,test,1,0.8318298293693032,0.5164335
C_49572,test,1,0.5631878169181234,0.96099234
C_49573,test,1,0.9225827365707395,0.7498956
C_49574,test,1,0.9876614190587278,0.9976138
C_49575,test,1,0.5703731145926603,0.8079059
C_49576,test,1,0.6898171751552199,0.99489415
C_49577,test,1,0.7050567207842586,0.9656492
C_49578,test,1,0.9048990574601585,0.9546596
C_49579,test,1,0.9951849139067598,0.99601716
C_49580,test,1,0.9848668596844237,0.9987618
C_49581,test,1,0.7963147815292835,0.83087236
C_49582,test,1,0.9972715345898687,0.9999504
C_49583,test,1,0.9615364636054828,0.98501474
C_49584,test,1,0.8934429387807005,0.6957698
C_49585,test,1,0.8366366984220907,0.95564663
C_49586,test,1,0.845876440006907,0.99877685
C_49587,test,1,0.9273528767396847,0.9625616
C_49588,test,1,0.9737710579519806,0.9828341
C_49589,test,1,0.9461290481022521,0.93381035
C_49590,test,1,0.6950939643649852,0.24962816
C_49591,test,1,0.9171510187751458,1.0
C_49592,test,1,0.9785951034181344,0.9808363
C_49593,test,1,0.8812453256674033,0.9999572
C_49594,test,1,0.9549052615475602,0.984594
C_49595,test,1,0.7187850345044631,0.9368214
C_49596,test,1,0.7769288299353746,0.99966156
C_49597,test,1,0.9498748134860678,0.9837276
C_49598,test,1,0.6643835464928057,0.38303372
C_49599,test,1,0.9826669162730081,0.99558216
C_49600,test,1,0.46565954604573806,0.9910813
C_49601,test,1,0.9846688249498485,0.9999466
C_49602,test,1,0.923472336174694,0.61056906
C_49603,test,1,0.6024559955325351,0.68494374
C_49604,test,1,0.9927422642065564,0.9998342
C_49605,test,1,0.6295999375151856,0.0057774247
C_49606,test,1,0.975186551123658,0.9961569
C_49607,test,1,0.9458270877097672,0.9976949
C_49608,test,1,0.8516710652209705,0.9777739
C_49609,test,1,0.7632681022007018,0.9492617
C_49610,test,1,0.6295999375151856,0.034104
C_49611,test,1,0.9156699859984021,0.91237366
C_49612,test,1,0.9975645967199191,0.9997254
C_49613,test,1,0.3566363595885824,0.95213777
C_49614,test,1,0.9721999934001501,0.9999994
C_49615,test,1,0.9665437025387357,0.9998534
C_49616,test,1,0.945388536359443,0.8967238
C_49617,test,1,0.8806285471366603,0.9997236
C_49618,test,1,0.9880899776247258,0.996806
C_49619,test,1,0.8591600575658217,0.99999976
C_49620,test,1,0.9971604775187283,0.9978822
C_49678,test,1,0.5939338451879929,0.99999917
C_49679,test,1,0.42266065208286036,0.99999666
C_49680,test,1,0.11634640428412632,0.99999344
C_49681,test,1,0.15109501669279024,0.9999994
C_49682,test,1,0.6216045075229477,0.9999994
C_49683,test,1,0.10809543645186157,1.0
C_49684,test,1,0.6378511605849082,1.0
C_49685,test,1,0.9505477375874021,0.9999999
C_49686,test,1,0.7743997737568734,0.9999993
C_49687,test,1,0.3051896104696683,1.0
C_49688,test,1,0.17612488878848653,0.9999993
C_49689,test,1,0.417302791238784,0.9999975
C_49690,test,1,0.9788911241602769,0.9999995
C_49691,test,1,0.12616890614618587,0.9999889
C_49692,test,1,0.5102178843854908,0.99999964
C_49693,test,1,0.4682980865276621,1.0
C_49694,test,1,0.10073295924244528,0.9999956
C_49695,test,1,0.9759303682688159,1.0
C_49696,test,1,0.9854552185707713,0.99999976
C_49697,test,1,0.813265152283681,0.9999993
C_49698,test,1,0.723221068943993,0.99999976
C_49699,test,1,0.2996897437669136,0.9999993
C_49700,test,1,0.16186698010925993,0.99999297
C_49701,test,1,0.21468774941930152,1.0
C_49702,test,1,0.925351491156487,0.99999964
C_49703,test,1,0.41451447803666475,0.9999995
C_49704,test,1,0.9021124254746722,1.0
C_49705,test,1,0.5608352645709519,0.99999976
C_49706,test,1,0.9880071284919724,0.9999993
C_49707,test,1,0.17524127264342318,0.99999964
C_49708,test,1,0.523978997922913,0.99999
C_49709,test,1,0.9731801436833603,1.0
C_49710,test,1,0.5656899174244879,1.0
C_49711,test,1,0.09659228865554,0.9999852
C_49712,test,1,0.7696786380770839,1.0
C_49713,test,1,0.9894334201919799,0.9999999
C_49714,test,1,0.3587657582390222,0.9999995
C_49715,test,1,0.7255365779486748,1.0
C_49716,test,1,0.95457980689599,0.99999905
C_49717,test,1,0.8535701462118572,1.0
C_49718,test,1,0.8582164981255034,0.9999999
C_49719,test,1,0.8975065072839598,0.9999999
C_49720,test,1,0.8760603998439604,0.99999845
C_49721,test,1,0.7629425887543094,0.9999995
C_49722,test,1,0.23748536851854818,1.0
C_49723,test,1,0.13979154973036287,0.9999976
C_49724,test,1,0.8533345628266774,0.99999964
